Longhorn Lockpicking Club,357,https://www.meetup.com/lockpick/,US,TX
ISSA Los Angeles,729,https://www.meetup.com/ISSA-LA/,US,CA
OWASP New York City,3750,https://www.meetup.com/owaspnyc/,US,NY
D.C. Cyber Security Professionals,5741,https://www.meetup.com/DCCyberWarriors/,US,VA
Semiotics Web,580,https://www.meetup.com/SemioticsWeb/,US,NY
Capital Area Cyber Security User Group,1337,https://www.meetup.com/Capital-Area-Cyber-Security/,US,MD
Cybersecurity Innovation Forum at George Mason University,2714,https://www.meetup.com/Cybersecurity-Innovation-Forum/,US,VA
Women in Cybersecurity - Cyberjutsu - RaleighDurham,113,https://www.meetup.com/womenincybersecurity-raleighdurham/,US,NC
Women in Cybersecurity - Cyberjutsu - NY,249,https://www.meetup.com/Women-in-Cybersecurity-Information-Security-New-York/,US,NY
NovaInfosec.com Meetup,742,https://www.meetup.com/NovaInfosec-com-Meetup/,US,VA
OWASP Orange County,1078,https://www.meetup.com/OWASP-OC/,US,CA
NCC Group Security Open Forum - Austin,512,https://www.meetup.com/NCCOpenForumATX/,US,TX
Silicon Valley IT Security,360,https://www.meetup.com/Silicon-Valley-IT-Security/,US,CA
SF Cyber Security,490,https://www.meetup.com/SF-Cyber-Security/,US,CA
OWASP New Zealand Chapter - Auckland,234,https://www.meetup.com/OWASP-New-Zealand-Chapter-Auckland/,NZ,
"CyberTECH Cybersecurity, Blockchain, Cryptocurrency",2086,https://www.meetup.com/CyberTECH/,US,CA
D.C. Security Meetup,876,https://www.meetup.com/D-C-Security-Meetup/,US,VA
NYC CompSec,53,https://www.meetup.com/nyc-compsec/,US,NY
Turn To Tech,1501,https://www.meetup.com/TurnToTech/,US,NY
Open Source Security,575,https://www.meetup.com/OpenSecurity/,US,CA
London CompSec,302,https://www.meetup.com/london-compsec/,GB,17
mySec talk,227,https://www.meetup.com/mySec-talk/,HU,
South Florida ISSA Chapter,386,https://www.meetup.com/South-Florida-ISSA-Chapter/,US,FL
RTP Security + Beers,413,https://www.meetup.com/RTP-Security-Beers/,US,NC
RainSec,298,https://www.meetup.com/RainSec/,US,OR
Boston Network Security Meetup Group,206,https://www.meetup.com/Boston-Network-Security-Meetup-Group/,US,MA
Central Florida CISO & CSO Roundtable,107,https://www.meetup.com/CSO-CISO-Roundtable/,US,FL
Cork|Sec,956,https://www.meetup.com/CorkSec/,IE,
Tokyo Information Security Research Group,93,https://www.meetup.com/Tokyo-Information-Security-Automation-Research-Group/,JP,
ASIS Puget Sound - Security Industry MeetUp,72,https://www.meetup.com/ASIS-Puget-Sound-Security-Industry-MeetUp/,US,WA
FL Cyber Security Professionals,307,https://www.meetup.com/FLCyberWarriors/,US,FL
Decentralized Web Montreal,425,https://www.meetup.com/Decentralized-Web-Montreal/,CA,QC
Cybeer TLV - Cyber Security Meetups & Beer,595,https://www.meetup.com/Cybeer-TLV-Cyber-Security-Meetups-Beer/,IL,
Chandigarh Cyber Security Meetup,37,https://www.meetup.com/Chandigarh-Cyber-Security-Meetup/,IN,
Defcon Guwahati Information Security Meetup,146,https://www.meetup.com/Defcon-Guwahati-Information-Security-Meetup/,IN,
OWASP New Zealand Chapter - Christchurch,140,https://www.meetup.com/OWASP-New-Zealand-Chapter-Christchurch/,NZ,
Analytics & Technology Meetup Group,3662,https://www.meetup.com/Analytics-Technology-Meetup-Group/,CA,ON
SecDev Stockholm MeetUp,72,https://www.meetup.com/Security-Heroes/,SE,
Beijing Information Security Meetup,1,https://www.meetup.com/Beijing-Information-Security-Meetup/,CN,
Helsinki Security Meetup,363,https://www.meetup.com/Helsinki-Security-Meetup/,FI,
Cybercrime Activities Prevention Group(CAPG),88,https://www.meetup.com/CAPG-Blr/,IN,
Tel-Aviv Cybersecurity PMs Meetup,238,https://www.meetup.com/Tel-Aviv-Cybersecurity-PMs-Meetup/,IL,
Forward Secrecy,26,https://www.meetup.com/Forward-Secrecy/,IN,
Maryland and Washington Metro Bro users group,19,https://www.meetup.com/DC-Bro/,US,MD
Bay Area Cyber Security Meetup,3488,https://www.meetup.com/Bay-Area-Cyber-Security-Meetup/,US,CA
Internet Security Research Group of Philadelphia,164,https://www.meetup.com/Internet-Security-Research-Group-of-Philadelphia/,US,PA
Indonesian IT Security Conference (IDSecConf),620,https://www.meetup.com/Indonesian-IT-Security-Conference-IDSecConf/,ID,
Bay Area Cybersecurity Startups,958,https://www.meetup.com/Bay-Area-Cybersecurity-Startups/,US,CA
Girls Can Hack,310,https://www.meetup.com/GirlsCanHack/,US,CA
Pune Hacking & Security Group,232,https://www.meetup.com/Pune-Hacking-Security-Group/,IN,
The CyberDef Dojo,1034,https://www.meetup.com/cyberdefdojo/,US,TX
Silicon Valley Fuzzers,229,https://www.meetup.com/Silicon-Valley-Fuzzers/,US,CA
"All Technology (robots, electronics, IoT, security, etc.)",353,https://www.meetup.com/Tech-Montreal/,CA,QC
Houston Locksport,548,https://www.meetup.com/Houston-Locksport/,US,TX
Sinfonier-Project,225,https://www.meetup.com/Sinfonier-Project/,ES,
Tucson Computer Forensics and Information Security,177,https://www.meetup.com/Tucson-Computer-Forensics-and-Information-Security/,US,AZ
Cyber Security & IT Professionals,325,https://www.meetup.com/Cyber-Security-Professionals/,US,CA
Charlotte Black CyberSecurity Professionals,4,https://www.meetup.com/Charlotte-black-CyberSecurity-Professionals/,US,NC
Kolkata Information Security Meetup,128,https://www.meetup.com/Kolkata-Information-Security-Meetup/,IN,
Denver/Boulder Cybersecurity Meetup,467,https://www.meetup.com/Denver-Boulder-Cybersecurity-Meetup/,US,CO
Project SAFE: Sydney,102,https://www.meetup.com/ProjectSAFE-Sydney/,AU,
Bangalore Ethical Hacker Meetup,140,https://www.meetup.com/Bangalore-Ethical-Hacker-Meetup/,IN,
Digital Security: A Proactive Approach,79,https://www.meetup.com/Proactive-Enterprise-Security/,IN,
The Security of Things,2101,https://www.meetup.com/The-Security-of-Things/,US,MA
Washington D.C. Identity & Access Management User Group,413,https://www.meetup.com/D-C-Identity-Access-Management-User-Group/,US,DC
São Paulo Firewall Meetup,63,https://www.meetup.com/Sao-Paulo-Firewall-Meetup/,BR,
Lagos IT Security Group,249,https://www.meetup.com/lagoscybersecuritygroup/,NG,
SecTalks,1269,https://www.meetup.com/SecTalks/,AU,
Cyber Discovery Group - AGS,330,https://www.meetup.com/gocyber/,US,GA
Pune CompSec,35,https://www.meetup.com/pune-compsec/,IN,
Security Shell,598,https://www.meetup.com/SecShell/,US,PA
Women in Security Silicon Valley,95,https://www.meetup.com/Women-in-Security-Silicon-Valley/,US,CA
Null Singapore - The Open Security Community,1462,https://www.meetup.com/Null-Singapore-The-Open-Security-Community/,SG,
NoVA Saltstack,127,https://www.meetup.com/NoVA-Saltstack/,US,VA
Information Systems Security Assn. - Brussels EU Chapter,105,https://www.meetup.com/Information-Systems-Security-Assn-Brussels-EU-Chapter/,BE,
#MeraKrypto Göteborg,290,https://www.meetup.com/MeraKrypto-Goteborg/,SE,
Meetup Seguridad Informática México,45,https://www.meetup.com/Meetup-Seguridad-Informatica-Mexico/,MX,
Orange County ACM Chapter,1831,https://www.meetup.com/ACM-OC/,US,CA
SEASec East - Information Security Meetup,323,https://www.meetup.com/SEASec-East/,US,WA
Charm City Net Tech,424,https://www.meetup.com/Charm-City-Net-Tech/,US,MD
Toronto Area Venafi Users Group,1,https://www.meetup.com/Toronto-Area-Venafi-Users-Group/,CA,ON
Information Security Meetup Dublin,221,https://www.meetup.com/Information-Security-Meetup/,IE,
New England Small Business Security,89,https://www.meetup.com/New-England-Security-Professionals/,US,MA
CrikeyCon,137,https://www.meetup.com/CrikeyCon/,AU,
Sweden Digital Security and Privacy Meetup,182,https://www.meetup.com/Sweden-S-P-Meetup/,SE,
TandilSec,126,https://www.meetup.com/TandilSec/,AR,
IoT Security,526,https://www.meetup.com/cybersecuritytrends/,US,CA
Hamburg IT Security Meetup,118,https://www.meetup.com/Hamburg-IT-Security-Meetup/,DE,
International Cyber Threat Intelligence Cooperative,477,https://www.meetup.com/Cyber-Threat-Intelligence-Cooperative/,US,NY
Cyber Security Social Hour,164,https://www.meetup.com/CyberSecuritySocialHour-OC/,US,CA
Southern California Cybersecurity Professionals,237,https://www.meetup.com/Southern-California-Cyber-Security/,US,CA
Geneva Information Security & Risk Meetup,48,https://www.meetup.com/Geneva-Information-Security-Risk-Meetup/,CH,
ISSA France Security Tuesday Meetup,213,https://www.meetup.com/ISSA-France-Security-Tuesday-Meetup/,FR,
Fortified Professional Development,47,https://www.meetup.com/FCC-Pros/,US,VA
OWASP - Chapter Netherlands Meetup,344,https://www.meetup.com/OWASP-Chapter-Netherlands-Meetup/,NL,
Girls in Tech DC,405,https://www.meetup.com/girlsintech_dc/,US,DC
MC-Cyber Meetup,455,https://www.meetup.com/MC-Cyber-Meetup/,US,MD
SAP Security Meetup,50,https://www.meetup.com/SAP-Security-Meetup/,US,CA
Israel Security Incident Response Meetup,90,https://www.meetup.com/Israel-Security-Incident-Response-Meetup/,IL,
London Cyber Security,401,https://www.meetup.com/London-Cyber-Security/,GB,17
Seattle IPFS,101,https://www.meetup.com/seattle-ipfs/,US,WA
Cyber Security Berlin,275,https://www.meetup.com/Cyber-Security-Berlin-Meetup/,DE,
[CyberSecurity] Compliance & Futurology London,423,https://www.meetup.com/CyberSecurity-IoT-Hacking-Futurology-London/,GB,17
Server Appliance Strategies,49,https://www.meetup.com/Server-Appliance-Strategies-MBX-San-Jose/,US,CA
CyberInt Meetup,103,https://www.meetup.com/CyberInt-Meetup/,IL,
Cybereason Meetups,873,https://www.meetup.com/cybereason/,IL,
CryptoParty Belfast,373,https://www.meetup.com/CryptoParty-Belfast/,GB,R3
SOURCE Dublin,109,https://www.meetup.com/SOURCE-Dublin/,IE,
"Plattsburgh Hackers, Makers, & Mad Scientists",128,https://www.meetup.com/Plattsburgh-Hackers-Makers-Mad-Scientists/,US,NY
Charleston Cybersecurity Meetup,585,https://www.meetup.com/Charleston-Cyber-Security-Meetup/,US,SC
OWASP Poland,1855,https://www.meetup.com/owasp-poland/,PL,
Tidewater Information Security Professionals,93,https://www.meetup.com/Tidewater-InfoSec-Professionals/,US,VA
Hamburg Cryptoparty,236,https://www.meetup.com/Hamburg-Cryptoparty/,DE,
New York API Management & Security Meetup,50,https://www.meetup.com/New-York-API-Management-Security-Meetup/,US,NY
The Israel Tech Meetup,1939,https://www.meetup.com/The-Israel-Syndicate-Tel-Aviv-Meetup/,IL,
National Military Intelligence Association NCR Chapter,145,https://www.meetup.com/National-Military-Intelligence-Association-NCR-Chapter/,US,VA
Cyber Security SIG,215,https://www.meetup.com/CyberSecuritySIG/,US,CA
Risk Management Framework Lifeboat ISSA Education Group,378,https://www.meetup.com/NCR-Risk-Management-Framework-Lifeboat/,US,VA
Profesionales de Seguridad Informática (InfoSec),626,https://www.meetup.com/Medellin-Seguridad-Informatica-Meetup/,CO,
Cybersecurity DC,426,https://www.meetup.com/cybersecurity-dc/,US,DC
AT&T NYC Research Seminar Series,797,https://www.meetup.com/att-nyc-seminars/,US,NY
MD Cyber Meetup,702,https://www.meetup.com/Buy-MD-Cyber-BMC-Meetup/,US,MD
DEFCON Toronto (DC416),1492,https://www.meetup.com/DEFCON416/,CA,ON
London DevSecOps Meetup,850,https://www.meetup.com/London-DevSecOps-Meetup/,GB,17
London Cyber Security Meetup,223,https://www.meetup.com/London-Cyber-Security-Meetup/,GB,17
Charleston InfoSec Group,370,https://www.meetup.com/chsinfosec/,US,SC
Tidewater Information Security Meetup,256,https://www.meetup.com/Tidewater-Information-Security-Meetup/,US,VA
KrakWhiteHat,1669,https://www.meetup.com/KrakWhiteHat/,PL,
Santa Barbara OWASP Chapter,138,https://www.meetup.com/Santa-Barbara-OWASP-Chapter/,US,CA
OWASP Bristol (UK) Chapter,360,https://www.meetup.com/OWASP-Bristol/,GB,E6
Information Security Users Group,437,https://www.meetup.com/Information-Security-Users-Group/,US,IL
West Sound Techies,80,https://www.meetup.com/West-Sound-Technology-Assn-Meetup/,US,WA
Fort Walton Beach Creative Makers Place Meetup,15,https://www.meetup.com/Fort-Walton-Beach-Creative-Makers-Place/,US,FL
HackLab Bogotá,1160,https://www.meetup.com/HackLab-Bogota/,CO,
Baltimore Cybersecurity Networking,438,https://www.meetup.com/Baltimore-Cybersecurity-Networking/,US,MD
VEF - Vancouver Entrepreneurs Forum,446,https://www.meetup.com/Vancouver-Enterprise-Forum-VEF/,CA,BC
Sydney AWS Security User Group,1274,https://www.meetup.com/Sydney-AWS-Security-User-Group/,AU,
"IT-Security Stammtisch Frankfurt (OWASP, u.w.)",324,https://www.meetup.com/IT-Security-Stammtisch-Frankfurt-OWASP-u-w/,DE,
reStart Interview & Network Meetups,339,https://www.meetup.com/reStart-Interview-Network-Meetups/,US,MD
SecTalks Perth,305,https://www.meetup.com/SecTalks-Perth/,AU,
SecTalks Melbourne,1029,https://www.meetup.com/SecTalks-Melbourne/,AU,
Mobile Monday New York City,784,https://www.meetup.com/Mobile-Monday-New-York-City/,US,NY
San Diego Cybersecurity Immersion Group,166,https://www.meetup.com/San-Diego-Cybersecurity-Immersion-Group/,US,CA
OWASP Toronto,856,https://www.meetup.com/OWASP-Toronto/,CA,ON
New York Cybersecurity Group,401,https://www.meetup.com/New-York-Cybersecurity-Group/,US,NY
Southwest Florida IT Security Professionals,128,https://www.meetup.com/Southwest-Florida-IT-Security-Professionals/,US,FL
Michigan Security & Forensics,115,https://www.meetup.com/Michigan-Security-Forensics-Leadership-All-Domains/,US,MI
Cloud Security Alliance (Louisiana Chapter),127,https://www.meetup.com/CSALouisianaChapter/,US,LA
EvolveSec,2031,https://www.meetup.com/EvolveSec/,US,IL
Pune Splunker's,288,https://www.meetup.com/Pune-Splunkers/,IN,
MilSec,214,https://www.meetup.com/milsec/,US,WI
Linux Container Security,260,https://www.meetup.com/Linux-Container-Security/,US,CA
Threat Intelligence & Threat Hunting,256,https://www.meetup.com/Threat-Intelligence-and-Threat-Hunting/,US,GA
Colorado Springs Cybersecurity Meetup,644,https://www.meetup.com/Colorado-Springs-Cybersecurity-Meetup/,US,CO
Security MeetUp Scotland,1224,https://www.meetup.com/Security-MeetUp-Scotland/,GB,U8
IT Security for Small and Medium Business,141,https://www.meetup.com/IT-Security-for-Small-and-Medium-Business/,CA,ON
Columbus Information Security Meetup,87,https://www.meetup.com/Columbus-Information-Security-Meetup/,US,OH
SF Bay Area DFIR(Digital Forensics & Incident Response),361,https://www.meetup.com/SF-Bay-Area-DFIR/,US,CA
London IT Security Talks,493,https://www.meetup.com/London-IT-Security-Talks/,GB,17
Innovate Pasadena Cyber Happy Hour,427,https://www.meetup.com/Innovate-Pasadena-Cyber_Happy_Hour/,US,CA
devv.jobs Lietuva,192,https://www.meetup.com/devv-jobs-lietuva/,LT,
Boston Connected & Intelligent Device Meetup,504,https://www.meetup.com/Boston-Connected-Intelligent-Device-Meetup/,US,MA
Long Island IT Pros Network,149,https://www.meetup.com/Long-Island-IT-Pros-Network/,US,NY
Sacramento Ethical Hackers Guild,122,https://www.meetup.com/Sacramento-Ethical-Hackers/,US,CA
Cybersecurity Community,46,https://www.meetup.com/Cybersecurity-community/,CA,ON
Barcelona Cybersecurity,401,https://www.meetup.com/Barcelona-Cybersecurity/,ES,
Oslo Security Culture User Group (SCUG),86,https://www.meetup.com/Oslo-Security-Culture-User-Group-SCUG/,NO,
Meetup de [IN]Seguridad Informática en Aguascalien,16,https://www.meetup.com/Meetup-de-IN-Seguridad-Informatica-en-Aguascalientes/,MX,
OWASP Israel,1208,https://www.meetup.com/OWASP-Israel/,IL,
Cloud Security Alliance - Houston Chapter,254,https://www.meetup.com/CSAHoustonChapter/,US,TX
Mid Atlantic Cybersecurity Experts Meetup,110,https://www.meetup.com/MACEME/,US,MD
Brisbane Internet Safety Meetup,228,https://www.meetup.com/Brisbane-Internet-Safety-Meetup/,AU,
Bucharest Security Culture User Group (SCUG),97,https://www.meetup.com/Bucharest-Security-Culture-User-Group-SCUG/,RO,
Kingston Upon Thames Cyber Security Meetup,41,https://www.meetup.com/Kingston-Upon-Thames-Cyber-Security-Meetup/,GB,N7
"CyberTECH AI, Machine Learning and Robotics",203,https://www.meetup.com/cybertechemergingtech/,US,CA
London Computer Security Meetup,581,https://www.meetup.com/London-Computer-Security-Meetup/,GB,17
Cyberspectrum Melbourne,355,https://www.meetup.com/Cyberspectrum-Melbourne/,AU,
Swiss-CyberSecurity,694,https://www.meetup.com/Swiss-CyberSecurity/,CH,
0xC0FFEE Cape Town - Hacker Meetup,464,https://www.meetup.com/0xC0FFEE-Cape-Town-Hacker-Meetup/,ZA,
OWASP Costa Rica-The Open Web Application Security Project,287,https://www.meetup.com/OWASP-Costa-Rica-The-Open-Web-Application-Security-Project/,CR,
"IoT Security - How to trust these ""Things"" ?",325,https://www.meetup.com/iot-security/,FR,
Asia-Pacific Cyber-Security Meetup,208,https://www.meetup.com/Asia-Pacific-Cyber-Security/,SG,
Dutch Snort User Group,64,https://www.meetup.com/Dutch-Snort-User-Group/,NL,
Amsterdam Cloud & Container Security Meetup,221,https://www.meetup.com/Amsterdam-Cloud-Security-Meetup/,NL,
ClearedJobs.Net Polygraph Only Networking Events,175,https://www.meetup.com/ClearedJobs-Net-Polygraph-Only-Networking-Events/,US,MD
Salt Lake City Tech Security Ninjas,154,https://www.meetup.com/Salt-Lake-City-Tech-Security-Ninjas-Group/,US,UT
the Netherlands Security Culture User Group (SCUG),73,https://www.meetup.com/the-Netherlands-Security-Culture-User-Group-SCUG/,NL,
Sydney - Big Data for Cybersecurity folks,154,https://www.meetup.com/Sydney-Big-Data-for-Cybersecurity-folks/,AU,
InfoSec Happy Hour,392,https://www.meetup.com/infosec-happyhour/,US,WA
Annapolis Hacking & InfoSec Meetup,221,https://www.meetup.com/Annapolis-Hacking-Infosec-Meetup/,US,MD
SecSessions - Cybersecurity Meetup,843,https://www.meetup.com/SecSessions-Cybersecurity-Meetup/,IL,
CryptoAUSTRALIA Digital Self-Defence & Privacy,763,https://www.meetup.com/CryptoAUSTRALIA-Digital-Self-Defence-Privacy/,AU,
OWASP North Sweden,261,https://www.meetup.com/OWASP-North-Sweden/,SE,
Sydney Tech Academy,392,https://www.meetup.com/Sydney-Tech-Academy/,AU,
Protecting Tomorrow - Cybersecurity and more!,306,https://www.meetup.com/Protecting-Tomorrow/,US,CA
NCC Group Security Open Forum - Chicago,304,https://www.meetup.com/NCCGroupChicago/,US,IL
The DataTribe Cyber Security Meetup,475,https://www.meetup.com/The-DataTribe-Cyber-Security-Meetup/,US,MD
Information Systems and Security Association ISSA-SF Meetup,151,https://www.meetup.com/Information-Systems-and-Security-Association-ISSA-SF-Meetup/,US,CA
IT-PROS Bayern,178,https://www.meetup.com/IT-PROS-Bayern/,DE,
Defcon Russia (St. Petersburg),380,https://www.meetup.com/defcon-russia-St-Petersburg/,RU,
Exeter Computer Security Meetup,29,https://www.meetup.com/Exeter-Computer-Security-Meetup/,GB,D4
Hartford Cyber Security Meetup | OWASP,149,https://www.meetup.com/Hartford-Cyber-Security-Meetup-OWASP/,US,CT
IT-Security-Meetup Kassel,244,https://www.meetup.com/IT-Security-Kassel/,DE,
OC Emerging Technology Meetup,671,https://www.meetup.com/OC-Emerging-Technology-Meetup/,US,CA
Reston Area Cloud Security,501,https://www.meetup.com/Reston-Area-Cloud-Security/,US,VA
Grenoble Cybersecurity Meetup,366,https://www.meetup.com/Grenoble-Cybersecurity-Meetup/,FR,
Meetup - Sécurité TI Montréal,322,https://www.meetup.com/Meetup-Securite-TI-Montreal/,CA,QC
iTech Ottawa - IT Infrastructure Conference & Tradeshow,196,https://www.meetup.com/iTech-Ottawa-IT-Infrastructure-Conference-Trade-show/,CA,ON
Boston Security Meetup,1282,https://www.meetup.com/The-Boston-Security-Meetup/,US,MA
iTech Toronto - IT Infrastructure Conference & Tradeshow,724,https://www.meetup.com/iTech-Toronto-IT-Infrastructure-Conference-Tradeshow/,CA,ON
iTech Montreal - IT Infrastructure Conference & Tradeshow,312,https://www.meetup.com/iTech-Montreal-IT-Infrastructure-Conference-Tradeshow/,CA,QC
Amsterdam Data Protection & Privacy Meetup,80,https://www.meetup.com/Amsterdam-Data-Protection-Privacy-Meetup/,NL,
RFD IT Security Group,52,https://www.meetup.com/RFD-IT-Security-Group/,US,IL
ITCamp Community,500,https://www.meetup.com/ITCamp-Community/,RO,
Cybersecurity People @Bucharest,50,https://www.meetup.com/Cybersecurity-People-Bucharest/,RO,
Contactless technologies and innovation,356,https://www.meetup.com/Contactless-technologies-and-innovation/,US,CA
Colorado Alliance for Veteran Entrepreneurship,133,https://www.meetup.com/Denver-Veterans-in-Technology-Meetup/,US,CO
Cybersecurity People @Tallinn,41,https://www.meetup.com/Cybersecurity-People-Tallinn/,EE,
Security by Design,416,https://www.meetup.com/Security-by-Design/,US,VA
Valpo Hacks Meetup,231,https://www.meetup.com/Valpo-Hacks-Meetup/,US,IN
OsloSec,394,https://www.meetup.com/OsloSec/,NO,
JC Autonomous Vehicle Club,393,https://www.meetup.com/RoboticVehicles/,US,NY
Cybersecurity Forum for Small Business Leaders,181,https://www.meetup.com/Cybersecurity-Forum-for-Small-Business-Leaders/,US,DC
"Atlanta White Hat Hacking, The Acropolis Guard Meetup",50,https://www.meetup.com/Atlanta-White-Hat-Hacking-The-Acropolis-Guard-Meetup/,US,GA
Athens Security & Cryptography,256,https://www.meetup.com/Athens-Security-Cryptography/,GR,
Frankfurt Web Application Security Meetup,220,https://www.meetup.com/Frankfurt-Web-Application-Security-Meetup/,DE,
San Diego Cyberslingers,17,https://www.meetup.com/San-Diego-Cyberslingers/,US,CA
Beltway Hackers,312,https://www.meetup.com/Beltway-Hackers/,US,VA
TurkuSec,189,https://www.meetup.com/TurkuSec/,FI,
SOURCE Boston & Training,89,https://www.meetup.com/SOURCE-Boston-Training/,US,MA
Hack In Provence,413,https://www.meetup.com/Hack-In-Provence/,FR,
Melbourne Cybersecurity Meetup,777,https://www.meetup.com/Melbourne-Cybersecurity-Meetup/,AU,
Sydney Cybersecurity Meetup,300,https://www.meetup.com/Sydney-Cybersecurity-Meetup/,AU,
New Orleans Bitcoin Meetup,419,https://www.meetup.com/New-Orleans-Bitcoin-Meetup/,US,LA
Cloud Expo Asia in Hong Kong,299,https://www.meetup.com/Cloud-Expo-Asia-in-Hong-Kong/,HK,
Cybersecurity Auckland,145,https://www.meetup.com/Cybersecurity-Auckland/,NZ,
San Diego Sophos User Group,76,https://www.meetup.com/sdsophos/,US,CA
Brisbane Cybersecurity Meetup,122,https://www.meetup.com/Brisbane-Cybersecurity-Meetup/,AU,
OWASP Dublin,380,https://www.meetup.com/OWASP-Dublin/,IE,
North Bay Information Security Professionals Meetup,15,https://www.meetup.com/NBInfoSecProfessionals/,US,CA
Cyber Security Enthusiasts Club,175,https://www.meetup.com/Cyber-Security-Enthusiasts-Club/,IE,
AFCEA NY Founders,64,https://www.meetup.com/afceanyfounders/,US,NY
SecTalks London,476,https://www.meetup.com/SecTalks-London/,GB,17
HACKBAMA,332,https://www.meetup.com/HACKBAMA/,US,AL
Colombo White Hat Security,992,https://www.meetup.com/Colombo-White-Hat-Security/,LK,
Long Island Cybersecurity Meetup,110,https://www.meetup.com/meetup-group-iKmuLCch/,US,NY
ABC Open Space,174,https://www.meetup.com/abcopenspace/,BR,
Europe Predix  Meetup,829,https://www.meetup.com/GE-Europe-Predix-Meetup/,FR,
920Sec,168,https://www.meetup.com/920_Sec/,US,WI
Data Privacy & Protection Officers  - Europe,129,https://www.meetup.com/Data-Privacy-Protection-Officers-Europe/,FR,
ISSA of Hampton Roads,78,https://www.meetup.com/ISSA-Hampton-Roads/,US,VA
Chicago Cybersecurity Meetup,256,https://www.meetup.com/chicagosecurity/,US,IL
"NC3SKYT, Nordjylland",83,https://www.meetup.com/NC3skyt-Nordjylland/,DK,
Cyber Security for Seniors  (www.cs4sp.com),46,https://www.meetup.com/cs4sp-com/,US,NV
Check Point User Group in the DMV,95,https://www.meetup.com/Check-Point-User-Group-Meetup-DMV/,US,MD
Charlotte Check Point Users Group Meetup,27,https://www.meetup.com/Charlotte-Check-Point-Users-Group-Meetup/,US,NC
Sophos NYC User Group,99,https://www.meetup.com/Sophos-NYC-User-Group/,US,NY
Digitalisierung jetzt!,187,https://www.meetup.com/Digitalisierung-jetzt/,DE,
Women in Cybersecurity - Cyberjutsu - SoCal,57,https://www.meetup.com/SoCal-Women-in-Cybersecurity/,US,CA
Albany Chapter - Military Cyber Professionals Association,17,https://www.meetup.com/Albany-Chapter-Military-Cyber-Professionals-Association/,US,NY
OWASP Maine,76,https://www.meetup.com/OWASP-Maine/,US,ME
Cyber Study Group,288,https://www.meetup.com/Cyber-Study-Group/,US,MA
SecTalks Adelaide,150,https://www.meetup.com/SecTalks-Adelaide/,AU,
OWASP Women in Application Security (WIA) - Cyber Security,287,https://www.meetup.com/womeninappsec/,US,NY
Boise InfoSec Meetup,58,https://www.meetup.com/Boise-InfoSec-Meetup/,US,ID
Cryptography Study Group,67,https://www.meetup.com/Cryptography-Study-Group/,US,VA
St. Louis OWASP Chapter,209,https://www.meetup.com/OWASP-STL/,US,MO
Check Point CheckMates Ireland,162,https://www.meetup.com/Check-Point-User-Group-Ireland/,IE,
CiConnect 2016- make new connections in Silicon Valley,182,https://www.meetup.com/CiConnect-2016-make-new-connections-in-Silicon-Valley/,IL,
Academia do Hacker,2187,https://www.meetup.com/academiahacker/,BR,
Information security Brno,118,https://www.meetup.com/Information-security-Brno/,CZ,
Pune Network Security Meetup,284,https://www.meetup.com/Pune-Network-Security-Meetup/,IN,
Cyber Security Workshop,1316,https://www.meetup.com/Free-Cyber-Security-Training/,US,VA
AttackIQ-Tech-Talks,76,https://www.meetup.com/AttackIQ-Tech-Talks/,US,CA
IoT Nation™ | Philadelphia,166,https://www.meetup.com/iotnation-philadelphia/,US,PA
Sophos Network & Cloud Security Group - SF Bay Area,159,https://www.meetup.com/Sophos-Network-Security-Bay-Area/,US,CA
Sophos Southeast Partners,59,https://www.meetup.com/Sophos-South-East/,US,TN
DevSecOps,166,https://www.meetup.com/devsecops-sd/,US,CA
Sophos New England Partners,46,https://www.meetup.com/Sophos-NewEngland/,US,MA
InfoSec at Your Service,246,https://www.meetup.com/InfoSec-at-Your-Service/,US,MA
Glasgow Defcon DC44141,399,https://www.meetup.com/Glasgow-Defcon-DC44141/,GB,V2
STL CYBER Meetup,520,https://www.meetup.com/STL-CYBER-Meetup/,US,MO
Sophos PA Partners,4,https://www.meetup.com/Sophos-PA-Partners/,US,PA
"Cysinfo - Cyber Security Group, Bangalore",429,https://www.meetup.com/Cysinfo/,IN,
OWASP Philadelphia,223,https://www.meetup.com/OWASP-Philadelphia/,US,PA
Stockholm Computer Security Meetup,94,https://www.meetup.com/Stockholm-Computer-Security-Meetup/,SE,
Cyber Security Meetups,1000,https://www.meetup.com/cyber-security-meetups/,CA,ON
Sophos Network Security Meetup - Western Canada,95,https://www.meetup.com/Sophos-Network-Security-Meetup-Western-Canada/,CA,BC
Cybersecurity Talks,830,https://www.meetup.com/CyberSecurity-Talks/,GB,17
SecureWorld,73,https://www.meetup.com/SecureWorld/,US,OR
null & OWASP Mumbai Chapter,133,https://www.meetup.com/null-OWASP-Mumbai-Chapter/,IN,
Central NJ Infosec Meetup,258,https://www.meetup.com/Central-Jersey-Infosec-Meetup/,US,NJ
ITEN WIRED Meetup,167,https://www.meetup.com/ITEN-Wired-Meetup/,US,FL
OSINT Silicon Valley,81,https://www.meetup.com/OSINT-Silicon-Valley/,US,CA
"Bay Area Security, Risk and Compliance Professionals",134,https://www.meetup.com/Bay-Area-Security-Risk-and-Compliance-Professionals/,US,CA
AWS Swiss User Group – Zürich,397,https://www.meetup.com/AWS-Swiss-User-Group-Zurich/,CH,
simpleCrypto Academy,327,https://www.meetup.com/simpleCryptoAcademy/,US,CA
DevSecOps - Mountain View,211,https://www.meetup.com/DevSecOps-Mountain-View/,US,CA
Rise London FinTech,301,https://www.meetup.com/Rise-London-FinTech/,GB,17
OWASP Switzerland,256,https://www.meetup.com/OWASPSwitzerland/,CH,
North Country Information Security Professionals Meet Up,49,https://www.meetup.com/North-Country-Information-Security-Professionals-Meet-Up/,US,NY
InnovaGobMx,63,https://www.meetup.com/CiscoInnovaGobMx/,MX,
CyberSecurity Meetup - Helsinki,97,https://www.meetup.com/cybersec/,FI,
"Greater Washington, D.C. BDPA Meetup",53,https://www.meetup.com/Greater-Washington-BDPA-Meetup/,US,DC
Richmond Bitcoin and Blockchain,316,https://www.meetup.com/Richmond-Bitcoin-and-Blockchain/,US,VA
Atlanta Cyber Security Group,205,https://www.meetup.com/Atlanta-Cyber-Security-Group/,US,GA
"AlienVault Meetup - Atlanta, GA",50,https://www.meetup.com/AlienVault-Meetup-Atlanta-GA/,US,GA
Rust Oslo,227,https://www.meetup.com/Rust-Oslo/,NO,
Dubai Cybersecurity Meetup - Wisdom of Crowds,129,https://www.meetup.com/Dubai-Cybersecurity-Meetup-Wisdom-of-Crowds/,AE,
Taipei Data Analytics Meetup,27,https://www.meetup.com/Taipei-Data-Analytics-Meetup/,TW,
Meetup Professionnels africains de l'informatique,448,https://www.meetup.com/Meetup-Professionnels-africains-de-linformatique/,CA,QC
Cyber Security Practices for Smart Business,49,https://www.meetup.com/Cyber-Security-Practices-for-Smart-Business/,US,IN
Secure Austin,323,https://www.meetup.com/SecureAustin/,US,TX
Blockchain Porto Alegre,376,https://www.meetup.com/Blockchain-Porto-Alegre/,BR,
(ISC)² Maine Chapter,184,https://www.meetup.com/isc2mainechapter/,US,ME
0x0d1a,50,https://www.meetup.com/0x0d1a/,BR,
Learn Cybersecurity Denver,652,https://www.meetup.com/Learn-Cybersecurity-Denver/,US,CO
Bristol Cyber Security Meetup,209,https://www.meetup.com/Bristol-Cyber-Security-Meetup/,GB,B7
Digital Borders,81,https://www.meetup.com/Digital-Borders/,US,NC
Cybersecurity innovations: the next generation,189,https://www.meetup.com/Cybersecurity-innovations-the-next-generation/,IL,
SACON (Security Architecture Conference),49,https://www.meetup.com/SACON-Security-Architecture-Conference/,IN,
Splunk> Nashville,109,https://www.meetup.com/Splunk-Nashville/,US,TN
SAP Security & GRC Academy,299,https://www.meetup.com/SAP-Security-Academy/,IN,
Next Generation Communications Networks,231,https://www.meetup.com/Next-Generation-Communications-Networks/,US,VA
SecParis: Security Meetups in Paris,181,https://www.meetup.com/SecParis-Meetup/,FR,
hackers.tc,154,https://www.meetup.com/hackers-tc/,US,WA
Seattle Area Trust & Safety Meetup,1,https://www.meetup.com/Seattle-Area-Trust-Safety-Meetup/,US,WA
Oslo Security Systems Meetup,51,https://www.meetup.com/Oslo-Security-Systems-Meetup/,NO,
Smart City Hub,424,https://www.meetup.com/Smart-City-Seattle/,US,WA
Berlin Internet Security Group,314,https://www.meetup.com/Berlin-Internet-Security-Group/,DE,
East Africa Cyber Security Meetup,419,https://www.meetup.com/East-Africa-Cyber-Security-Meetup/,UG,
Camsec,117,https://www.meetup.com/Camsec/,GB,C3
Armadale Local Info-Tech  Meetup,56,https://www.meetup.com/Armadale-WA-Local-InfoTech-Meetup/,AU,
Manchester Grey Hats,326,https://www.meetup.com/Manchester-Grey-Hats/,GB,18
Threat Intel,22,https://www.meetup.com/Threat-Intel/,IN,
BSidesBLR,20,https://www.meetup.com/BSidesBLR/,IN,
San Diego Information Security Meetup,310,https://www.meetup.com/San-Diego-Information-Security-Meetup/,US,CA
Hong Kong 2600 Meetup,215,https://www.meetup.com/Hong-Kong-2600-Meetup/,HK,
IOActive's HACK::SOHO,226,https://www.meetup.com/IOActives-HACK-SOHO/,GB,17
DC401,151,https://www.meetup.com/defcon401/,US,RI
Seattle Women in Cyber Security and Info Security (SWiCSIS),519,https://www.meetup.com/Seattle-Women-in-Cyber-Security-and-Info-Security-SWiCSIS/,US,WA
White Hat Academy,1127,https://www.meetup.com/White-Hat-Academy/,US,DC
Cybersecurity Amsterdam,483,https://www.meetup.com/Cybersecurity-Amsterdam/,NL,
IT Halloween Costume Party,17,https://www.meetup.com/IT-Halloween-Costume-Party/,NL,
Evening With IOActive - Seattle,31,https://www.meetup.com/EveningWithIOActive/,GB,17
Data Privacy PDX,181,https://www.meetup.com/Data-Privacy-PDX/,US,OR
AFCEA Blue Angels Pensacola Chapter,34,https://www.meetup.com/AFCEA-Blue-Angels-Pensacola-Chapter/,US,FL
Cyber Security Warriors Networking Group,283,https://www.meetup.com/CyberWarriors/,US,VA
Orange County Sophos User Group,57,https://www.meetup.com/OCSophos/,US,CA
King George Cyber Security Group (KGCSG),53,https://www.meetup.com/King-George-Cyber-Security-Group/,US,VA
Budapest Hackersuli Meetup,700,https://www.meetup.com/Budapest-Hackersuli-Meetup/,HU,
"DC Cloud Computing for Business ""BizCloudTec""",118,https://www.meetup.com/BizCloudTec/,US,VA
Digital Roulette,169,https://www.meetup.com/digital-roulette/,GB,17
Copenhagen Fraud Detection & Prevention of Data Leakage,30,https://www.meetup.com/Copenhagen-Fraud-Detection-Prevention-of-Data-Leakage/,DK,
Peerlyst Tel Aviv Meetup,278,https://www.meetup.com/PeerlystTelAviv/,IL,
Ambition Cloud,16,https://www.meetup.com/AmbitionCloud/,NL,
Eugene Cybersecurity,118,https://www.meetup.com/Eugene-Cybersecurity/,US,OR
Hack The Valley %27,427,https://www.meetup.com/Hack-The-Valley-27/,US,CA
BeyondCorpSF,316,https://www.meetup.com/BeyondCorpSF/,US,CA
Cybersecurity Liechtenstein,67,https://www.meetup.com/Cybersecurity-Liechtenstein/,LI,
Online Security 4 Humans | Online Sicherheit für Menschen,58,https://www.meetup.com/Online-Security-4-Humans-Online-Sicherheit-fuer-Menschen/,DE,
Warszawska Grupa Użytkowników i Specjalistów Windows WGUiSW,481,https://www.meetup.com/WGUiSW/,PL,
Oakland InfoSec Meetup,106,https://www.meetup.com/Oakland-InfoSec-Meetup/,US,CA
CyberSecurity Córdoba,26,https://www.meetup.com/CyberSecurity-Cordoba/,AR,
OWASP Brasília Chapter,444,https://www.meetup.com/OWASPBSB/,BR,
"Las Vegas DevSecOps, Security as a Code",49,https://www.meetup.com/Las-Vegas-DevSecOps-Security-as-a-Code/,US,NV
Mobile Application Security (Presented by Data Theorem),126,https://www.meetup.com/DataTheorem/,US,CA
DMV Cyber Warfare Range,102,https://www.meetup.com/DMV-Cyber-Warfare-Range/,US,VA
DevSecOps Enthusiasts,124,https://www.meetup.com/Security-in-DevOps/,IN,
Cyber Risk Wednesday,50,https://www.meetup.com/Cyber-Risk-Wednesday/,US,DC
Bay Area CS Educators Meetup,130,https://www.meetup.com/Bay-Area-CS-Educators-Meetup/,US,CA
ITNEXT,737,https://www.meetup.com/ITNEXT/,NL,
N.E. Cyber Security Professionals,425,https://www.meetup.com/NECyberWarriors/,US,MA
Talk Tech with Annese,182,https://www.meetup.com/Talk-Tech-with-Annese/,US,NY
POISN,111,https://www.meetup.com/meetup-group-vtiSNsZr/,US,SC
Moviri Consulting Group,18,https://www.meetup.com/Moviri-Consulting-Group/,US,MA
Pacific Northwest Sophos User Group,6,https://www.meetup.com/Pacific-Northwest-Sophos-User-Group/,US,WA
Inside IT-Security,53,https://www.meetup.com/Inside-IT-Security/,CH,
Break into IT,118,https://www.meetup.com/nexgent/,US,CA
The HackerGround,712,https://www.meetup.com/The-HackerGround/,US,VA
OWASP Bucharest,267,https://www.meetup.com/OWASP-Bucharest/,RO,
Bangalore Artificial Intelligence & Cyber Security Meetup,350,https://www.meetup.com/Bangalore-Artificial-Intelligence-Cyber-Security-Meetup/,IN,
Startup Agile group - Bangkok,1128,https://www.meetup.com/Startup-Agile-Bangkok/,TH,
Chicago Digital Privacy Meetup,109,https://www.meetup.com/Chicago-Digital-Privacy-Meetup/,US,IL
Smash The Stack (Copenhagen),72,https://www.meetup.com/Smash-the-Stack-Copenhagen/,DK,
Hyderabad Cyber Security Group,264,https://www.meetup.com/Hyderabad-Cyber-Security-Group/,IN,
OWASP Karlsruhe,142,https://www.meetup.com/owasp-karlsruhe/,DE,
קהילת חברי איגוד האינטרנט הישראלי,298,https://www.meetup.com/ISOC-IL/,IL,
Cloud Computing SWARM Aschaffenburg,24,https://www.meetup.com/Cloud-Computing-SWARM-Aschaffenburg/,DE,
Sydney IAM User Group - State of Identity,62,https://www.meetup.com/stateofidentity/,AU,
Stockholm Data Protection and Privacy,75,https://www.meetup.com/Stockholm-Data-Protection-Privacy-Meetup/,SE,
BackEnd/DevOps PH,1204,https://www.meetup.com/BackEnd-DevOps-PH/,PH,
Cyber Security Standards,17,https://www.meetup.com/cyber-security-standards/,HK,
Providence Network Security Meetup,50,https://www.meetup.com/Providence-Network-Security-Meetup/,US,RI
La Sécurité globale par le Club des Jeunes Cadres en Sûreté,42,https://www.meetup.com/La-Securite-globale-par-le-Club-des-Jeunes-Cadres-en-Surete/,FR,
DEF CON 610,147,https://www.meetup.com/DEFCON610/,US,PA
Meetup Data Encryption & Classification (info GDPR),163,https://www.meetup.com/Meetup-Data-Encryption-GDPR/,FR,
East Bay Cloud Computing and Cyber Security Meetup (EB3CSM),266,https://www.meetup.com/EB3CSM/,US,CA
Mumbai Ethical Hacking Meetup,749,https://www.meetup.com/meetup-group-OhRgkAeP/,IN,
(ISC)² Toronto Chapter,245,https://www.meetup.com/ISC2-Toronto-Chapter/,CA,ON
GibSecAwk,20,https://www.meetup.com/GibSecAwk/,GB,B9
WebAppSec | Dublin,154,https://www.meetup.com/WebAppSec-Dublin/,IE,
GibSec,150,https://www.meetup.com/meetup-group-gib-sec/,GI,
Madrid Cyberspace,38,https://www.meetup.com/Madrid-Cyberspace/,ES,
ISSA Fort Worth,88,https://www.meetup.com/ISSA-Fort-Worth/,US,TX
LMG Security Tech Events,70,https://www.meetup.com/Digital-First-Responder-Training/,US,WA
DevSec,186,https://www.meetup.com/DevSec/,NL,
White Hat Hacking Meetup,50,https://www.meetup.com/Prague-White-Hat-Hacking-Meetup/,CZ,
SAE - SoCal,72,https://www.meetup.com/SAE-SoCal/,US,CA
DC505,158,https://www.meetup.com/defcon505/,US,NM
Colombo Secure Programming Meetup,1595,https://www.meetup.com/Colombo-Secure-Programming-and-Ethical-Hacking-Meetup/,LK,
Shodan User Group Oslo,38,https://www.meetup.com/Shodan-User-Group-Oslo/,NO,
Jersey City JPMorgan Chase & Co. Technology Events,515,https://www.meetup.com/Jersey-City-JPMorgan-Chase-Co-Technology-Events/,US,NJ
General Data Protection (GDPR) Meetup,172,https://www.meetup.com/GDPR-Meetup-UK/,GB,43
"Raleigh ISSA - Education, Technology, & InfoSec Meetup",358,https://www.meetup.com/RaleighISSA/,US,NC
CryptoParty Melbourne,252,https://www.meetup.com/CryptoParty-Melbourne/,AU,
ISSA International Global Special Interest Groups,129,https://www.meetup.com/ISSA-International-Global-Special-Interest-Groups/,US,VA
Secrets of Cloud Pros,120,https://www.meetup.com/Secrets-of-Cloud-Pros/,US,CA
GR-ISSA,49,https://www.meetup.com/meetup-group-yEWNtwVE/,US,MI
London AWS and Big Data Meetup,270,https://www.meetup.com/London-AWS-and-Big-Data-Meetup/,GB,17
Toronto Cloud Computing Meetup,148,https://www.meetup.com/meetup-group-HhVIrTdK/,CA,ON
WC-Sec,38,https://www.meetup.com/WC-Sec/,US,WI
Arizona Cyber Warfare Range,343,https://www.meetup.com/AZ-Cyber-Warfare-Range/,US,AZ
Analytics At Speed Hamburg,14,https://www.meetup.com/Kx-Community-Hamburg-Meetup/,DE,
Frontier Technology Meetup,307,https://www.meetup.com/Frontier-Technology/,IN,
"Per Scholas Free Technology Training - Silver Spring, MD",30,https://www.meetup.com/Per-Scholas-National-Capital-Region/,US,MD
Security Espresso,579,https://www.meetup.com/security-espresso/,RO,
Greater Montgomery County Mesh Networkers,12,https://www.meetup.com/Greater-Montgomery-County-Mesh-Networkers/,US,MD
ISACA Ireland Meetup Group,38,https://www.meetup.com/ISACA-Ireland-Meetup-Group/,IE,
CryptoAus Sydney: Privacy Talks and Workshops,347,https://www.meetup.com/CryptoAus-Sydney/,AU,
Software Security Bangalore,779,https://www.meetup.com/SoftwareSecurityBangalore/,IN,
Analytics At Speed Cluj,29,https://www.meetup.com/meetup-group-TxaIuXXp/,RO,
Analytics At Speed Istanbul,327,https://www.meetup.com/meetup-group-bOxApXaz/,TR,
MCPA - Tampa,6,https://www.meetup.com/MCPA-Tampa/,US,FL
Smash The Stack (Helsingborg),34,https://www.meetup.com/Smash-The-Stack-Helsingborg/,SE,
AWS Madison,216,https://www.meetup.com/madisonaws/,US,WI
Seguridad Informática Chile,195,https://www.meetup.com/SeguridadInformaticaChile/,CL,
Automotive Cyber Security Meetup,390,https://www.meetup.com/Automotive-Cyber-Security-Meetup/,IL,
AFCEA 東京 TOKYO,12,https://www.meetup.com/afceatokyo/,JP,
DefCon919,299,https://www.meetup.com/DefCon919/,US,NC
Analytics At Speed Perth,10,https://www.meetup.com/Kx-Community-Perth-Meetup/,AU,
OWASP New Jersey Central Chapter,171,https://www.meetup.com/OWASP-New-Jersey-Central-Chapter/,US,NJ
Boston DIG (Digital-Industrial Group),534,https://www.meetup.com/Boston-DIG-Digital-Industrial-Group/,US,MA
OWASP Inland Empire - Open Web Application Security Project,68,https://www.meetup.com/OWASP-Inland-Empire-Open-Web-Application-Security-Project/,US,CA
Capital Hack,147,https://www.meetup.com/Capital-Hack/,US,DC
theTransistor,140,https://www.meetup.com/utahtransistor/,US,UT
Hack Sydney,214,https://www.meetup.com/Hack-Sydney/,AU,
White Hat Lounge,43,https://www.meetup.com/whl-ga/,US,GA
IT-PROS Hessen,103,https://www.meetup.com/IT-PROS-Hessen/,DE,
IT-PROS Nordrhein-Westfalen,42,https://www.meetup.com/IT-PROS-Bonn/,DE,
Ankara Güvenlik Geceleri,442,https://www.meetup.com/Ankara-Guvenlik-Geceleri/,TR,
Software Security Netherlands,57,https://www.meetup.com/SoftwareSecurityNetherlands/,NL,
Digital Transformation (Reading),699,https://www.meetup.com/Digital-Transformation-In-Reading/,GB,03
Ontario Bar Association,156,https://www.meetup.com/ontariobarassociation/,CA,ON
Manuel Antonio Software Development and Startup Meetup,49,https://www.meetup.com/Quepos-Manuel-Antonio-Software-Development-Meetup/,CR,
Security meets Innovation,251,https://www.meetup.com/Security-meets-innovation/,PL,
Women in Tech NJ & NY,498,https://www.meetup.com/WomenInTechNJ-NY/,US,NJ
OWASP North Sweden in Örnsköldsvik,97,https://www.meetup.com/OWASP-North-Sweden-Ovik/,SE,
The Dublin Technology Leaders Society,433,https://www.meetup.com/Monthly-Meet-up-for-CIO-CTO-professionals/,IE,
Cqure for independent IT-security knowledge meetups & events,38,https://www.meetup.com/Cqure-ITsecurity-meetups-and-events/,NL,
Gotham City Security Meetup,303,https://www.meetup.com/Gotham-City-Security-Meetup/,US,NY
Digital Transformation (London),779,https://www.meetup.com/digital-transformation-in-london/,GB,17
The Global Institute for IT Management. Dubai,270,https://www.meetup.com/The-Global-Institute-for-IT-Management-Dubai/,AE,
CyberSecStudy Meetup,313,https://www.meetup.com/Washington-CISSP-Meetup/,US,DC
Cloud Sec Talks,42,https://www.meetup.com/Cloud-Sec-Talks/,BR,
Bitcoin & Blockchain Tech Meetup,481,https://www.meetup.com/blockchain-ge/,GE,
Florida Cyber Security Group (FLOSEC),128,https://www.meetup.com/Florida-Cyber-Security-Group-FLOSEC/,US,FL
Sydney Enterprise DevOps - SODA,228,https://www.meetup.com/DevOps-SODA/,AU,
Peerlyst Sydney - Let's talk about InfoSec!,96,https://www.meetup.com/Peerlyst-Sydney-Lets-talk-about-InfoSec/,AU,
Riga IT Security & Privacy,143,https://www.meetup.com/Riga-IT-Security-Privacy/,LV,
Dead Drop SF,534,https://www.meetup.com/Dead-Drop-SF/,US,CA
Rudder - Continuous Configuration & Auditing - France,64,https://www.meetup.com/Rudder-Continuous-Configuration-Auditing-France/,FR,
NCC Group Open Forum - Los Angeles,160,https://www.meetup.com/NCC-Group-Open-Forum-Los-Angeles/,US,CA
IT-Security,76,https://www.meetup.com/IT-Security/,DE,
Gestión de vulnerabilidades con tenable.io en Bogotá,37,https://www.meetup.com/Meetup-de-Seguridad-de-la-informacion-en-Bogota/,CO,
Information Security Rheinland Meetup,55,https://www.meetup.com/Cyber-Security-Rheinland-Meetup/,DE,
York Internet Of Things Meetup,122,https://www.meetup.com/York-Internet-Of-Things-Meetup/,GB,J7
Data Protection Forum (Belgium),166,https://www.meetup.com/dataprotection-belgium/,BE,
Commission Sécurité Eurocloud France,50,https://www.meetup.com/comsec/,FR,
Talk Tech with Annese in Albany,156,https://www.meetup.com/Talk-Tech-with-Annese-in-Albany/,US,NY
DEF CON 828,87,https://www.meetup.com/DEFCON-828/,US,NC
Chandigarh Web Security Meetup,288,https://www.meetup.com/Chandigarh-Web-Security-Meetup/,IN,
BlueHat Meetup- InfoSec and IR,857,https://www.meetup.com/BlueHatIL/,IL,
Commanding YARA,20,https://www.meetup.com/Commanding-YARA/,US,TX
Security is civic duty Berlin,60,https://www.meetup.com/Security-is-civic-duty-Berlin/,DE,
FUD-free Cloud,134,https://www.meetup.com/FUD-free-Cloud/,GB,17
Learn to Hack | Miami,361,https://www.meetup.com/Learn-to-Hack-Miami/,US,FL
DevOps Braga,259,https://www.meetup.com/DevOps-Braga/,PT,
Dublin Risk & Compliance Meetup,20,https://www.meetup.com/Dublin-Risk-Compliance-Meetup/,IE,
League of Women in Cybersecurity,176,https://www.meetup.com/League-of-Women-in-Cybersecurity/,US,NC
Privacy and digital security meetup,314,https://www.meetup.com/Privacy-and-digital-security-meetup/,CH,
Bangalore Cyber Security for Control Systems,167,https://www.meetup.com/Bangalore-Cyber-Security-for-Control-Systems/,IN,
Nerd Night - Augusta,462,https://www.meetup.com/NerdNightAGS/,US,GA
IEEE-NOLA Computer Society and Northshore CyberSec. Meetup,151,https://www.meetup.com/IEEE-NOLA-CS/,US,LA
Stockholm Information Security Meetup,33,https://www.meetup.com/Stockholm-Information-Security-Meetup/,SE,
How To Protect Your Privacy Online,50,https://www.meetup.com/How-To-Protect-Your-Privacy-Online/,US,NV
Nashville IAM Workshop Series Meetup,20,https://www.meetup.com/Nashville-IAM-Workshop-Series-Meetup/,US,TN
東京都 Ethical Hacker Meetup,35,https://www.meetup.com/%E6%9D%B1%E4%BA%AC%E9%83%BD-Ethical-Hacker-Meetup/,JP,
Austin Sophos Meetup,7,https://www.meetup.com/Austin-Sophos-Meetup/,US,TX
HackEd meetup group,506,https://www.meetup.com/HackEd-meetup-group/,US,VA
AWS Singapore Security Meetup,251,https://www.meetup.com/AWS-Singapore-Security-Meetup/,SG,
المجموعة السعودية لأمن المعلومات,1176,https://www.meetup.com/HemayaGroup/,SA,
NY Metro CSA,39,https://www.meetup.com/Cloud-Security-Alliance-NY-Metro/,US,NY
CYBER FRIDAY - Helsinki Cyber Security Talks & Networking,361,https://www.meetup.com/CYBER-FRIDAY-Helsinki-Cyber-Security-Talks-Networking/,FI,
CopenhagenSec,143,https://www.meetup.com/CopenhagenSec/,DK,
CyberDrivers - Boston,111,https://www.meetup.com/CyberDrivers-Boston/,US,MA
Data Privacy,73,https://www.meetup.com/Data-Privacy/,RO,
Healthcare IT Security,46,https://www.meetup.com/Healthcare-IT-Security/,US,MD
Cloudee Lounge,76,https://www.meetup.com/cloudeelounge/,RO,
externer Datenschutzbeauftragter Berlin,34,https://www.meetup.com/externer-Datenschutzbeauftragter-Berlin/,DE,
SoftServe-Austin,292,https://www.meetup.com/softserve-austin/,US,TX
Tampa Cybersecurity Meetup,429,https://www.meetup.com/Tampa-Cybersecurity-Meetup/,US,FL
Learn Cybersecurity Tampa,716,https://www.meetup.com/Learn-Cybersecurity-Tampa/,US,FL
New York Artificial Intelligence in FinTech Meetup,444,https://www.meetup.com/New-York-Artificial-Intelligence-in-FinTech-Meetup/,US,NY
Hacker Academy,276,https://www.meetup.com/Hacker-Academy/,NL,
Berlin Cloud Business Intelligence Meetup,57,https://www.meetup.com/Berlin-Cloud-Business-Intelligence-Meetup/,DE,
Learn Cybersecurity Colorado Springs,320,https://www.meetup.com/Learn-Cybersecurity-Colorado-Springs/,US,CO
Minneapolis Business & Technology Meetup,250,https://www.meetup.com/Denver-Business-Technology-Meetup/,US,MN
Colombo Identity & Access Management User Group,505,https://www.meetup.com/Colombo-Identity-Access-Management-User-Group/,LK,
Cybersecurity with Artificial Intelligence,238,https://www.meetup.com/Cybersecurity-with-Artificial-Intelligence/,IN,
HackMadrid %27,782,https://www.meetup.com/HackMadrid-27/,ES,
Cloud Security Munich,312,https://www.meetup.com/Cloud-Security-Munich/,DE,
San Juan White Hat Hacking Meetup,108,https://www.meetup.com/San-Juan-White-Hat-Hacking-Meetup/,US,PR
Diversity Matters - Inspiring Inclusion in the Workplace,223,https://www.meetup.com/Diversity-Matters-Inspiring-Inclusion/,GB,P8
DC4822 | Official Warsaw DEFCON Group,216,https://www.meetup.com/dc4822/,PL,
Seguridad Informática - Comunidad DragonJAR,109,https://www.meetup.com/Comunidad-DragonJAR/,CO,
Capítulo Colombia ISC2,50,https://www.meetup.com/Capitulo-Colombia-ISC2/,CO,
London GDPR - General Data Protection Regulation Meetup,467,https://www.meetup.com/London-GDPR-General-Data-Protection-Regulation-Meetup/,GB,17
CGI Federal Tech Meetup,299,https://www.meetup.com/CGI-Federal-Tech-Meetup/,US,DC
"Cyber Security, Ethical Hackers Meetup",10,https://www.meetup.com/Cyber-Security-Ethical-Hackers-Meetup/,IN,
(ISC)² Pittsburgh Chapter,223,https://www.meetup.com/ISC-Pittsburgh-Chapter/,US,PA
DFW Cloud Security,109,https://www.meetup.com/DFW-Cloud-Security/,US,TX
Techie Nights - Trusteer talks,441,https://www.meetup.com/Techie-Nights-Trusteer-talks/,IL,
Security Professionals & Pentesters Meet at Pentester Academy,102,https://www.meetup.com/Security-Professionals-Pentesters-Meet-Pentester-Academy/,US,CA
Brisbane AWS Security User Group,238,https://www.meetup.com/Brisbane-AWS-Security-User-Group/,AU,
Palo Alto Networks Partner Sales Engineers Houston,9,https://www.meetup.com/Palo-Alto-Networks-Partner-Sales-Engineers-Houston/,US,TX
SSASec,50,https://www.meetup.com/SSASec/,BR,
Montpellier Ethical Hacking Workshops,76,https://www.meetup.com/MontpellierEHW/,FR,
Jacksonville Network Security User Group,81,https://www.meetup.com/Jacksonville-Security-Users-Group/,US,FL
ILM Information Security Ecosystem,81,https://www.meetup.com/ILM-Information-Security-Ecosystem/,US,NC
Hack Tank,115,https://www.meetup.com/HackTank/,GB,17
We Protect PHX,362,https://www.meetup.com/We-Protect-PHX/,US,AZ
Cyber Security For Dummies,66,https://www.meetup.com/Cyber-Security-For-Dummies/,GB,17
Silicon Valley CyberSecurity Go To Market Dojo,321,https://www.meetup.com/Silicon-Valley-Go-To-Market-CyberDojo-Meetup/,US,CA
"Teach Me Technology, DFW",70,https://www.meetup.com/Teach-Me-Technology-DFW/,US,TX
Vancouver Cloud Security Alliance Meetup,158,https://www.meetup.com/Vancouver-Cloud-Computing-Meetup/,CA,BC
Palo Alto Networks User Group Houston,40,https://www.meetup.com/PaloAltoNetworksHouston/,US,TX
OPO.security,121,https://www.meetup.com/oposecurity/,PT,
The Koozpace Invaders,139,https://www.meetup.com/thekoozpace/,LB,
InfoSect,213,https://www.meetup.com/InfoSect/,AU,
London Cyber Security Group Meetup,86,https://www.meetup.com/London-Cyber-Security-Group-Meetup/,GB,17
0p3ns0urc3,370,https://www.meetup.com/0p3ns0urc3/,IN,
Security and Ethical Hacking Utrecht,79,https://www.meetup.com/Security-and-Ethical-Hacking-Utrecht/,NL,
Los Angeles Embedded Security Meetup,73,https://www.meetup.com/Los-Angeles-Embedded-Security-Meetup/,US,CA
Risk Oracle,219,https://www.meetup.com/Risk-Oracle/,SG,
Vancouver Digital Security Meetup,37,https://www.meetup.com/Vancouver-Digital-Security-Meetup/,US,WA
Boulder IT Network,84,https://www.meetup.com/Boulder-IT-Network/,US,CO
Security Research Group,44,https://www.meetup.com/Security-Research-Group/,IN,
DC Cyber Careers,508,https://www.meetup.com/DCCyberCareers/,US,VA
Melbourne AWS Security User Group,505,https://www.meetup.com/Melbourne-AWS-Security-User-Group/,AU,
The Data Series: GDPR for the C suite,59,https://www.meetup.com/The-Data-Series-GDPR-for-the-C-suite/,GB,17
"Teach Me Technology, STL",69,https://www.meetup.com/Teach-Me-Technology-STL/,US,MO
SANOF,54,https://www.meetup.com/SANOF1/,SA,
Orlando Information Security Meetup,36,https://www.meetup.com/Orlando-Information-Security-Meetup/,US,FL
North West IT Crowd Beer & BBQ Event,50,https://www.meetup.com/North-West-IT-Crowd-Beer-BBQ-Event/,GB,18
TechThursday@GEC,575,https://www.meetup.com/TechThursday-GEC/,IE,
Cyber Security & InfoSec Community,205,https://www.meetup.com/Cyber-Security-InfoSec-Community/,CA,ON
Seattle Web Security Meetup,271,https://www.meetup.com/Seattle-Web-Security-Meetup/,US,WA
Cyber Security Africa,345,https://www.meetup.com/Cyberafrica/,TZ,
Czech Innovation Festival & Startup Pitch,77,https://www.meetup.com/Czech-Innovation-Festival-Startup-Pitch-Berlin/,DE,
New York Cybersecurity Public Network,195,https://www.meetup.com/New-York-Cybersecurity-Meetup/,US,NY
FrankenSec,119,https://www.meetup.com/FrankenSec/,DE,
Philly- F5 User Group,23,https://www.meetup.com/F5-User-Group/,US,PA
CyberSecurity FlashBASH,74,https://www.meetup.com/CyberSecurity-FlashBASH/,US,TX
Denver Cybersecurity Meetup,404,https://www.meetup.com/denvercybersecurity/,US,CO
Boulder Cybersecurity Meetup,108,https://www.meetup.com/bouldercybersecurity/,US,CO
Network&WirelessMeetup,148,https://www.meetup.com/network-and-wireless-meetup/,PL,
OWASP Stuttgart Stammtisch,65,https://www.meetup.com/OWASP-Stuttgart-Stammtisch/,DE,
Analytics At Speed Detroit,8,https://www.meetup.com/Analytics-At-Speed-Detroit/,US,MI
Analytics At Speed Manchester NH,5,https://www.meetup.com/Kx-Manchester-NH/,US,NH
Eastern NC Security User Group,59,https://www.meetup.com/Eastern-NC-Security-User-Group/,US,NC
ZeroTrust,84,https://www.meetup.com/ZeroTrust/,US,NC
Advancing Arizona Athenas,82,https://www.meetup.com/Advancing-Arizona-Athenas/,US,AZ
Zagreb GDPR - General Data Protection Regulation Meetup,85,https://www.meetup.com/Zagreb-GDPR-General-Data-Protection-Regulation-Meetup/,HR,
Garage4hackers,44,https://www.meetup.com/Garage4hackers/,IN,
Cyber Risk in Sydney,418,https://www.meetup.com/Cyber-Risk-in-Sydney/,AU,
Cyber Security West London,117,https://www.meetup.com/Cyber-Security-West-London/,GB,17
CyberLaunch for Atlanta Cybersecurity Startups,186,https://www.meetup.com/CyberLaunch/,US,GA
NWA Information Security Meetup @nwainfosec,55,https://www.meetup.com/NWA-Information-Security-Meetup/,US,AR
Los Angeles Area Sophos Partners Group,31,https://www.meetup.com/Los-Angeles-Area-Sophos-Partners-Group/,US,CA
Tinder Presents: Flame Wars,175,https://www.meetup.com/Tinder-FlameWars/,US,CA
Cyber Threat Intelligence Cooperative (London),149,https://www.meetup.com/threat-intelligence-london/,GB,17
Internet Security for Older People,29,https://www.meetup.com/Internet-Security-for-Older-People-Meetup/,CA,ON
Atlanta McAfee Enterprise Users Group,19,https://www.meetup.com/Atlanta-McAfee-Users-Group/,US,GA
Talk Tech with Annese in White Plains,113,https://www.meetup.com/Talk-Tech-with-Annese-in-White-Plains/,US,NY
Charlotte McAfee Users Group,6,https://www.meetup.com/Charlotte-McAfee-Users-Group/,US,NC
CyBeer - Beer-fueled cybersecurity meetup,15,https://www.meetup.com/CyBeer/,HK,
Columbus GA McAfee Users Group,7,https://www.meetup.com/Columbus-GA-McAfee-Users-Group/,US,GA
Secrets of Cloud Pros TLV,104,https://www.meetup.com/Secrets-of-Cloud-Pros-TLV/,IL,
Information Security Social Networking group Drinks & Dinner,11,https://www.meetup.com/Information-Security-Social-Networking-group-Drinks-Dinner/,AU,
Information Security Awareness Meetup - Wellington,115,https://www.meetup.com/Wellington-Information-Security-Awareness-Meetup/,NZ,
ISSA Ottawa - The Information Security Meetup,220,https://www.meetup.com/ISSA-Ottawa/,CA,ON
"Tech L.E.N.D! - Learn, Educate, Network, Drink! - Tri-Cities",95,https://www.meetup.com/Tech-L-E-N-D-Learn-Educate-Network-Drink-Tri-Cities/,US,WA
Cybersecurity & Big data,105,https://www.meetup.com/Cybersecurity-Big-data/,DE,
Infosec & Awareness im Gesundheitswesen,21,https://www.meetup.com/Infosec-und-Datenschutz-im-Gesundheitswesen/,DE,
Tech Talks For Small Business Owners,18,https://www.meetup.com/Tech-Talks-Small-Business/,CA,ON
Talk5G,86,https://www.meetup.com/Talk5G/,GB,F2
Automotive Security Research Group (ASRG),260,https://www.meetup.com/Automotive-Security-Research-Group-ASRG/,DE,
Incident Orchestration,6,https://www.meetup.com/Incident-Orchestration/,NL,
Splunk AZ,159,https://www.meetup.com/Splunk-AZ/,US,AZ
Moscow Security Meetup,48,https://www.meetup.com/Moscow-Security-Meetup/,RU,
Seguridad informática,50,https://www.meetup.com/meetup-group-VduzRHuj/,MX,
Fort Mill IT Security Meetup,57,https://www.meetup.com/Fort-Mill-IT-Security-Meetup/,US,SC
Namur Cyber Security  Networking Event,31,https://www.meetup.com/Namur-Cyber-Security-Networking-Event/,BE,
"Lipsis Perú - Ciberseguridad, Software y Hardware Libre",464,https://www.meetup.com/Lipsis-Peru/,PE,
Greater NYC Sales Engineering Meetup.,2,https://www.meetup.com/Greater-NYC-Sales-Engineering-Meetup/,US,NY
Hybrid IT / Shadow IT,253,https://www.meetup.com/Hybrid-IT-Shadow-IT/,CL,
CIO / CTO Meetup Group,27,https://www.meetup.com/CIO-CTO-Meetup-Group/,US,NY
Bay Area Penetration Testers Meetup,50,https://www.meetup.com/Bay-Area-Penetration-Testers-Meetup/,US,CA
DC995322 - Tbilisi InfoSec Meetup,268,https://www.meetup.com/Tbilisi-InfoSec-Meetup/,GE,
Carlsbad Cybersecurity Meetup,116,https://www.meetup.com/Carlsbad-Cybersecurity-Meetup/,US,CA
CyberRangers@TW  Meetup,46,https://www.meetup.com/CyberRangers-TW-Meetup/,TW,
Operation Code: Fort Rucker,25,https://www.meetup.com/Operation-Code-Fort-Rucker/,US,AL
Hacking na veia,26,https://www.meetup.com/Hacking-na-veia/,BR,
Security Decoded Meetup (We've Moved!),6,https://www.meetup.com/Security-Decoded-Meetup/,SG,
Security Decoded Study and Discussion Group,90,https://www.meetup.com/Security-Decoded-Study-and-Discussion-Group/,SG,
Discussões/aprendizado sobre Segurança da Informação,50,https://www.meetup.com/Discussoes-aprendizado-sobre-Seguranca-da-Informacao/,BR,
TreSec,114,https://www.meetup.com/TreSec/,FI,
Women in Cybersecurity - Cyberjutsu - Las Vegas,39,https://www.meetup.com/womenscyberjutsuLV/,US,NV
Taller de Ethical Hacker,50,https://www.meetup.com/Taller-de-Ethical-Hacker/,MX,
Cursos preparatórios gratuitos para certificações,50,https://www.meetup.com/Certificacoes-IT-Governance-InfoSec-e-Cybersecurity-Risk/,BR,
Arlington Software Development Meetup,253,https://www.meetup.com/Arlington-Software-Development-Meetup/,US,VA
Arizona Cyber Security,215,https://www.meetup.com/Arizona-Cyber-Security/,US,AZ
Carolina Locksports,15,https://www.meetup.com/CarolinaLocksports/,US,NC
North Houston Information Security Group,6,https://www.meetup.com/The-Woodlands-Information-Security/,US,TX
Dublin Information Security for CISSP practitioners,180,https://www.meetup.com/Dublin-Information-Security-for-CISSP-practitioners/,IE,
(ISC)² Wichita Chapter Cyber Security Meetup,75,https://www.meetup.com/ISC-Wichita-Chapter-Cyber-Security-Meetup/,US,KS
Midwest Hybrid Cloud Adoption Meetup,31,https://www.meetup.com/Midwest-Hybrid-Cloud-Adoption-Meeting/,US,IL
Trust in Tech Cologne,238,https://www.meetup.com/Trust-in-Tech-Cologne/,DE,
The era of automated and orchestrated endpoint protection,29,https://www.meetup.com/Bostons-IT-Security-Minded-Professional/,US,MA
[Bitup] Meetup de Ciberseguridad,50,https://www.meetup.com/bitupalicante/,ES,
Penta Security Solutions,17,https://www.meetup.com/PentaMeets/,AR,
Cysense: The pulse of dark internet,5,https://www.meetup.com/Cysense-The-pulse-of-dark-internet/,CA,ON
IT Professionals Meetup (DC/VA/MD),203,https://www.meetup.com/IT-Professionals-Meetup/,US,MD
Silicon Valley Cybersecurity Meetup,316,https://www.meetup.com/Silicon-Valley-Cybersecurity-Meetup/,US,CA
Meetup de Hacking etico y ciberseguridad de Extremadura,49,https://www.meetup.com/Meetup-de-Hacking-etico-y-ciberseguridad-de-Extremadura/,ES,
Collaborative Hackers,16,https://www.meetup.com/Collaborative-Hackers/,US,FL
Data Protection Meetup (GDPR),53,https://www.meetup.com/Data-Protection-Meetup-GDPR/,DE,
DevSecOps Seattle,228,https://www.meetup.com/Seattle-DevSecOps/,US,WA
Bay Area CISSP Study Group,50,https://www.meetup.com/Bay-Area-CISSP-Study-Group/,US,CA
Winnipeg Cloud Security Alliance (CSA) Meet Up Group,49,https://www.meetup.com/Winnipeg-Cloud-Security-Alliance-CSA-Meet-Up-Group/,CA,MB
AWS Security Recruiting Meetup,106,https://www.meetup.com/AWS-Security-Recruiting-Meetup/,US,DC
Central Arkansas Hackers,183,https://www.meetup.com/Central-Arkansas-Hackers/,US,AR
KW Cyber Security Meetup,238,https://www.meetup.com/KW-Cyber-Security-Meetup/,CA,ON
UpGuard Bay Area Meetup,26,https://www.meetup.com/UpGuard-Bay-Area-Meetup/,US,CA
Cyber Security Certifications,48,https://www.meetup.com/Cyber-Security-Certifications/,US,VA
The Dark Corner - Palo Alto Hacking Group,184,https://www.meetup.com/The-Dark-Corner/,US,CA
Division Zero (Div0) – Singapore Infosec Community,642,https://www.meetup.com/div-zero/,SG,
Goldman Sachs Tech Talks Warsaw,318,https://www.meetup.com/Goldman-Sachs-Tech-Talks-Warsaw/,PL,
Cyber Security and IT Computer Group of Las Vegas,205,https://www.meetup.com/Cyber-Security-and-IT-Computer-Group-of-Las-Vegas/,US,NV
Amsterdam Cyber Risk Meetup,33,https://www.meetup.com/Amsterdam-Cyber-Risk-Meetup/,NL,
Irish Information Security Meetup,109,https://www.meetup.com/Irish-Information-Security-Meetup/,IE,
LA Sophos User Group,12,https://www.meetup.com/Los-Angeles-Sophos-User-Group/,US,CA
Trust in Tech Hamburg,27,https://www.meetup.com/Trust-in-Tech-Hamburg/,DE,
CISO IL Roundtable,75,https://www.meetup.com/CISO-IL-Roundtable/,IL,
Monero Self-help Group,48,https://www.meetup.com/Monero-Self-help-Group/,NL,
Entrepreneurial Opportunities in Cybersecurity,29,https://www.meetup.com/Entrepreneurial-Opportunities-in-Cybersecurity/,US,CA
Eau Claire InfoSec,103,https://www.meetup.com/ecinfosec/,US,WI
Acronis Technology Talks,282,https://www.meetup.com/Acronis-Events-Singapore/,SG,
SecTalks Ljubljana,106,https://www.meetup.com/SecTalks-Ljubljana/,SI,
London CyberArk Users Community,10,https://www.meetup.com/cyberark-users/,GB,17
CyberHackathon,120,https://www.meetup.com/CyberHackathon/,EE,
Art Design Numérique & Mode,39,https://www.meetup.com/Art-Design-Numerique-Mode/,FR,
Pittsburgh Cyber Security Meetup,59,https://www.meetup.com/Pittsburgh-Cyber-Security-Meetup/,US,PA
Ottawa Cyber Security Meetup,376,https://www.meetup.com/Ottawa-Cyber-Security-Meetup/,CA,ON
Security Manager,52,https://www.meetup.com/security-manager/,CH,
Hudson Valley InfoSec Group,58,https://www.meetup.com/HVInfoSec/,US,NY
Atlanta AFCEA Association,23,https://www.meetup.com/Atlanta-AFCEA-Association/,US,GA
New Mexico ISSA,45,https://www.meetup.com/New-Mexico-ISSA/,US,NM
Trust in Tech Meetup Munich,157,https://www.meetup.com/Trust-in-Tech-Meetup-Munich/,DE,
Cyber Security Professionals,87,https://www.meetup.com/meetup-group-gQstnSVK/,IN,
The Global Institute for IT Management. Paris,65,https://www.meetup.com/The-Global-Institute-for-IT-Management-Paris/,FR,
London Cyber Security Meet Up hosted by Capital One,474,https://www.meetup.com/London-Cyber-Capital-One/,GB,17
Data Security,101,https://www.meetup.com/meetup-datasecurity/,PL,
San Diego Cyber Security Social Hour,97,https://www.meetup.com/San-Diego-Cyber-Security-Social-Hour/,US,CA
Amsterdam Anti-Automation Web Security Meetup,11,https://www.meetup.com/Amsterdam-Anti-Automation-Web-Security-Meetup/,NL,
Naples Application Security Meetup,7,https://www.meetup.com/Naples-Application-Security-Meetup/,US,FL
Charlotte Network Security Meetup,88,https://www.meetup.com/Charlotte-Network-Security-Meetup/,US,NC
Calgary Cloud Security Alliance Meetup,33,https://www.meetup.com/Calgary-Cloud-Security-Alliance-Meetup/,CA,AB
New York Cybersecurity Innovation Meetup,75,https://www.meetup.com/New-York-Cybersecurity-Innovation-Meetup/,US,NY
Cyber Soiree  - Meet the East Coast Cyber Community,50,https://www.meetup.com/Cyber-Soiree-Meet-the-East-Coast-Cyber-Community/,US,MA
HackerGirls,91,https://www.meetup.com/HackerGirls/,CO,
Next-Gen Infosec Live @ Information Security North America,22,https://www.meetup.com/Next-Gen-Infosec-Live-Information-Security-North-America/,US,MA
Next-Gen Infosec Live @Infosecurity North America,24,https://www.meetup.com/Next-Gen-Infosec-Live-Infosecurity-North-America/,US,MA
"Barracuda Networks • Ransomware, Spearphishing, DKIM/DMARC",12,https://www.meetup.com/Barracuda-Networks-Ransomware-Spearphishing-DKIM-DMARC/,US,TX
Durango Infosec - Information Security/Ethical Hacking,19,https://www.meetup.com/Durango-Infosec-Information-Security-Ethical-Hacking/,US,CO
San Francisco Application Security Meetup,227,https://www.meetup.com/San-Francisco-Security-Meetup/,US,CA
Perth Monero Meetup,82,https://www.meetup.com/Perth-Monero-Meetup/,AU,
InfoSec and Cybersecurity Enthusiasts,29,https://www.meetup.com/InfoSec-and-Cybersecurity-Enthusiasts/,US,VA
Odense Hacking Group,89,https://www.meetup.com/Odense-Hacking-Group/,DK,
Bucharest Digital Rights Meetup,133,https://www.meetup.com/Bucharest-Digital-Rights-Meetup/,RO,
DeMystifying Security Workshop and USP forum formation,50,https://www.meetup.com/DeMystifying-Security/,IN,
Athens Data Protection Meetup,67,https://www.meetup.com/Athens-Data-Protection-Meetup/,GR,
Puyallup Hacking Meetup,23,https://www.meetup.com/Puyallup-Hacking-Meetup/,US,WA
Behavioural Biometrics -  IoT and AI,62,https://www.meetup.com/Behavioural-Biometrics-IoT-and-AI/,GB,17
Lean Coffee InfoSec,82,https://www.meetup.com/Lean-Coffee-InfoSec/,NZ,
Health Cybersecurity Summit,72,https://www.meetup.com/Health-Cybersecurity-Summit/,US,CA
NoTrustSec,133,https://www.meetup.com/NoTrustSec/,MX,
Information Security Professionals,8,https://www.meetup.com/IT-Professionals-Moxie-Kitchen-Worldwide-Whiskey-Tasting/,US,FL
Tampa Bay Cyber Security,189,https://www.meetup.com/Tampa-Bay-Cyber-Security/,US,FL
"Edison Technology (Security, Audits) Meetup - Security Lunch",23,https://www.meetup.com/Edison-Technology-Security-Audits-Meetup-Security-Lunch/,US,NJ
Citrix Meet the Architect – Zürich,43,https://www.meetup.com/Citrix-Meet-the-Architect/,CH,
Deja vu Security,53,https://www.meetup.com/Deja-vu-Security/,US,WA
Cyber Security - Learn skills to protect your privacy!,34,https://www.meetup.com/Central-Alberta-IoT-Meetup/,CA,AB
Singapore Cyber Security Meetup,146,https://www.meetup.com/SgCyberSecGrp/,SG,
Oraclize Meetup London,267,https://www.meetup.com/Oraclize-London-Meetup/,GB,17
Omaha Hackers,98,https://www.meetup.com/Omaha-Hackers/,US,NE
Securing Your Path,30,https://www.meetup.com/Securing-Your-Path/,US,NY
Canberra Cyber-Self-Defence,50,https://www.meetup.com/Canberra-Cyber-Self-Defence/,AU,
CyberSecurity Meetup - Malmö,41,https://www.meetup.com/CyberSecurityMalmo/,SE,
Broadgate Search Social,263,https://www.meetup.com/meetup-group-mjSPBkre/,GB,17
Evolution of SaaS Security and its Contribution to Engineers,99,https://www.meetup.com/Evolution-of-SaaS-Security-and-its-Contribution-to-Engineers/,IL,
Women in Information Security,41,https://www.meetup.com/Women-in-Information-Security/,AU,
Data Security Amsterdam,47,https://www.meetup.com/Data-Security-Amsterdam/,NL,
Secure ATL: Cyber Trends,73,https://www.meetup.com/Secure-ATL-Cyber-Trends/,US,GA
Tysons Corner Network Security Meetup,109,https://www.meetup.com/Tysons-Corner-Network-Security-Meetup/,US,VA
DevSecOps Madrid,51,https://www.meetup.com/DevSecOps-Madrid/,ES,
SinnerSchrader Hamburg,161,https://www.meetup.com/sinnerschrader-hamburg/,DE,
DevSecOps RVA,24,https://www.meetup.com/DevSecOps-RVA/,US,VA
Underexposed: Trust and Design,164,https://www.meetup.com/Underexposed-Trust-and-Design/,DE,
Basingstoke Network Security Meetup,4,https://www.meetup.com/Basingstoke-Network-Security-Meetup/,GB,P8
EvolveSec - LA Cyber Security,192,https://www.meetup.com/EvolveSec-LA-Cyber-Security/,US,CA
Vancouver Cyber Security Meetup,27,https://www.meetup.com/Vancouver-Cyber-Security-Meetup/,CA,BC
Fort Lauderdale Managed Services Meetup,19,https://www.meetup.com/Fort-Lauderdale-Managed-Services-Meetup/,US,FL
The IT Crowd,56,https://www.meetup.com/meetup-group-thMjhlBG/,US,IL
DevSecOps - London Gathering,398,https://www.meetup.com/DevSecOps-London-Gathering/,GB,17
The India Israel Cyber Alliance Community,55,https://www.meetup.com/India-Israel-Cyber-Alliance-Community/,IL,
TECHbreakFast by Asseco #Warszawa,296,https://www.meetup.com/TECHbreakFast-by-Asseco-Warszawa/,PL,
Cloud Hosting and Cybersecurity Meetup - Spain,175,https://www.meetup.com/Cloud-Hosting-and-Cybersecurity-Meetup/,ES,
TallinnSec,173,https://www.meetup.com/TallinnSec/,EE,
Meetup de Seguridad web en Santa Marta,33,https://www.meetup.com/Meetup-de-Seguridad-web-en-Santa-Marta/,CO,
HOUSec (Houston Cyber+Network Security),162,https://www.meetup.com/meetup-group-SHUlRHog/,US,TX
Liberia CyberSecurity Community,73,https://www.meetup.com/liberia-cybersecurity-community/,LR,
Monero Meetup Melbourne,106,https://www.meetup.com/Monero/,AU,
Microsoft Community IL,255,https://www.meetup.com/Microsoft-Community/,IL,
Chennai Cybersecurity Meetup,31,https://www.meetup.com/Chennai-Cybersecurity-Meetup/,IN,
Lassen Technology Group,5,https://www.meetup.com/Lassen-Technology-Group/,US,CA
BeyondCorpBOSTON,90,https://www.meetup.com/BeyondCorpBOSTON/,US,MA
Azure Security Meetup,12,https://www.meetup.com/Azure-Security-Meetup/,JP,
Get your Training and Certifications for Free!!!,98,https://www.meetup.com/Learn_to_Code_for_Free_in_SouthFlorida/,US,FL
BeyondCorpNYC,172,https://www.meetup.com/BeyondCorpNYC/,US,NY
BeyondCorpSEATTLE,109,https://www.meetup.com/BeyondCorpSEATTLE/,US,WA
Bangalore Offensive Security Meetup,175,https://www.meetup.com/offsecblr/,IN,
Austin EMC Data Protection Meetup,3,https://www.meetup.com/Austin-EMC-Data-Protection-Meetup/,US,TX
OWASP München Stammtisch,123,https://www.meetup.com/OWASP_Muenchen_Stammtisch/,DE,
AI Serbia Meetup,656,https://www.meetup.com/AI-Serbia-Meetup/,RS,
Tallinn Cybersecurity Meetup,96,https://www.meetup.com/Tallinn-Cybersecurity-Meetup/,EE,
AWS Cloud and Security,173,https://www.meetup.com/AWS-Cloud-Security/,PK,
D.C. Cyber Women of Color,38,https://www.meetup.com/D-C-Cyber-Women-of-Color/,US,DC
Bilişim Güvenliği Derneği Teknoloji Buluşmaları,493,https://www.meetup.com/Bili%C5%9Fim-Guvenli%C4%9Fi-Derne%C4%9Fi-Teknoloji-Bulu%C5%9Fmalar%C4%B1/,TR,
SecuriTchê,50,https://www.meetup.com/SecuriTche/,BR,
Chicago Information Security Meetup,48,https://www.meetup.com/meetup-group-bwmgxAje/,US,IL
Birmingham Cyber Security Meetup,18,https://www.meetup.com/BirminghamCyberSecurity/,GB,43
OWASP London,229,https://www.meetup.com/OWASP-London/,GB,17
Ankara OWASP Meetup,152,https://www.meetup.com/Ankara-OWASP-Meetup/,TR,
Tech Talks: Focus on Cyber Security - Inviting Ottawa SMB,50,https://www.meetup.com/ottawatechtalks/,CA,ON
Vancouver Networking for Tech Job Seekers,193,https://www.meetup.com/Vancouver-Networking-for-Tech-Job-Seekers/,US,WA
CyBEER Cybersecurity meetup,50,https://www.meetup.com/CyBEER-security-meet-up/,VN,
ORG Norwich,47,https://www.meetup.com/ORG-Norwich/,GB,I9
Meetup cybersecurity insights*,98,https://www.meetup.com/Meetup-CYBERSECURITY-Insights/,FR,
Hyderabad Network Security Group,21,https://www.meetup.com/Hyderabad-Network-Security-Meetup/,IN,
Data Security Berlin,84,https://www.meetup.com/Data-Security-Berlin/,DE,
Long Island Cybersecurity Professional Growth Meetup,50,https://www.meetup.com/Long-Island-Cybersecurity-Professional-Growth-Meetup/,US,NY
Jupiter White Hat Hacking Meetup,10,https://www.meetup.com/Jupiter-White-Hat-Hacking-Meetup/,US,FL
Squareroots,20,https://www.meetup.com/Squarerootz/,DE,
Information Security and Privacy - Meet to Become an Expert,50,https://www.meetup.com/Information-Security-and-Privacy-Professional-Development/,CA,ON
SD - Digital Forensics and Incident Responders,37,https://www.meetup.com/SD-Digital-Forensics-and-Incident-Responders/,US,CA
Riga Cybersecurity Meetup,41,https://www.meetup.com/Riga-Cybersecurity-Meetup/,LV,
Vilnius Cybersecurity Meetup,61,https://www.meetup.com/Vilnius-Cybersecurity-Meetup/,LT,
DevSecOps Sydney,261,https://www.meetup.com/DevSecOps-Sydney/,AU,
Bay Area Open Source Bro Meetup,77,https://www.meetup.com/Bay-Area-Bro-Security-Meetup/,US,CA
The Germany Israel Cyber Community,82,https://www.meetup.com/The-Germany-Israel-Cyber-Comunity/,IL,
Databeskyttelse og Informationssikkerhed Aalborg,23,https://www.meetup.com/Databeskyttelse-og-Informationssikkerhed-Aalborg/,DK,
Microsoft DFW Technical community,225,https://www.meetup.com/DFW-Microsoft-Technical-community/,US,TX
More-IT-OS,80,https://www.meetup.com/More-IT-OS/,FR,
Ping Identity User Group - Twin Cities,15,https://www.meetup.com/pingidentitytwincities/,US,MN
Cyber Security Group Meetup,100,https://www.meetup.com/Bangalore-Cyber-Security-Meetup/,IN,
Cyber Scotland Connect,141,https://www.meetup.com/cyber_scotland_connect/,GB,U8
IT security self study and sharing,31,https://www.meetup.com/IT-security-self-study-and-sharing/,KR,
Cloud Security Alliance - Delaware Valley (CSA-DV),106,https://www.meetup.com/Cloud-Security-Alliance-Delaware-Valley-CSA-DV/,US,PA
Silicon Valley Cyber Security Meetup,434,https://www.meetup.com/siliconvalleysecurity/,US,CA
Cyber Security for beginners.,61,https://www.meetup.com/meetup-group-keKHJaBh/,IN,
Rostocker Technology Meetup,37,https://www.meetup.com/Rostocker-Technology-Meetup/,DE,
New York Cloud and Security Meetup,156,https://www.meetup.com/New-York-Cloud-Security-Meetup/,US,NY
Cyberspectrum: Canberra SDR,44,https://www.meetup.com/Cyberspectrum-Canberra-SDR/,AU,
Cloud Hosting and Cybersecurity Meetup - Germany,93,https://www.meetup.com/Cloud-Hosting-and-Cybersecurity-Meetup-Germany/,DE,
Exploit Hour,45,https://www.meetup.com/Exploit-Hour/,US,CA
Let's speak about cyber security @,418,https://www.meetup.com/Lets-speak-about-cyber-security/,EE,
Modern SMB Tech Talk,44,https://www.meetup.com/Modern-SMB-Tech-Talk/,US,NY
Washington Biometric Meetup,6,https://www.meetup.com/Washington-Biometric-Meetup/,US,NV
IT Infrastructure & Security Alliance,445,https://www.meetup.com/IT-Infrastructure-security-alliance/,NL,
Vancouver Computer Security,97,https://www.meetup.com/Vancouver-Computer-Security/,CA,BC
Modern Small/Medium/non-profit Biz Meetup,50,https://www.meetup.com/Modern-Small-Medium-non-profit-Biz-Meetup/,US,NJ
DC2721,48,https://www.meetup.com/DC2721/,ZA,
PDXDefenders,21,https://www.meetup.com/PDXDefenders/,US,OR
E-Commerce GDPR & InfoSec Think Tank,18,https://www.meetup.com/E-Commerce-GDPR-InfoSec-Think-Tank/,DE,
Statebox,35,https://www.meetup.com/Statebox/,NL,
InfoSec Dublin,127,https://www.meetup.com/InfoSec-Dublin/,IE,
(ISC)2 NOVA Chapter,102,https://www.meetup.com/ISC-2-NOVA-Chapter/,US,VA
ON2IT,19,https://www.meetup.com/on2itsecurity/,NL,
Long Island Beer and Cybersecurity,53,https://www.meetup.com/Long-Island-Beer-and-Cybersecurity/,US,NY
New York Nexus Meetup,91,https://www.meetup.com/New-York-Nexus-Meetup/,US,NY
Irving Lunch N' Learn for IT Professionals,50,https://www.meetup.com/Irving-Artificial-Intelligence-Meetup/,US,TX
Techedin,108,https://www.meetup.com/Techedin/,AU,
Veracode DevSecOps London Meetup,58,https://www.meetup.com/Veracode-DevSecOps-Meetup-London/,GB,17
Infosec Greater Toronto Area (GTA),43,https://www.meetup.com/Infosecgta/,CA,ON
Cybersecurity 4 Every1,20,https://www.meetup.com/Cybersecurity-4-Every1/,US,PA
Check Point Houston User Group,2,https://www.meetup.com/Check-Point-Houston-User-Group/,US,TX
Ann Arbor Cyber Security,50,https://www.meetup.com/Ann-Arbor-Cyber-Security/,US,MI
CyberSecurity and Survivability Talks and Events,30,https://www.meetup.com/CyberSecurity-vs-Survivability-Talks-and-Events/,GB,17
Brainbabe Ambassadors,94,https://www.meetup.com/Brainbabe-Ambassadors/,US,CA
PenTest Ladies KE,45,https://www.meetup.com/PenTest-Ladies-KE/,KE,
Hacker Powered Security Meetup,76,https://www.meetup.com/Hacker-Powered-Security-Meetup/,NL,
iCAST Discussion Group,3,https://www.meetup.com/iCAST-Discussion-Group/,HK,
Cyber Security Venezia Meetup,31,https://www.meetup.com/CyberSecurity-Venezia_Meetup/,IT,VE
DEF CON Riyadh Group,113,https://www.meetup.com/defconriyadh/,SA,
"Cyber Warfare, Cyber Terrorism and Cyber Crime Talks",50,https://www.meetup.com/Cyber-Warfare-Cyber-Terrorism-and-Cyber-Crime/,GB,17
/usr/space Leobersdorf,4,https://www.meetup.com/usr-space/,AT,
Cybersecurity Awareness,11,https://www.meetup.com/meetup-group-hFXNyfwB/,US,FL
Hands on Cloud Infrastructure,88,https://www.meetup.com/Hands-on-Cloud-Infrastructure/,US,VA
Melbourne Splunk Security Meetup,15,https://www.meetup.com/Melbourne-Splunk-Security-Meetup/,AU,
Cyberworks Meetup,84,https://www.meetup.com/Cyberworks-Academy-Meetup/,US,GA
OWASP Sioux Falls,26,https://www.meetup.com/OWASP-Sioux-Falls/,US,SD
"Security, Privacy, Ethics & Moral Obligations in Society",2,https://www.meetup.com/Security-Privacy-Ethics-Moral-Obligations-in-Society/,IT,RM
Sydney Bigdata-AWS Meetup group,60,https://www.meetup.com/Sydney-Bigdata-AWS-Meetup-group/,AU,
Melbourne Bigdata/AWS  Meetup Group,75,https://www.meetup.com/Melbourne-Bigdata-AWS-Meetup-Group/,AU,
Reno Cyber Security Meetup,34,https://www.meetup.com/meetup-group-DMELtbkL/,US,NV
Blockchain3D,101,https://www.meetup.com/Blockchain3D/,US,IL
Cyber Risk in Melbourne,143,https://www.meetup.com/Cyber-Risk-in-Melbourne/,AU,
App security for developers,39,https://www.meetup.com/App-security-for-developers/,GB,17
CISO Network South Florida,14,https://www.meetup.com/CISO-Network-South-Florida/,US,FL
Security Ladies' Night,19,https://www.meetup.com/Security-Ladies-Night/,US,TX
iOS App Security - Development Best Practices,33,https://www.meetup.com/iOS-App-Security-Development-Best-Practices/,DE,
DEFCON910,20,https://www.meetup.com/defcon910/,US,NC
Sector443 Labs,50,https://www.meetup.com/sector443/,IN,
Midwest Open Source Bro Meetup,40,https://www.meetup.com/Midwest-Open-Source-Bro-Meetup/,US,MO
Cyber Security Workshops,78,https://www.meetup.com/Cyber-Security-Workshops/,FI,
Southeastern WI Locksport,15,https://www.meetup.com/sewi_locksport/,US,WI
Silicon Valley Identity Defined Security Alliance,23,https://www.meetup.com/Silicon-Valley-Identity-Defined-Security-Alliance/,US,CA
Denton Network Security Meetup,22,https://www.meetup.com/Denton-Network-Security-Meetup/,US,TX
Hackers BA,211,https://www.meetup.com/HackersBA/,AR,
Analytics At Speed Monterrey,51,https://www.meetup.com/Analytics-At-Speed-Monterrey/,MX,
DC42 - Sydney,94,https://www.meetup.com/DC42-Sydney/,AU,
Journey to the Cloud,34,https://www.meetup.com/Journey-to-the-Cloud/,US,NJ
Hamburg macht Datenschutz,74,https://www.meetup.com/Datenschutz-in-Unternehmen/,DE,
Cybersecurity Darmstadt – Think n' Drink,25,https://www.meetup.com/Cybersecurity-Darmstadt-Think-n-Drink/,DE,
(ISC)2 Sydney Chapter,92,https://www.meetup.com/ISC-2-Sydney-Chapter/,AU,
M1Con,48,https://www.meetup.com/meetup-group-MsiOIcyg/,GB,18
Cloud Governance Meetup - Amsterdam,36,https://www.meetup.com/Cloud-Governance-Meetup-Amsterdam/,NL,
CSNWP PDX,17,https://www.meetup.com/CSNWP-PDX/,US,OR
Bristol and Bath Cyber,197,https://www.meetup.com/BristolandBathCyber/,GB,B7
ManageEngine's Cybersecurity Meetups,11,https://www.meetup.com/Orlando-Cybersecurity-Meetup-Lets-be-armed/,US,FL
Orlando Cybersecurity Meetup,7,https://www.meetup.com/Orlando-Cybersecurity-Meetup/,US,FL
H4X - Lets Hack,58,https://www.meetup.com/H4X-Lets-Hack/,ZA,
Learn Ethical Hacking & Penetration Testing,63,https://www.meetup.com/Learn-Ethical-Hacking-Penetration-Testing/,NZ,
Los Angeles Web Security Meetup,35,https://www.meetup.com/Los-Angeles-Web-Security-Meetup/,US,CA
Los Angeles New Technology Meetup,36,https://www.meetup.com/meetup-group-hhiEDiKN/,US,CA
Los Angeles Network Security Meetup,25,https://www.meetup.com/Los-Angeles-Network-Security-Meetup/,US,CA
CyberTalks NYC,64,https://www.meetup.com/CyberTalks-NYC/,US,NY
CyberTalks Silicon Valley,18,https://www.meetup.com/CyberTalks-Silicon-Valley/,US,CA
CyberTalks IL,68,https://www.meetup.com/CyberTalks-IL/,IL,
DevOps Tasmania,14,https://www.meetup.com/DevOps-Tasmania/,AU,
Hacking Space Coast,88,https://www.meetup.com/Hacking-Space-Coast/,US,FL
Innover dans la sensibilisation à la sécurité informatique,73,https://www.meetup.com/Innover-dans-la-sensibilisation-a-la-securite-informatique/,FR,
2018 DEEP Hunting Tour by Cybereason,34,https://www.meetup.com/2018-DEEP-Hunting-Tour-by-Cybereason/,US,MA
CyberTalks DC,44,https://www.meetup.com/CyberTalks-DC/,US,DC
CyberTalks London,11,https://www.meetup.com/CyberTalks-London/,GB,17
CyberTalks Sydney,11,https://www.meetup.com/CyberTalks-Sydney/,AU,
CyberTalks Joburg,5,https://www.meetup.com/CyberTalks-Joburg/,ZA,
CyberTalks Moscow,5,https://www.meetup.com/CyberTalks-Moscow/,RU,
Melbourne elttam Lunch-and-Learn,54,https://www.meetup.com/Melbourne-elttam-Lunch-n-Learn/,AU,
Veracode DevSecOps Meetup - Benelux,38,https://www.meetup.com/Veracode-DevSecOps-Meetup-Benelux/,NL,
Tricks of the trade - Web Performance Optimization,128,https://www.meetup.com/Tricks-of-the-trade-Web-Performance-Optimisation/,IL,
TASK - Toronto Area Security Klatch,138,https://www.meetup.com/TASKTO/,CA,ON
Liverpool Information Security Meetup,31,https://www.meetup.com/Liverpool-Information-Security-Meetup/,GB,28
Amsterdam Information Security Professionals,50,https://www.meetup.com/Amsterdam-Information-Security-Professionals/,NL,
"Information Systems Security Association Fort Bragg, NC",84,https://www.meetup.com/Fayetteville-Open-Source-Meetup/,US,NC
Debreceni IT Security (DIS) Meetup,25,https://www.meetup.com/Debreceni-IT-Security-DIS-Meetup/,HU,
Information Security at William Hill - a serious business,19,https://www.meetup.com/Information-Security-at-William-Hill-a-serious-business/,GB,45
Cloud and CyberSecurity,58,https://www.meetup.com/cloudandcybersecurity/,PL,
Amman Security Meetup,50,https://www.meetup.com/Amman-Security-Meetup/,JO,
DevOps Without Borders,61,https://www.meetup.com/DevOps-Without-Borders/,US,UT
CPMC Chair,18,https://www.meetup.com/CPMC-Chair/,SA,
Cyber Security Geeks,7,https://www.meetup.com/Cyber-Security-Geeks/,AE,
La importancia de la Seguridad en la Transformación Digital,17,https://www.meetup.com/La-importancia-de-la-Seguridad-en-la-Transformacion-Digital/,ES,
bitfwd Community Blockchain Meetups,202,https://www.meetup.com/bitfwd/,AU,
San Ramon Digital Cybersecurity Architecture Meetup,8,https://www.meetup.com/San-Ramon-Digital-Cybersecurity-Architecture-Meetup/,US,CA
UpGuard Beer N' Breaches: Los Angeles,10,https://www.meetup.com/UpGuard-Beer-N-Breaches-Los-Angeles/,US,CA
DarkTiger,13,https://www.meetup.com/DarkTiger/,SG,
Digital Future Meetup,41,https://www.meetup.com/Digital-Future-Meetup/,AT,
Cloud Security Networking Event,33,https://www.meetup.com/Cloud-Security-Networking-Event/,GB,17
"NEOTD.com Tech Meetup on Cyber Security, STEM and more",42,https://www.meetup.com/Tech-Meetup-on-Cyber-Security-STEM-more/,US,OH
DFIR & SOC Mastermind,19,https://www.meetup.com/DFIR-SOC-Mastermind/,GB,18
Saint Petersburg Cyber Security Professionals Connection,74,https://www.meetup.com/ST-Petersburg-Cyber-Security-Professionals-Connection-Meetup/,US,FL
Is your cyber-security stifling your organizations potential,41,https://www.meetup.com/Is-your-cyber-security-stifling-your-organizations-potential/,SG,
"Software Freedom Law Center, India",28,https://www.meetup.com/SFLC-IN/,IN,
Sophos User Group - Chicago,56,https://www.meetup.com/Sophos-User-Group-Chicago/,US,IL
SoCal Security Professionals,52,https://www.meetup.com/SoCal-Security-Professionals/,US,CA
GDG Ndejje University,41,https://www.meetup.com/GDG-Ndejje/,UG,
Portland Blockchain and Cybersecurity Meetup,25,https://www.meetup.com/Portland-Blockchain-and-Cybersecurity-Meetup/,US,OR
Cybersecurity and Software Sales Austin,51,https://www.meetup.com/CyberSN-Austin-Happy-Hour/,US,TX
Proving your Credentials,2,https://www.meetup.com/Proving-your-Credentials/,GB,17
SecTalks Holland,17,https://www.meetup.com/SecTalks-Holland/,NL,
CISO Network New York Meetup,23,https://www.meetup.com/CISO-Network-New-York-Meetup/,US,NY
The Chartered Institute for IT Middle East Section,44,https://www.meetup.com/The-Chartered-Institute-IT-Middle-East-Section/,AE,
CyberArk Meetups,369,https://www.meetup.com/CyberArk-Meetups/,IL,
Austin Cybersecurity Meetup,35,https://www.meetup.com/Austin-Cybersecurity-Meetup/,US,TX
Information Security Exchange,13,https://www.meetup.com/infosec-exchange/,LI,
GDPR - General Data Protection Regulation - Preparation Plan,14,https://www.meetup.com/GDPR-General-Data-Protection-Regulation-Preparation-Plan/,GB,17
Austin Endpoint Management,12,https://www.meetup.com/Austin-Endpoint-Management/,US,TX
Cloud Hosting and Cybersecurity Meetup - United Kingdom,109,https://www.meetup.com/London-Cloud-Hosting-and-Cybersecurity-Meetup/,GB,17
5280sec - A Denver Cybersecurity Meetup,63,https://www.meetup.com/5280sec/,US,CO
Boise Hackers,9,https://www.meetup.com/BoiseHackers/,US,ID
Levelx: A Security and Mobility Meetup,14,https://www.meetup.com/Levelx-A-Security-and-Mobility-Meetup/,US,IN
DC/NoVa Cybersecurity Meetup,60,https://www.meetup.com/DC-NoVa-Cybersecurity-Meetup/,US,VA
DefendCon 2018,29,https://www.meetup.com/DefendCon-2018/,US,WA
المجموعة السعودية لأمن المعلومات -  الشرقية,141,https://www.meetup.com/HemayaGroupEAST/,SA,
CryptoAUSTRALIA Digital Self-Defence and Privacy,57,https://www.meetup.com/CryptoAUSTRALIA-Digital-Self-Defence-Privacy-Melbourne/,AU,
Irvine Network Security Meetup,17,https://www.meetup.com/Irvine-Network-Security-Meetup/,US,CA
Cyber Tech and Risk,347,https://www.meetup.com/Cyber-Tech-Risk/,CA,ON
London Security & Cryptography,180,https://www.meetup.com/London-Security-Cryptography/,GB,17
Achievers of Digital Trust,9,https://www.meetup.com/Achievers-of-Digital-Trust/,US,NC
Applying Security to the Twelve Factor App,50,https://www.meetup.com/Applying-Security-to-the-Twelve-Factor-App/,US,CA
Scams,12,https://www.meetup.com/Scams-vs-Safety-in-cryptoworld-with-Jure-Pirc/,SI,
Seguridad informática y Criptomonedas #BCH #Gijón,24,https://www.meetup.com/seguridad-informatica-y-criptomonedas/,ES,
Microsoft Tech Talks - Vancouver,63,https://www.meetup.com/mttvancouver/,CA,BC
Platform by Per Scholas,128,https://www.meetup.com/meetup-group-VKdrzWXV/,US,NY
Brisbane Professional Networking - All things Security,20,https://www.meetup.com/Brisbane-Professional-Networking-All-things-Security/,AU,
Information Security Campinas,24,https://www.meetup.com/information-security-campinas/,BR,
Tokyo Network Security Meetup,29,https://www.meetup.com/Tokyo-Network-Security-Meetup/,JP,
Learn Cybersecurity Austin,83,https://www.meetup.com/Learn-Cybersecurity-Austin/,US,TX
Learn Cybersecurity DC/NoVa,161,https://www.meetup.com/Learn-Cybersecurity-DC/,US,VA
Bug Bounty Meetup,15,https://www.meetup.com/Bug-Bounty-Meetup/,US,CA
Hacking & Cibersecurity Barcelona,132,https://www.meetup.com/Hacking-Cibersecurity/,ES,
Herndon Information Security Meetup,33,https://www.meetup.com/Herndon-Information-Security-Meetup/,US,VA
High Technology Crime Investigation Association,4,https://www.meetup.com/meetup-group-AhzgGcxs/,US,MA
InfraCon,25,https://www.meetup.com/InfraCon/,RO,
Hamburg DSGVO Datenschutz Meetup,32,https://www.meetup.com/Hamburg-DSGVO-Datenschutz-Meetup/,DE,
London Cybersecurity Meetup,12,https://www.meetup.com/meetup-group-SmHtdhKM/,GB,17
Brain Campus,76,https://www.meetup.com/BrainCampus/,US,IL
Seattle InfoSec Meetup,31,https://www.meetup.com/Seattle-InfoSec-Meetup/,US,WA
CyberConnect Series,28,https://www.meetup.com/CyberConnect-Series/,US,NC
Start A Career in Cybersecurity,173,https://www.meetup.com/Start-A-Career-in-Cybersecurity/,US,NY
Scaling Enterprise Startups,233,https://www.meetup.com/Scaling-Enterprise-Startups/,IL,
The Future of the Internet,31,https://www.meetup.com/meetup-group-JjoCdOtW/,SG,
Vermont CyberSecurity Enthusiasts,15,https://www.meetup.com/Vermont-CyberSecurity-Enthusiasts/,US,VT
the S Collective,10,https://www.meetup.com/thescollective/,AU,
Andmekaitsespetsialistide praktikute klubi,51,https://www.meetup.com/Andmekaitsespetsialistide-praktikute-klubi/,EE,
"Rise London, The Home of FinTech",56,https://www.meetup.com/Rise-London-The-Home-of-FinTech/,GB,17
"Los Angeles IT, Networking, and Tech Professionals",8,https://www.meetup.com/lainfotech/,US,CA
London CTF Hack-the-Box!,28,https://www.meetup.com/London-CTF-Hack-the-Box/,GB,17
London Cloud Security Meetup,21,https://www.meetup.com/London-Cloud-Security-Meetup/,GB,17
Deep Learning Security Meetup,97,https://www.meetup.com/Deep-Learning-Security-Meetup/,US,CA
PacNW IAM User Group,11,https://www.meetup.com/PacNW-IAM-UserGroup/,US,WA
Belfast Cyber Security Meetup,88,https://www.meetup.com/Belfast-Cyber-Security-Meetup/,GB,R3
London Digital - Managing A (Cyber) Breach -  Meetup,5,https://www.meetup.com/London-Digital-Managing-A-Cyber-Breach-Meetup/,GB,17
Commercial Cyber in National Security Lunch Panel- RSA,7,https://www.meetup.com/Commercial-Cyber-in-National-Security-Lunch-Panel-RSA/,US,CA
Peerlyst San Francisco Bay Area,32,https://www.meetup.com/Peerlyst-San-Francisco-Bay-Area-Meetup/,US,CA
Techedin London,24,https://www.meetup.com/Techedin-London/,GB,17
Nielsen Technology Meetup and Happy Hour,365,https://www.meetup.com/Nielsen-Technology-Meetup-and-Happy-Hour/,US,FL
Talks at Tyro FinTech Hub,37,https://www.meetup.com/Talks-Tyro-Fintech-Hub/,AU,
Plano Priv8z Meetup,8,https://www.meetup.com/Plano-Priv8z-Meetup/,US,TX
East Midlands Cyber Security SME Board Meetings,4,https://www.meetup.com/East-Midlands-Cyber-Security-SME-Board-Meetings/,GB,H5
Fort Smith Tech User Group,15,https://www.meetup.com/Fort-Smith-Tech-User-Group/,US,AR
IT & Security MeetUp Aberdeen/shire,4,https://www.meetup.com/IT-Security-MeetUp-Aberdeen-shire/,GB,T5
Hacking The Hacker Executive Cybersecurity Awareness Trainin,11,https://www.meetup.com/Nexus-IT-Hacking-The-Hacker-Executive-Cybersecurity-Training/,US,UT
New York Immutable Cloud Security Meetup,16,https://www.meetup.com/New-York-Immutable-Cloud-Security-Meetup/,US,NY
Advancing the State of Healthcare Cybersecurity,24,https://www.meetup.com/Advancing-the-State-of-Healthcare-Cybersecurity/,US,CA
DefCon 310,24,https://www.meetup.com/DefCon-310/,US,CA
How to improve the security of our critical infrastructure,20,https://www.meetup.com/How-to-improve-the-security-of-our-critical-infrastructure/,CA,ON
Global Digital Security Symposium,14,https://www.meetup.com/Global-Digital-Security-Symposium/,IN,
OWASP Kansas City,56,https://www.meetup.com/OWASP-Kansas-City/,US,MO
DevSec Paris,75,https://www.meetup.com/DevSec-Paris/,FR,
Healthcare Cyber Defence Meetup,3,https://www.meetup.com/Healthcare-Cyber-Defence-Meetup/,CA,ON
Berlin Cyber Security Startups and Innovation Meetup,8,https://www.meetup.com/Berlin-Cyber-Security-Meetup/,DE,
Hak Oly Hak,18,https://www.meetup.com/meetup-group-EJcdMAik/,US,WA
Berlin Digital Business Network @SIBB,33,https://www.meetup.com/Berlin-Digital-Business-Network-SIBB/,DE,
Cyber Talks Turkey,29,https://www.meetup.com/CyberTalksTurkey/,TR,
Brains + Bottles: A BrainGu Summer Series,50,https://www.meetup.com/Brains-Bottles/,US,DC
Rudheath Information Security Meetup,4,https://www.meetup.com/Rudheath-Information-Security-Meetup/,GB,C5
WhiteHat Security Crash Course Webinar Series,12,https://www.meetup.com/WhiteHat-Security-Crash-Course-Webinar-Series/,US,CA
CyberReach Women in Cyber,10,https://www.meetup.com/CyberReach-Women-in-Cyber/,US,AL
Glasgow Cyber Security Enthusiasts,28,https://www.meetup.com/Glasgow-Cyber-Security-Enthusiasts/,GB,V2
Philadelphia Women and Cyber Security,31,https://www.meetup.com/Philadelphia-Women-Cyber-Security-Meetup/,US,PA
Legal Hackers Napoli - Campania -,15,https://www.meetup.com/LegalHackersNapoli-Campania/,IT,NA
Atlanta Business and Technology Meetup,39,https://www.meetup.com/Atlanta-Business-and-Technology-Meetup/,US,GA
Managed Security Service Providers are gathering in Toronto,16,https://www.meetup.com/Managed-Security-Service-Providers-are-gathering-in-Toronto/,CA,ON
Los Angeles Business and Technology Meetup,5,https://www.meetup.com/Los-Angeles-Business-and-Technology-Meetup/,US,CA
Edmonton Cloud Security Alliance Meetup,16,https://www.meetup.com/Edmonton-Cloud-Security-Alliance-Meetup/,CA,AB
Tampa Bay InfoSec,60,https://www.meetup.com/Tampa-Bay-InfoSec/,US,FL
Poznań Security Meetup,47,https://www.meetup.com/Poznan-Security-Meetup/,PL,
DevSecOps Hub : Baltimore Meetup Group,20,https://www.meetup.com/DevSecOps-Hub-Baltimore-Meetup-Group/,US,MD
Loveland Cyber Security Meetup,1,https://www.meetup.com/Loveland-Cyber-Security-Meetup/,US,CO
San Francisco Bay Area Internet Society,10,https://www.meetup.com/San-Francisco-Bay-Area-Internet-Society/,US,CA
Cyber Security Journey,1,https://www.meetup.com/Fairfax-Cyber-Security-Journey/,US,VA
Infosec parties sponsored by Malicious Life,15,https://www.meetup.com/Malicious-Life-Podcast/,US,MA
KY2600,9,https://www.meetup.com/KY2600/,US,KY
Managing IT Security,3,https://www.meetup.com/Managing-IT-Security/,DE,
"Orange County IT, Networking, and Tech Professionals",1,https://www.meetup.com/OCinfotech/,US,CA
Digital Forensics 1-Day Course,1,https://www.meetup.com/Digital-Forensics-1-Day-Course/,US,IA
Security Bytes,9,https://www.meetup.com/Security-Bytes/,US,CO
"Ventura County IT, Networking, and Tech Professionals",1,https://www.meetup.com/Venturainfotech/,US,CA
Experts Live NL 2018,1,https://www.meetup.com/Experts-Live-NL-2018/,NL,
Irvine Underground,10,https://www.meetup.com/Irvine-Underground/,US,CA
E-Hack at Chennai 2018,3,https://www.meetup.com/E-Hack-Chennai-2018/,IN,
EvolveSec- Pittsburgh Cybersecurity,1,https://www.meetup.com/EvolveSec-Pittsburgh-Cybersecurity/,US,PA
sym.hack,4,https://www.meetup.com/sym-hack/,PT,
Axenic Events,1,https://www.meetup.com/Axenic/,NZ,
