Abbeville,10.71¢/kWh.,11.74¢/kWh.,6.07¢/kWh.
Adamsville,10.67¢/kWh.,11.57¢/kWh.,5.69¢/kWh.
Addison,11.36¢/kWh.,11.28¢/kWh.,6.68¢/kWh.
Akron,10.71¢/kWh.,11.74¢/kWh.,6.07¢/kWh.
Alabaster,10.71¢/kWh.,11.74¢/kWh.,6.07¢/kWh.
Albertville,10.32¢/kWh.,10.43¢/kWh.,6.37¢/kWh.
Alexander City,10.88¢/kWh.,10.53¢/kWh.,9.17¢/kWh.
Aliceville,10.67¢/kWh.,11.57¢/kWh.,5.69¢/kWh.
Allgood,10.67¢/kWh.,11.57¢/kWh.,5.69¢/kWh.
Altoona,10.67¢/kWh.,11.57¢/kWh.,5.69¢/kWh.
Andalusia,13¢/kWh.,14.62¢/kWh.,8.99¢/kWh.
Anderson,10.53¢/kWh.,10.61¢/kWh.,6.72¢/kWh.
Anniston,10.67¢/kWh.,11.57¢/kWh.,5.69¢/kWh.
Arab,10.73¢/kWh.,10.98¢/kWh.,7.37¢/kWh.
Ardmore,10.72¢/kWh.,10.61¢/kWh.,6.55¢/kWh.
Argo,10.67¢/kWh.,11.57¢/kWh.,5.69¢/kWh.
Ariton,13.41¢/kWh.,12.56¢/kWh.,10.4¢/kWh.
Arley,10.67¢/kWh.,11.57¢/kWh.,5.69¢/kWh.
Ashford,12.46¢/kWh.,12.82¢/kWh.,8.38¢/kWh.
Ashland,10.71¢/kWh.,11.74¢/kWh.,6.07¢/kWh.
Ashville,10.71¢/kWh.,11.74¢/kWh.,6.07¢/kWh.
Athens,10.49¢/kWh.,10.48¢/kWh.,7.07¢/kWh.
Atmore,10.71¢/kWh.,11.74¢/kWh.,6.07¢/kWh.
Attalla,10.67¢/kWh.,11.57¢/kWh.,5.69¢/kWh.
Auburn,10.71¢/kWh.,11.74¢/kWh.,6.07¢/kWh.
Autaugaville,10.71¢/kWh.,11.74¢/kWh.,6.07¢/kWh.
Avon,12.46¢/kWh.,12.82¢/kWh.,8.38¢/kWh.
Babbie,14.51¢/kWh.,13.36¢/kWh.,11.93¢/kWh.
Baileyton,10.73¢/kWh.,10.98¢/kWh.,7.37¢/kWh.
Bakerhill,13.41¢/kWh.,12.56¢/kWh.,10.4¢/kWh.
Banks,12.2¢/kWh.,13.27¢/kWh.,9.5¢/kWh.
Bay Minette,10.71¢/kWh.,11.74¢/kWh.,6.07¢/kWh.
Bayou La Batre,10.71¢/kWh.,11.74¢/kWh.,6.07¢/kWh.
Bear Creek,10.67¢/kWh.,11.57¢/kWh.,5.69¢/kWh.
Beatrice,9.56¢/kWh.,11.69¢/kWh.,8.85¢/kWh.
Beaverton,13.21¢/kWh.,12.96¢/kWh.,6.22¢/kWh.
Belk,10.71¢/kWh.,11.74¢/kWh.,6.07¢/kWh.
Benton,13.17¢/kWh.,16.04¢/kWh.,6.22¢/kWh.
Berry,10.71¢/kWh.,11.74¢/kWh.,6.07¢/kWh.
Bessemer,10.76¢/kWh.,10.96¢/kWh.,6.6¢/kWh.
Billingsley,12.25¢/kWh.,13.22¢/kWh.,9.56¢/kWh.
Birmingham,10.67¢/kWh.,11.57¢/kWh.,5.69¢/kWh.
Black,10.71¢/kWh.,11.74¢/kWh.,6.07¢/kWh.
Blountsville,10.67¢/kWh.,11.57¢/kWh.,5.69¢/kWh.
Blue Springs,13.41¢/kWh.,12.56¢/kWh.,10.4¢/kWh.
Boaz,10.93¢/kWh.,10.85¢/kWh.,6.61¢/kWh.
Boligee,10.71¢/kWh.,11.74¢/kWh.,6.07¢/kWh.
Bon Air,10.71¢/kWh.,11.74¢/kWh.,6.07¢/kWh.
Brantley,13¢/kWh.,14.62¢/kWh.,8.99¢/kWh.
Brent,10.71¢/kWh.,11.74¢/kWh.,6.07¢/kWh.
Brewton,10.14¢/kWh.,11.72¢/kWh.,7.46¢/kWh.
Bridgeport,11.23¢/kWh.,11.12¢/kWh.,6.88¢/kWh.
Brighton,10.76¢/kWh.,10.96¢/kWh.,6.6¢/kWh.
Brilliant,11.92¢/kWh.,12.18¢/kWh.,5.76¢/kWh.
Brookside,10.67¢/kWh.,11.57¢/kWh.,5.69¢/kWh.
Brookwood,10.71¢/kWh.,11.74¢/kWh.,6.07¢/kWh.
Brundidge,13.54¢/kWh.,11.99¢/kWh.,10.4¢/kWh.
Butler,10.86¢/kWh.,10.68¢/kWh.,8.76¢/kWh.
Calera,10.71¢/kWh.,11.74¢/kWh.,6.07¢/kWh.
Camden,10.71¢/kWh.,11.74¢/kWh.,6.07¢/kWh.
Camp Hill,10.71¢/kWh.,11.74¢/kWh.,6.07¢/kWh.
Carbon Hill,10.71¢/kWh.,11.74¢/kWh.,6.07¢/kWh.
Cardiff,10.67¢/kWh.,11.57¢/kWh.,5.69¢/kWh.
Carolina,13¢/kWh.,14.62¢/kWh.,8.99¢/kWh.
Carrollton,10.67¢/kWh.,11.57¢/kWh.,5.69¢/kWh.
Castleberry,10.14¢/kWh.,11.72¢/kWh.,7.46¢/kWh.
Cedar Bluff,12.48¢/kWh.,12.08¢/kWh.,6.35¢/kWh.
Center Point,10.67¢/kWh.,11.57¢/kWh.,5.69¢/kWh.
Centre,12.48¢/kWh.,12.08¢/kWh.,6.35¢/kWh.
Centreville,10.71¢/kWh.,11.74¢/kWh.,6.07¢/kWh.
Chatom,12.35¢/kWh.,12.68¢/kWh.,11¢/kWh.
Chelsea,10.71¢/kWh.,11.74¢/kWh.,6.07¢/kWh.
Cherokee,10.96¢/kWh.,10.7¢/kWh.,5.88¢/kWh.
Chickasaw,10.71¢/kWh.,11.74¢/kWh.,6.07¢/kWh.
Childersburg,10.71¢/kWh.,11.74¢/kWh.,6.07¢/kWh.
Citronelle,10.71¢/kWh.,11.74¢/kWh.,6.07¢/kWh.
Clanton,10.71¢/kWh.,11.74¢/kWh.,6.07¢/kWh.
Clay,10.67¢/kWh.,11.57¢/kWh.,5.69¢/kWh.
Clayhatchee,10.71¢/kWh.,11.74¢/kWh.,6.07¢/kWh.
Clayton,10.71¢/kWh.,11.74¢/kWh.,6.07¢/kWh.
Cleveland,10.67¢/kWh.,11.57¢/kWh.,5.69¢/kWh.
Clio,13.41¢/kWh.,12.56¢/kWh.,10.4¢/kWh.
Coaling,10.71¢/kWh.,11.74¢/kWh.,6.07¢/kWh.
Coffee Springs,10.71¢/kWh.,11.74¢/kWh.,6.07¢/kWh.
Coffeeville,12.35¢/kWh.,12.68¢/kWh.,11¢/kWh.
Coker,10.71¢/kWh.,11.74¢/kWh.,6.07¢/kWh.
Collinsville,10.93¢/kWh.,10.85¢/kWh.,6.61¢/kWh.
Colony,11.36¢/kWh.,11.28¢/kWh.,6.68¢/kWh.
Columbia,13.41¢/kWh.,12.56¢/kWh.,10.4¢/kWh.
Columbiana,10.71¢/kWh.,11.74¢/kWh.,6.07¢/kWh.
Coosada,10.71¢/kWh.,11.74¢/kWh.,6.07¢/kWh.
Cordova,10.71¢/kWh.,11.74¢/kWh.,6.07¢/kWh.
Cottonwood,10.71¢/kWh.,11.74¢/kWh.,6.07¢/kWh.
County Line,10.67¢/kWh.,11.57¢/kWh.,5.69¢/kWh.
Courtland,10.92¢/kWh.,10.54¢/kWh.,7.03¢/kWh.
Cowarts,10.71¢/kWh.,11.74¢/kWh.,6.07¢/kWh.
Creola,10.71¢/kWh.,11.74¢/kWh.,6.07¢/kWh.
Crossville,10.93¢/kWh.,10.85¢/kWh.,6.61¢/kWh.
Cuba,10.71¢/kWh.,11.74¢/kWh.,6.07¢/kWh.
Cullman,11.36¢/kWh.,11.28¢/kWh.,6.68¢/kWh.
Cusseta,10.71¢/kWh.,11.74¢/kWh.,6.07¢/kWh.
Dadeville,10.71¢/kWh.,11.74¢/kWh.,6.07¢/kWh.
Daleville,10.71¢/kWh.,11.74¢/kWh.,6.07¢/kWh.
Daphne,9.9¢/kWh.,11.81¢/kWh.,6.22¢/kWh.
Dauphin Island,10.71¢/kWh.,11.74¢/kWh.,6.07¢/kWh.
Daviston,10.71¢/kWh.,11.74¢/kWh.,6.07¢/kWh.
Dayton,10.86¢/kWh.,10.68¢/kWh.,8.76¢/kWh.
Deatsville,10.71¢/kWh.,11.74¢/kWh.,6.07¢/kWh.
Decatur,10.1¢/kWh.,10.19¢/kWh.,5.77¢/kWh.
Demopolis,10.71¢/kWh.,11.74¢/kWh.,6.07¢/kWh.
Detroit,11.92¢/kWh.,12.18¢/kWh.,5.76¢/kWh.
Dodge City,11.36¢/kWh.,11.28¢/kWh.,6.68¢/kWh.
Dora,10.71¢/kWh.,11.74¢/kWh.,6.07¢/kWh.
Dothan,10.71¢/kWh.,11.74¢/kWh.,6.07¢/kWh.
Double Springs,10.67¢/kWh.,11.57¢/kWh.,5.69¢/kWh.
Douglas,10.93¢/kWh.,10.85¢/kWh.,6.61¢/kWh.
Dozier,13¢/kWh.,14.62¢/kWh.,8.99¢/kWh.
Dutton,11.23¢/kWh.,11.12¢/kWh.,6.88¢/kWh.
East Brewton,10.14¢/kWh.,11.72¢/kWh.,7.46¢/kWh.
Eclectic,10.71¢/kWh.,11.74¢/kWh.,6.07¢/kWh.
Edwardsville,10.71¢/kWh.,11.74¢/kWh.,6.07¢/kWh.
Elba,8¢/kWh.,11.35¢/kWh.,10.45¢/kWh.
Elberta,9.9¢/kWh.,11.81¢/kWh.,6.22¢/kWh.
Eldridge,10.67¢/kWh.,11.57¢/kWh.,5.69¢/kWh.
Elkmont,10.49¢/kWh.,10.48¢/kWh.,7.07¢/kWh.
Elmore,10.71¢/kWh.,11.74¢/kWh.,6.07¢/kWh.
Emelle,10.71¢/kWh.,11.74¢/kWh.,6.07¢/kWh.
Enterprise,10.71¢/kWh.,11.74¢/kWh.,6.07¢/kWh.
Epes,10.71¢/kWh.,11.74¢/kWh.,6.07¢/kWh.
Ethelsville,10.71¢/kWh.,11.74¢/kWh.,6.07¢/kWh.
Eufaula,13.41¢/kWh.,12.56¢/kWh.,10.4¢/kWh.
Eutaw,10.71¢/kWh.,11.74¢/kWh.,6.07¢/kWh.
Eva,11.16¢/kWh.,11.11¢/kWh.,5.93¢/kWh.
Evergreen,11.21¢/kWh.,11.29¢/kWh.,6.68¢/kWh.
Excel,9.56¢/kWh.,11.69¢/kWh.,8.85¢/kWh.
Fairfield,10.67¢/kWh.,11.57¢/kWh.,5.69¢/kWh.
Fairhope,9.9¢/kWh.,11.81¢/kWh.,6.22¢/kWh.
Fairview,11.36¢/kWh.,11.28¢/kWh.,6.68¢/kWh.
Falkville,11.16¢/kWh.,11.11¢/kWh.,5.93¢/kWh.
Faunsdale,10.86¢/kWh.,10.68¢/kWh.,8.76¢/kWh.
Fayette,10.71¢/kWh.,11.74¢/kWh.,6.07¢/kWh.
Five Points,10.96¢/kWh.,11.98¢/kWh.,8.94¢/kWh.
Flomaton,10.71¢/kWh.,11.74¢/kWh.,6.07¢/kWh.
Florala,10.71¢/kWh.,11.74¢/kWh.,6.07¢/kWh.
Florence,10.53¢/kWh.,10.61¢/kWh.,6.72¢/kWh.
Foley,9.9¢/kWh.,11.81¢/kWh.,6.22¢/kWh.
Forkland,10.86¢/kWh.,10.68¢/kWh.,8.76¢/kWh.
Fort Deposit,10.71¢/kWh.,11.74¢/kWh.,6.07¢/kWh.
Fort Payne,10.29¢/kWh.,10.6¢/kWh.,6.84¢/kWh.
Franklin,12.15¢/kWh.,12.03¢/kWh.,9¢/kWh.
Frisco City,9.56¢/kWh.,11.69¢/kWh.,8.85¢/kWh.
Fruithurst,10.71¢/kWh.,11.74¢/kWh.,6.07¢/kWh.
Fulton,10.71¢/kWh.,11.74¢/kWh.,6.07¢/kWh.
Fultondale,10.67¢/kWh.,11.57¢/kWh.,5.69¢/kWh.
Fyffe,11.23¢/kWh.,11.12¢/kWh.,6.88¢/kWh.
Gadsden,10.67¢/kWh.,11.57¢/kWh.,5.69¢/kWh.
Gainesville,10.71¢/kWh.,11.74¢/kWh.,6.07¢/kWh.
Gantt,13¢/kWh.,14.62¢/kWh.,8.99¢/kWh.
Garden City,11.36¢/kWh.,11.28¢/kWh.,6.68¢/kWh.
Gardendale,10.67¢/kWh.,11.57¢/kWh.,5.69¢/kWh.
Gaylesville,12.48¢/kWh.,12.08¢/kWh.,6.35¢/kWh.
Geiger,10.71¢/kWh.,11.74¢/kWh.,6.07¢/kWh.
Geneva,10.71¢/kWh.,11.74¢/kWh.,6.07¢/kWh.
Georgiana,10.71¢/kWh.,11.74¢/kWh.,6.07¢/kWh.
Geraldine,10.93¢/kWh.,10.85¢/kWh.,6.61¢/kWh.
Gilbertown,10.71¢/kWh.,11.74¢/kWh.,6.07¢/kWh.
Glen Allen,10.67¢/kWh.,11.57¢/kWh.,5.69¢/kWh.
Glencoe,10.67¢/kWh.,11.57¢/kWh.,5.69¢/kWh.
Glenwood,12.2¢/kWh.,13.27¢/kWh.,9.5¢/kWh.
Goldville,10.71¢/kWh.,11.74¢/kWh.,6.07¢/kWh.
Good Hope,11.36¢/kWh.,11.28¢/kWh.,6.68¢/kWh.
Goodwater,10.71¢/kWh.,11.74¢/kWh.,6.07¢/kWh.
Gordo,10.71¢/kWh.,11.74¢/kWh.,6.07¢/kWh.
Gordon,10.71¢/kWh.,11.74¢/kWh.,6.07¢/kWh.
Gordonville,13.17¢/kWh.,16.04¢/kWh.,6.22¢/kWh.
Goshen,12.2¢/kWh.,13.27¢/kWh.,9.5¢/kWh.
Grant,11.19¢/kWh.,10.88¢/kWh.,7.48¢/kWh.
Graysville,10.67¢/kWh.,11.57¢/kWh.,5.69¢/kWh.
Greensboro,10.71¢/kWh.,11.74¢/kWh.,6.07¢/kWh.
Greenville,10.71¢/kWh.,11.74¢/kWh.,6.07¢/kWh.
Grimes,10.71¢/kWh.,11.74¢/kWh.,6.07¢/kWh.
Grove Hill,10.71¢/kWh.,11.74¢/kWh.,6.07¢/kWh.
Guin,11.92¢/kWh.,12.18¢/kWh.,5.76¢/kWh.
Gulf Shores,9.9¢/kWh.,11.81¢/kWh.,6.22¢/kWh.
Guntersville,10.62¢/kWh.,10.64¢/kWh.,6.81¢/kWh.
Gurley,10.04¢/kWh.,10.43¢/kWh.,6.65¢/kWh.
Gu-Win,11.92¢/kWh.,12.18¢/kWh.,5.76¢/kWh.
Hackleburg,10.67¢/kWh.,11.57¢/kWh.,5.69¢/kWh.
Haleburg,13.41¢/kWh.,12.56¢/kWh.,10.4¢/kWh.
Haleyville,10.67¢/kWh.,11.57¢/kWh.,5.69¢/kWh.
Hamilton,10.67¢/kWh.,11.57¢/kWh.,5.69¢/kWh.
Hammondville,11.23¢/kWh.,11.12¢/kWh.,6.88¢/kWh.
Hanceville,11.36¢/kWh.,11.28¢/kWh.,6.68¢/kWh.
Harpersville,10.71¢/kWh.,11.74¢/kWh.,6.07¢/kWh.
Hartford,10.19¢/kWh.,8.8¢/kWh.,10.52¢/kWh.
Hartselle,10.42¢/kWh.,10.46¢/kWh.,6.94¢/kWh.
Hayden,10.67¢/kWh.,11.57¢/kWh.,5.69¢/kWh.
Hayneville,13.17¢/kWh.,16.04¢/kWh.,6.22¢/kWh.
Headland,10.71¢/kWh.,11.74¢/kWh.,6.07¢/kWh.
Heath,13¢/kWh.,14.62¢/kWh.,8.99¢/kWh.
Heflin,10.71¢/kWh.,11.74¢/kWh.,6.07¢/kWh.
Helena,10.71¢/kWh.,11.74¢/kWh.,6.07¢/kWh.
Henagar,11.23¢/kWh.,11.12¢/kWh.,6.88¢/kWh.
Highland Lake,10.67¢/kWh.,11.57¢/kWh.,5.69¢/kWh.
Hillsboro,11.16¢/kWh.,11.11¢/kWh.,5.93¢/kWh.
Hobson City,10.67¢/kWh.,11.57¢/kWh.,5.69¢/kWh.
Hodges,10.67¢/kWh.,11.57¢/kWh.,5.69¢/kWh.
Hokes Bluff,10.67¢/kWh.,11.57¢/kWh.,5.69¢/kWh.
Holly Pond,11.36¢/kWh.,11.28¢/kWh.,6.68¢/kWh.
Hollywood,11.19¢/kWh.,10.88¢/kWh.,7.48¢/kWh.
Homewood,10.67¢/kWh.,11.57¢/kWh.,5.69¢/kWh.
Hoover,10.67¢/kWh.,11.57¢/kWh.,5.69¢/kWh.
Horn Hill,14.51¢/kWh.,13.36¢/kWh.,11.93¢/kWh.
Hueytown,10.67¢/kWh.,11.57¢/kWh.,5.69¢/kWh.
Huntsville,10.04¢/kWh.,10.43¢/kWh.,6.65¢/kWh.
Hurtsboro,10.71¢/kWh.,11.74¢/kWh.,6.07¢/kWh.
Hytop,10.37¢/kWh.,10.7¢/kWh.,6.99¢/kWh.
Ider,11.23¢/kWh.,11.12¢/kWh.,6.88¢/kWh.
Indian Springs Village,10.67¢/kWh.,11.57¢/kWh.,5.69¢/kWh.
Irondale,10.67¢/kWh.,11.57¢/kWh.,5.69¢/kWh.
Jackson,0¢/kWh.,0¢/kWh.,0¢/kWh.
Jacksons Gap,0¢/kWh.,0¢/kWh.,0¢/kWh.
Jacksonville,0¢/kWh.,0¢/kWh.,0¢/kWh.
Jasper,0¢/kWh.,0¢/kWh.,0¢/kWh.
Jemison,0¢/kWh.,0¢/kWh.,0¢/kWh.
Kansas,10.71¢/kWh.,11.74¢/kWh.,6.07¢/kWh.
Kellyton,12.25¢/kWh.,13.22¢/kWh.,9.56¢/kWh.
Kennedy,13.21¢/kWh.,12.96¢/kWh.,6.22¢/kWh.
Killen,10.53¢/kWh.,10.61¢/kWh.,6.72¢/kWh.
Kimberly,10.67¢/kWh.,11.57¢/kWh.,5.69¢/kWh.
Kinsey,10.71¢/kWh.,11.74¢/kWh.,6.07¢/kWh.
Kinston,13¢/kWh.,14.62¢/kWh.,8.99¢/kWh.
La Fayette,12.95¢/kWh.,12.27¢/kWh.,12.65¢/kWh.
Lakeview,11.23¢/kWh.,11.12¢/kWh.,6.88¢/kWh.
Lake View,10.71¢/kWh.,11.74¢/kWh.,6.07¢/kWh.
Lanett,10.21¢/kWh.,11.01¢/kWh.,6.15¢/kWh.
Langston,11.19¢/kWh.,10.88¢/kWh.,7.48¢/kWh.
Leeds,10.67¢/kWh.,11.57¢/kWh.,5.69¢/kWh.
Leesburg,12.48¢/kWh.,12.08¢/kWh.,6.35¢/kWh.
Leighton,10.96¢/kWh.,10.7¢/kWh.,5.88¢/kWh.
Lester,10.49¢/kWh.,10.48¢/kWh.,7.07¢/kWh.
Level Plains,10.71¢/kWh.,11.74¢/kWh.,6.07¢/kWh.
Lexington,10.53¢/kWh.,10.61¢/kWh.,6.72¢/kWh.
Libertyville,13¢/kWh.,14.62¢/kWh.,8.99¢/kWh.
Lincoln,14.96¢/kWh.,12.99¢/kWh.,11.92¢/kWh.
Linden,10.71¢/kWh.,11.74¢/kWh.,6.07¢/kWh.
Lineville,10.71¢/kWh.,11.74¢/kWh.,6.07¢/kWh.
Lipscomb,10.76¢/kWh.,10.96¢/kWh.,6.6¢/kWh.
Lisman,10.71¢/kWh.,11.74¢/kWh.,6.07¢/kWh.
Littleville,10.96¢/kWh.,10.7¢/kWh.,5.88¢/kWh.
Livingston,10.71¢/kWh.,11.74¢/kWh.,6.07¢/kWh.
Loachapoka,10.71¢/kWh.,11.74¢/kWh.,6.07¢/kWh.
Lockhart,12.46¢/kWh.,12.82¢/kWh.,8.38¢/kWh.
Locust Fork,10.67¢/kWh.,11.57¢/kWh.,5.69¢/kWh.
Louisville,10.71¢/kWh.,11.74¢/kWh.,6.07¢/kWh.
Lowndesboro,13.17¢/kWh.,16.04¢/kWh.,6.22¢/kWh.
Loxley,9.9¢/kWh.,11.81¢/kWh.,6.22¢/kWh.
Luverne,12.2¢/kWh.,13.27¢/kWh.,9.5¢/kWh.
Lynn,10.67¢/kWh.,11.57¢/kWh.,5.69¢/kWh.
Madison,10.04¢/kWh.,10.43¢/kWh.,6.65¢/kWh.
Madrid,10.71¢/kWh.,11.74¢/kWh.,6.07¢/kWh.
Magnolia Springs,9.9¢/kWh.,11.81¢/kWh.,6.22¢/kWh.
Malvern,10.71¢/kWh.,11.74¢/kWh.,6.07¢/kWh.
Maplesville,12.25¢/kWh.,13.22¢/kWh.,9.56¢/kWh.
Margaret,10.71¢/kWh.,11.74¢/kWh.,6.07¢/kWh.
Marion,10.71¢/kWh.,11.74¢/kWh.,6.07¢/kWh.
Maytown,10.67¢/kWh.,11.57¢/kWh.,5.69¢/kWh.
McIntosh,12.35¢/kWh.,12.68¢/kWh.,11¢/kWh.
McKenzie,10.71¢/kWh.,11.74¢/kWh.,6.07¢/kWh.
McMullen,10.67¢/kWh.,11.57¢/kWh.,5.69¢/kWh.
Memphis,10.67¢/kWh.,11.57¢/kWh.,5.69¢/kWh.
Mentone,11.23¢/kWh.,11.12¢/kWh.,6.88¢/kWh.
Midfield,10.67¢/kWh.,11.57¢/kWh.,5.69¢/kWh.
Midland City,10.71¢/kWh.,11.74¢/kWh.,6.07¢/kWh.
Midway,10.71¢/kWh.,11.74¢/kWh.,6.07¢/kWh.
Millbrook,10.71¢/kWh.,11.74¢/kWh.,6.07¢/kWh.
Millport,10.71¢/kWh.,11.74¢/kWh.,6.07¢/kWh.
Millry,12.35¢/kWh.,12.68¢/kWh.,11¢/kWh.
Mobile,10.71¢/kWh.,11.74¢/kWh.,6.07¢/kWh.
Monroeville,10.71¢/kWh.,11.74¢/kWh.,6.07¢/kWh.
Montevallo,10.71¢/kWh.,11.74¢/kWh.,6.07¢/kWh.
Montgomery,10.71¢/kWh.,11.74¢/kWh.,6.07¢/kWh.
Moody,10.67¢/kWh.,11.57¢/kWh.,5.69¢/kWh.
Mooresville,10.49¢/kWh.,10.48¢/kWh.,7.07¢/kWh.
Morris,10.67¢/kWh.,11.57¢/kWh.,5.69¢/kWh.
Mosses,13.17¢/kWh.,16.04¢/kWh.,6.22¢/kWh.
Moulton,11.16¢/kWh.,11.11¢/kWh.,5.93¢/kWh.
Moundville,10.71¢/kWh.,11.74¢/kWh.,6.07¢/kWh.
Mountain Brook,10.67¢/kWh.,11.57¢/kWh.,5.69¢/kWh.
Mount Vernon,10.71¢/kWh.,11.74¢/kWh.,6.07¢/kWh.
Mulga,10.67¢/kWh.,11.57¢/kWh.,5.69¢/kWh.
Munford,10.71¢/kWh.,11.74¢/kWh.,6.07¢/kWh.
Muscle Shoals,10.62¢/kWh.,10.53¢/kWh.,6.62¢/kWh.
Myrtlewood,10.86¢/kWh.,10.68¢/kWh.,8.76¢/kWh.
Napier Field,10.71¢/kWh.,11.74¢/kWh.,6.07¢/kWh.
Natural Bridge,10.67¢/kWh.,11.57¢/kWh.,5.69¢/kWh.
Nauvoo,10.67¢/kWh.,11.57¢/kWh.,5.69¢/kWh.
Nectar,10.67¢/kWh.,11.57¢/kWh.,5.69¢/kWh.
Needham,10.86¢/kWh.,10.68¢/kWh.,8.76¢/kWh.
"option value=""newbern"">Newbern",10.86¢/kWh.,10.68¢/kWh.,8.76¢/kWh.
New Brockton,10.71¢/kWh.,11.74¢/kWh.,6.07¢/kWh.
New Hope,10.04¢/kWh.,10.43¢/kWh.,6.65¢/kWh.
New Site,10.71¢/kWh.,11.74¢/kWh.,6.07¢/kWh.
Newton,13.41¢/kWh.,12.56¢/kWh.,10.4¢/kWh.
Newville,13.41¢/kWh.,12.56¢/kWh.,10.4¢/kWh.
North Courtland,10.92¢/kWh.,10.54¢/kWh.,7.03¢/kWh.
North Johns,10.67¢/kWh.,11.57¢/kWh.,5.69¢/kWh.
Northport,10.71¢/kWh.,11.74¢/kWh.,6.07¢/kWh.
Notasulga,10.71¢/kWh.,11.74¢/kWh.,6.07¢/kWh.
Oak Grove,10.71¢/kWh.,11.74¢/kWh.,6.07¢/kWh.
Oak Hill,10.71¢/kWh.,11.74¢/kWh.,6.07¢/kWh.
Oakman,10.71¢/kWh.,11.74¢/kWh.,6.07¢/kWh.
Odenville,10.71¢/kWh.,11.74¢/kWh.,6.07¢/kWh.
Ohatchee,12.8¢/kWh.,12.19¢/kWh.,8.61¢/kWh.
Oneonta,10.67¢/kWh.,11.57¢/kWh.,5.69¢/kWh.
Onycha,14.51¢/kWh.,13.36¢/kWh.,11.93¢/kWh.
Opelika,10.32¢/kWh.,10.8¢/kWh.,6.99¢/kWh.
Opp,14.51¢/kWh.,13.36¢/kWh.,11.93¢/kWh.
Orange Beach,9.9¢/kWh.,11.81¢/kWh.,6.22¢/kWh.
Orrville,10.71¢/kWh.,11.74¢/kWh.,6.07¢/kWh.
Owens Cross Roads,10.04¢/kWh.,10.43¢/kWh.,6.65¢/kWh.
Oxford,10.67¢/kWh.,11.57¢/kWh.,5.69¢/kWh.
Ozark,10.71¢/kWh.,11.74¢/kWh.,6.07¢/kWh.
Paint Rock,11.19¢/kWh.,10.88¢/kWh.,7.48¢/kWh.
Parrish,10.71¢/kWh.,11.74¢/kWh.,6.07¢/kWh.
Pelham,10.67¢/kWh.,11.57¢/kWh.,5.69¢/kWh.
Pell City,10.71¢/kWh.,11.74¢/kWh.,6.07¢/kWh.
Pennington,10.86¢/kWh.,10.68¢/kWh.,8.76¢/kWh.
Perdido Beach,9.9¢/kWh.,11.81¢/kWh.,6.22¢/kWh.
Petrey,12.2¢/kWh.,13.27¢/kWh.,9.5¢/kWh.
Phenix City,10.71¢/kWh.,11.74¢/kWh.,6.07¢/kWh.
Phil Campbell,10.67¢/kWh.,11.57¢/kWh.,5.69¢/kWh.
Pickensville,10.67¢/kWh.,11.57¢/kWh.,5.69¢/kWh.
Piedmont,11.03¢/kWh.,11.44¢/kWh.,6.76¢/kWh.
Pike Road,10.71¢/kWh.,11.74¢/kWh.,6.07¢/kWh.
Pinckard,10.71¢/kWh.,11.74¢/kWh.,6.07¢/kWh.
Pine Apple,10.71¢/kWh.,11.74¢/kWh.,6.07¢/kWh.
Pine Hill,10.71¢/kWh.,11.74¢/kWh.,6.07¢/kWh.
Pine Ridge,11.23¢/kWh.,11.12¢/kWh.,6.88¢/kWh.
Pinson,10.67¢/kWh.,11.57¢/kWh.,5.69¢/kWh.
Pisgah,11.23¢/kWh.,11.12¢/kWh.,6.88¢/kWh.
Pleasant Grove,10.67¢/kWh.,11.57¢/kWh.,5.69¢/kWh.
Pleasant Groves,11.19¢/kWh.,10.88¢/kWh.,7.48¢/kWh.
Pollard,10.71¢/kWh.,11.74¢/kWh.,6.07¢/kWh.
Powell,11.23¢/kWh.,11.12¢/kWh.,6.88¢/kWh.
Prattville,10.71¢/kWh.,11.74¢/kWh.,6.07¢/kWh.
Priceville,11.16¢/kWh.,11.11¢/kWh.,5.93¢/kWh.
Prichard,10.71¢/kWh.,11.74¢/kWh.,6.07¢/kWh.
Providence,10.86¢/kWh.,10.68¢/kWh.,8.76¢/kWh.
Ragland,10.71¢/kWh.,11.74¢/kWh.,6.07¢/kWh.
Rainbow City,10.67¢/kWh.,11.57¢/kWh.,5.69¢/kWh.
Rainsville,11.23¢/kWh.,11.12¢/kWh.,6.88¢/kWh.
Ranburne,10.71¢/kWh.,11.74¢/kWh.,6.07¢/kWh.
Red Bay,11.29¢/kWh.,11.66¢/kWh.,7.43¢/kWh.
Red Level,13¢/kWh.,14.62¢/kWh.,8.99¢/kWh.
Reece City,10.67¢/kWh.,11.57¢/kWh.,5.69¢/kWh.
Reform,10.71¢/kWh.,11.74¢/kWh.,6.07¢/kWh.
Rehobeth,10.71¢/kWh.,11.74¢/kWh.,6.07¢/kWh.
Repton,9.56¢/kWh.,11.69¢/kWh.,8.85¢/kWh.
Ridgeville,10.67¢/kWh.,11.57¢/kWh.,5.69¢/kWh.
River Falls,13¢/kWh.,14.62¢/kWh.,8.99¢/kWh.
Riverside,10.71¢/kWh.,11.74¢/kWh.,6.07¢/kWh.
Riverview,10.14¢/kWh.,11.72¢/kWh.,7.46¢/kWh.
Roanoke,10.71¢/kWh.,11.74¢/kWh.,6.07¢/kWh.
Robertsdale,11.42¢/kWh.,10.38¢/kWh.,10.22¢/kWh.
Rockford,10.71¢/kWh.,11.74¢/kWh.,6.07¢/kWh.
Rogersville,10.53¢/kWh.,10.61¢/kWh.,6.72¢/kWh.
Rosa,10.67¢/kWh.,11.57¢/kWh.,5.69¢/kWh.
Russellville,10.54¢/kWh.,10.81¢/kWh.,6.73¢/kWh.
Rutledge,12.2¢/kWh.,13.27¢/kWh.,9.5¢/kWh.
Samson,12.46¢/kWh.,12.82¢/kWh.,8.38¢/kWh.
Sand Rock,12.48¢/kWh.,12.08¢/kWh.,6.35¢/kWh.
Sanford,13¢/kWh.,14.62¢/kWh.,8.99¢/kWh.
Saraland,10.71¢/kWh.,11.74¢/kWh.,6.07¢/kWh.
Sardis City,12.48¢/kWh.,12.08¢/kWh.,6.35¢/kWh.
Satsuma,10.71¢/kWh.,11.74¢/kWh.,6.07¢/kWh.
Scottsboro,10.37¢/kWh.,10.7¢/kWh.,6.99¢/kWh.
Section,11.23¢/kWh.,11.12¢/kWh.,6.88¢/kWh.
Selma,10.71¢/kWh.,11.74¢/kWh.,6.07¢/kWh.
Semmes,10.71¢/kWh.,11.74¢/kWh.,6.07¢/kWh.
Sheffield,10.96¢/kWh.,10.7¢/kWh.,5.88¢/kWh.
Shiloh,11.23¢/kWh.,11.12¢/kWh.,6.88¢/kWh.
Shorter,12.23¢/kWh.,12.23¢/kWh.,8.82¢/kWh.
Silas,10.86¢/kWh.,10.68¢/kWh.,8.76¢/kWh.
Silverhill,9.9¢/kWh.,11.81¢/kWh.,6.22¢/kWh.
Sipsey,10.71¢/kWh.,11.74¢/kWh.,6.07¢/kWh.
Skyline,10.37¢/kWh.,10.7¢/kWh.,6.99¢/kWh.
Slocomb,10.71¢/kWh.,11.74¢/kWh.,6.07¢/kWh.
Smiths Station,10.71¢/kWh.,11.74¢/kWh.,6.07¢/kWh.
Snead,10.67¢/kWh.,11.57¢/kWh.,5.69¢/kWh.
Somerville,11.16¢/kWh.,11.11¢/kWh.,5.93¢/kWh.
Southside,10.67¢/kWh.,11.57¢/kWh.,5.69¢/kWh.
South Vinemont,11.36¢/kWh.,11.28¢/kWh.,6.68¢/kWh.
Spanish Fort,9.9¢/kWh.,11.81¢/kWh.,6.22¢/kWh.
Springville,10.67¢/kWh.,11.57¢/kWh.,5.69¢/kWh.
Steele,10.71¢/kWh.,11.74¢/kWh.,6.07¢/kWh.
Stevenson,11.19¢/kWh.,10.88¢/kWh.,7.48¢/kWh.
Saint Florian,10.53¢/kWh.,10.61¢/kWh.,6.72¢/kWh.
Sulligent,10.71¢/kWh.,11.74¢/kWh.,6.07¢/kWh.
Sumiton,10.71¢/kWh.,11.74¢/kWh.,6.07¢/kWh.
Summerdale,9.9¢/kWh.,11.81¢/kWh.,6.22¢/kWh.
Susan Moore,10.67¢/kWh.,11.57¢/kWh.,5.69¢/kWh.
Sweet Water,10.71¢/kWh.,11.74¢/kWh.,6.07¢/kWh.
Sylacauga,10.71¢/kWh.,11.74¢/kWh.,6.07¢/kWh.
Sylvania,11.23¢/kWh.,11.12¢/kWh.,6.88¢/kWh.
Sylvan Springs,10.67¢/kWh.,11.57¢/kWh.,5.69¢/kWh.
Talladega,10.71¢/kWh.,11.74¢/kWh.,6.07¢/kWh.
Talladega Springs,10.71¢/kWh.,11.74¢/kWh.,6.07¢/kWh.
Tallassee,10.71¢/kWh.,11.74¢/kWh.,6.07¢/kWh.
Tarrant,11.07¢/kWh.,10.88¢/kWh.,7.85¢/kWh.
Taylor,10.71¢/kWh.,11.74¢/kWh.,6.07¢/kWh.
Thomaston,10.71¢/kWh.,11.74¢/kWh.,6.07¢/kWh.
Thomasville,10.71¢/kWh.,11.74¢/kWh.,6.07¢/kWh.
Thorsby,10.71¢/kWh.,11.74¢/kWh.,6.07¢/kWh.
Town Creek,11.16¢/kWh.,11.11¢/kWh.,5.93¢/kWh.
Toxey,10.71¢/kWh.,11.74¢/kWh.,6.07¢/kWh.
Trafford,10.67¢/kWh.,11.57¢/kWh.,5.69¢/kWh.
Triana,10.04¢/kWh.,10.43¢/kWh.,6.65¢/kWh.
Trinity,11.16¢/kWh.,11.11¢/kWh.,5.93¢/kWh.
Troy,12.2¢/kWh.,13.27¢/kWh.,9.5¢/kWh.
Trussville,10.67¢/kWh.,11.57¢/kWh.,5.69¢/kWh.
Tuscaloosa,10.71¢/kWh.,11.74¢/kWh.,6.07¢/kWh.
Tuscumbia,11¢/kWh.,10.78¢/kWh.,8.42¢/kWh.
Tuskegee,12.15¢/kWh.,12.03¢/kWh.,9¢/kWh.
Twin,11.92¢/kWh.,12.18¢/kWh.,5.76¢/kWh.
Union,10.71¢/kWh.,11.74¢/kWh.,6.07¢/kWh.
Union Grove,10.73¢/kWh.,10.98¢/kWh.,7.37¢/kWh.
Union Springs,10.71¢/kWh.,11.74¢/kWh.,6.07¢/kWh.
Uniontown,10.71¢/kWh.,11.74¢/kWh.,6.07¢/kWh.
Valley,10.71¢/kWh.,11.74¢/kWh.,6.07¢/kWh.
Valley Grande,10.71¢/kWh.,11.74¢/kWh.,6.07¢/kWh.
Valley Head,11.23¢/kWh.,11.12¢/kWh.,6.88¢/kWh.
Vance,10.71¢/kWh.,11.74¢/kWh.,6.07¢/kWh.
Vernon,10.71¢/kWh.,11.74¢/kWh.,6.07¢/kWh.
Vestavia Hills,10.67¢/kWh.,11.57¢/kWh.,5.69¢/kWh.
Vina,10.67¢/kWh.,11.57¢/kWh.,5.69¢/kWh.
Vincent,10.71¢/kWh.,11.74¢/kWh.,6.07¢/kWh.
Vredenburgh,12.35¢/kWh.,12.68¢/kWh.,11¢/kWh.
Wadley,10.71¢/kWh.,11.74¢/kWh.,6.07¢/kWh.
Waldo,10.71¢/kWh.,11.74¢/kWh.,6.07¢/kWh.
Walnut Grove,10.67¢/kWh.,11.57¢/kWh.,5.69¢/kWh.
Warrior,10.67¢/kWh.,11.57¢/kWh.,5.69¢/kWh.
Waterloo,10.53¢/kWh.,10.61¢/kWh.,6.72¢/kWh.
Waverly,10.71¢/kWh.,11.74¢/kWh.,6.07¢/kWh.
Weaver,10.67¢/kWh.,11.57¢/kWh.,5.69¢/kWh.
Webb,10.71¢/kWh.,11.74¢/kWh.,6.07¢/kWh.
Wedowee,10.71¢/kWh.,11.74¢/kWh.,6.07¢/kWh.
West Blocton,10.71¢/kWh.,11.74¢/kWh.,6.07¢/kWh.
West Jefferson,10.71¢/kWh.,11.74¢/kWh.,6.07¢/kWh.
Westover,10.71¢/kWh.,11.74¢/kWh.,6.07¢/kWh.
West Point,11.36¢/kWh.,11.28¢/kWh.,6.68¢/kWh.
Wetumpka,10.71¢/kWh.,11.74¢/kWh.,6.07¢/kWh.
White Hall,13.17¢/kWh.,16.04¢/kWh.,6.22¢/kWh.
Wilsonville,10.71¢/kWh.,11.74¢/kWh.,6.07¢/kWh.
Wilton,10.71¢/kWh.,11.74¢/kWh.,6.07¢/kWh.
Winfield,10.67¢/kWh.,11.57¢/kWh.,5.69¢/kWh.
Woodland,10.71¢/kWh.,11.74¢/kWh.,6.07¢/kWh.
Woodstock,10.71¢/kWh.,11.74¢/kWh.,6.07¢/kWh.
Woodville,11.19¢/kWh.,10.88¢/kWh.,7.48¢/kWh.
Yellow Bluff,10.71¢/kWh.,11.74¢/kWh.,6.07¢/kWh.
York,10.71¢/kWh.,11.74¢/kWh.,6.07¢/kWh.
