Argyle Waste PP,,Contact us – Google,http://www.google.com/contact/
Invicta Waste PP,,"SOCCER.COM | Soccer Cleats and Shoes, Soccer Jerseys ...",https://www.soccer.com/
Plane Creek Waste PP,,Contact us – Google,http://www.google.com/contact/
Port Kembla Waste PP,,Contact us – Google,http://www.google.com/contact/
Rocky Point Waste PP,,Contact us – Google,http://www.google.com/contact/
Tully Waste PP,,Contact us – Google,http://www.google.com/contact/
Weipa Waste PP,,Contact us – Google,http://www.google.com/contact/
Centrale de Congeneration de Saint Felicien Power Plant Canada,CHI Canada Inc.,Contact Us - Farouk Systems - Professional Hair Care ...,https://farouk.com/contact-us/
Fort Francis Mill Biomass Power Plant Canada,Abitibi Consolidated Company of Canada,CONTACT Abitibi-Consolidated Company Of Canada,https://www.profilecanada.com/contact_company.cfm?company=152120_Abitibi-Consolidated_Company_Of_Canada_Fort_Frances_ON
Grand Prairie Cogen Power Plant Canada,Canadian Gas and Electric Inc. (Canadian Hydro Developers),Contact California Solar Companies,http://www.solar-california.org/contact-california-solar-companies/
Plasco Trail Road Waste Power Plant Canada,Plasco Trail Road Inc,Plasco Conversion Technologies » Contact Us,http://plascoenergygroup.com/our-company/contact-us/
Whitecourt Electric Power Generating Facility Canada,Whitecourt Power LP,Whitecourt Power L.P. in Edmonton - AB - Alberta - Contact ...,http://www.callupcontact.com/b/businessprofile2/Whitecourt_Power_LP/4528474
Herning CHP Power Plant Denmark,DONG Energy,Contact - DONG Energy - Ørsted,http://www.dongenergy.com/en/contact
Pietersaari (Jakobstad) Biomass CHP Power Plant Finland,Alholmens Kraft,Alholmens Kraft - General contact information,https://www.alholmenskraft.com/en/contact
EBKW Knapsack Hurth Power Plant Germany,EBS Kraftwerk GmbH,"Spreerecycling, EBS Kraftwerk der Hamburger Rieger GmbH ...",http://www.spreerecycling.com/index.php?Page_ID=ansprechpartner&Lang_ID=en
Iserlohn AWG Mullheizkraftwerk Wuppertal Germany,AWG Abfallwirtschaftsgesellschaft mbH,AWE Contact Gesellschaft mit beschränkter Haftung ...,https://www.kompany.de/p/de/hrb81340%20m%C3%BCnchen
Ano Liosia Waste Power Plant Greece,DEI Public Power Corporation,Contact PPC | PPC S.A.,https://www.dei.gr/en/ergaleia/epikoinwniste-me-ti-dei/steilte-mas-e-mail
Brescia Waste-to-Energy Plant Italy,A2A,A2A Pharmaceuticals Investments Completed - nbc12.com,http://www.nbc12.com/story/37435075/a2a-pharmaceuticals-investments-completed
Monte Rosa Cogen Power Plant Nicaragua,"Monte Rosa, S.A. (IMR)",Lisa Brown at Verizon Communications Inc. Contact Details ...,https://leadferret.com/directory/person/lisa-brown/11508161
Keppel Seghers Tuas WTE Plant Singapore,Keppel Seghers,Keppel Seghers - Contact Us,http://www.keppelseghers.com/en/content.aspx?sid=3002
Senoko WTE Incineration Plant Singapore,Keppel Seghers,Keppel Seghers - Contact Us,http://www.keppelseghers.com/en/content.aspx?sid=3002
Tuas South WTE Incineration Plant Singapore,National Environmental Agency (NEA),Contact NEA - National Environment Agency,http://www.nea.gov.sg/corporate-functions/contact-nea
Tuas WTE Incineration Plant Singapore,,Contact us – Google,http://www.google.com/contact/
Ulu Pandan WTE Incineration Plant Singapore,National Environment Agency (NEA),Contact NEA - National Environment Agency,http://www.nea.gov.sg/corporate-functions/contact-nea
Aros CHP Power Plant Sweden,Malarenergi AB,"Contact Jenni Avins, Quartz - PressRush",https://www.pressrush.com/author/3713315/jenni-avins
Vartan CHP8 Power Plant Sweden,Fortum Varme,About us - Klemetsrudanlegget,https://klemetsrudanlegget.no/about-us/category269.html
Kakira Bagasse Power Plant Uganda,Kakira Energy Company,uganda pulp and paper mill ltd contact details,http://educationcare.in/en-grinder/10077.html
2 AC Station Waste Plant IN USA,,Contact us – Google,http://www.google.com/contact/
5 AC Station Waste Plant IN USA,,Contact us – Google,http://www.google.com/contact/
ABC Coke Waste Plant AL USA,,Contact us – Google,http://www.google.com/contact/
AES Mendota Waste Plant CA USA,,"SOCCER.COM | Soccer Cleats and Shoes, Soccer Jerseys ...",https://www.soccer.com/
Adrian Energy Associates LLC Waste Plant MI USA,,Contact us – Google,http://www.google.com/contact/
Agrilectric Power Partners Ltd Waste Plant LA USA,,"SOCCER.COM | Soccer Cleats and Shoes, Soccer Jerseys ...",https://www.soccer.com/
Akron Recycle Energy Plant Waste Plant OH USA,,Contact us – Google,http://www.google.com/contact/
Al Turi Waste Plant NY USA,,Contact us – Google,http://www.google.com/contact/
Alabama Pine Pulp Waste Plant AL USA,,Contact us – Google,http://www.google.com/contact/
Alabama River Pulp Waste Plant AL USA,,Contact us – Google,http://www.google.com/contact/
Albany Landfill Gas Utilization Project Waste Plant NY USA,,"SOCCER.COM | Soccer Cleats and Shoes, Soccer Jerseys ...",https://www.soccer.com/
Albany Paper Mill Waste Plant OR USA,,Contact us – Google,http://www.google.com/contact/
Aliso Water Management Agency Waste Plant CA USA,,Contact us – Google,http://www.google.com/contact/
Altamont Gas Recovery Waste Plant CA USA,,Contact us – Google,http://www.google.com/contact/
American Canyon Power Plant Waste Plant CA USA,,Contact us – Google,http://www.google.com/contact/
American Ref-Fuel of Delaware Valley Waste Plant PA USA,,Contact us – Google,http://www.google.com/contact/
American Ref-Fuel of Essex Waste Plant NJ USA,,"SOCCER.COM | Soccer Cleats and Shoes, Soccer Jerseys ...",https://www.soccer.com/
American Ref-Fuel of Hempstead Waste Plant NY USA,,Contact us – Google,http://www.google.com/contact/
American Ref-Fuel of Niagara Waste Plant NY USA,,Contact us – Google,http://www.google.com/contact/
American Ref-Fuel of SE CT Waste Plant CT USA,,Contact us – Google,http://www.google.com/contact/
Androscoggin Mill Waste Plant ME USA,,Contact us – Google,http://www.google.com/contact/
Arbor Hills Waste Plant MI USA,,Contact us – Google,http://www.google.com/contact/
Archbald Power Station Waste Plant PA USA,,Contact us – Google,http://www.google.com/contact/
Avon Energy Partners LLC Waste Plant IL USA,,Contact us – Google,http://www.google.com/contact/
BJ Gas Recovery Waste Plant GA USA,,"SOCCER.COM | Soccer Cleats and Shoes, Soccer Jerseys ...",https://www.soccer.com/
BKK Landfill Waste Plant CA USA,,Contact us – Google,http://www.google.com/contact/
Balefill Landfill Gas Utilization Proj Waste Plant NJ USA,,Contact us – Google,http://www.google.com/contact/
Barre Waste Plant MA USA,,Contact us – Google,http://www.google.com/contact/
Bavarian LFGTE Waste Plant KY USA,,Contact us – Google,http://www.google.com/contact/
Bay Resource Management Center Waste Plant FL USA,,Contact us – Google,http://www.google.com/contact/
Bayville Central Facility Waste Plant NJ USA,,Contact us – Google,http://www.google.com/contact/
Berlin Gorham Waste Plant NH USA,,Contact us – Google,http://www.google.com/contact/
Berlin Waste Plant WI USA,,Contact us – Google,http://www.google.com/contact/
Biomass One LP Waste Plant OR USA,,Contact us – Google,http://www.google.com/contact/
Blackburn Landfill Co-Generation Waste Plant NC USA,,Contact us – Google,http://www.google.com/contact/
Boise Cascade International Falls Waste Plant MN USA,,Contact us – Google,http://www.google.com/contact/
Boralex Ashland Waste Plant ME USA,,Contact us – Google,http://www.google.com/contact/
Boralex Beaver Livermore Falls Waste Plant ME USA,,Contact us – Google,http://www.google.com/contact/
Boralex Chateaugay Power Station Waste Plant NY USA,,Contact us – Google,http://www.google.com/contact/
Boralex Fort Fairfield Waste Plant ME USA,,Contact us – Google,http://www.google.com/contact/
Boralex Stratton Energy Waste Plant ME USA,,Contact us – Google,http://www.google.com/contact/
Borger Plant Waste Plant TX USA,,Contact us – Google,http://www.google.com/contact/
Brent Run Generating Station Waste Plant MI USA,,Contact us – Google,http://www.google.com/contact/
Brickyard Energy Partners LLC Waste Plant IL USA,,Contact us – Google,http://www.google.com/contact/
Bridgewater Power LP Waste Plant NH USA,,"SOCCER.COM | Soccer Cleats and Shoes, Soccer Jerseys ...",https://www.soccer.com/
Brookhaven Facility Waste Plant NY USA,,Contact us – Google,http://www.google.com/contact/
Brunswick Cellulose Waste Plant GA USA,,Contact us – Google,http://www.google.com/contact/
Bryant Sugar House Waste Plant FL USA,,Contact us – Google,http://www.google.com/contact/
Buckeye Florida LP Waste Plant FL USA,,Contact us – Google,http://www.google.com/contact/
Burney Forest Products Waste Plant CA USA,,Contact us – Google,http://www.google.com/contact/
Burney Mountain Power Waste Plant CA USA,,Contact us – Google,http://www.google.com/contact/
Burns Harbor Plant Waste Plant IN USA,,Contact us – Google,http://www.google.com/contact/
Byxbee Park Sanitary Landfill Waste Plant CA USA,,Contact us – Google,http://www.google.com/contact/
C  and  C Electric Waste Plant MI USA,,Contact us – Google,http://www.google.com/contact/
CID Gas Recovery Waste Plant IL USA,,Contact us – Google,http://www.google.com/contact/
CSL Gas Recovery Waste Plant FL USA,,Contact us – Google,http://www.google.com/contact/
Cadillac Renewable Energy Waste Plant MI USA,,Contact us – Google,http://www.google.com/contact/
Camden Resource Recovery Facility Waste Plant NJ USA,,"SOCCER.COM | Soccer Cleats and Shoes, Soccer Jerseys ...",https://www.soccer.com/
Central District Wastewater Treat Plant Waste Plant FL USA,,Contact us – Google,http://www.google.com/contact/
Central Michigan University Waste Plant MI USA,,Contact us – Google,http://www.google.com/contact/
Century Flooring Co Waste Plant AR USA,,"SOCCER.COM | Soccer Cleats and Shoes, Soccer Jerseys ...",https://www.soccer.com/
Channel Energy Center Waste Plant TX USA,,Contact us – Google,http://www.google.com/contact/
Charleston Resource Recovery Facility Waste Plant SC USA,,Contact us – Google,http://www.google.com/contact/
Charlotte Motor Speedway Waste Plant NC USA,,Contact us – Google,http://www.google.com/contact/
Chestnut Ridge Gas Recovery Waste Plant TN USA,,Contact us – Google,http://www.google.com/contact/
Chicopee Electric Waste Plant MA USA,,Contact us – Google,http://www.google.com/contact/
Clairton Works Waste Plant PA USA,,Contact us – Google,http://www.google.com/contact/
Clewiston Sugar House Waste Plant FL USA,,Contact us – Google,http://www.google.com/contact/
Coffin Butte Waste Plant OR USA,,Contact us – Google,http://www.google.com/contact/
Collins Pine Project Waste Plant CA USA,,Contact us – Google,http://www.google.com/contact/
Colton Landfill Waste Plant CA USA,,Contact us – Google,http://www.google.com/contact/
Colville Indian Power  and  Veneer Waste Plant WA USA,,Contact us – Google,http://www.google.com/contact/
Commerce Refuse To Energy Waste Plant CA USA,,Contact us – Google,http://www.google.com/contact/
Conoco Waste Plant OK USA,,Contact us – Google,http://www.google.com/contact/
ConocoPhillips Rodeo Refinery Waste Plant CA USA,,Contact us – Google,http://www.google.com/contact/
Countyside Genco LLC Waste Plant IL USA,,"SOCCER.COM | Soccer Cleats and Shoes, Soccer Jerseys ...",https://www.soccer.com/
Covanta Alexandria/Arlington Energy Waste Plant VA USA,,Contact us – Google,http://www.google.com/contact/
Covanta Babylon Energy Waste Plant NY USA,,Contact us – Google,http://www.google.com/contact/
Covanta Bristol Energy Waste Plant CT USA,,Contact us – Google,http://www.google.com/contact/
Covanta Fairfax Energy Waste Plant VA USA,,Contact us – Google,http://www.google.com/contact/
Covanta Haverhill Waste Plant MA USA,,Contact us – Google,http://www.google.com/contact/
Covanta Hennepin Energy Waste Plant MN USA,,Contact us – Google,http://www.google.com/contact/
Covanta Indianapolis Energy Waste Plant IN USA,,Contact us – Google,http://www.google.com/contact/
Covanta Lake County Energy Waste Plant FL USA,,Contact us – Google,http://www.google.com/contact/
Covanta Marion Inc Waste Plant OR USA,,"SOCCER.COM | Soccer Cleats and Shoes, Soccer Jerseys ...",https://www.soccer.com/
Covanta Stanislaus Energy Waste Plant CA USA,,Contact us – Google,http://www.google.com/contact/
Covanta Wallingford Energy Waste Plant CT USA,,Contact us – Google,http://www.google.com/contact/
Covanta Warren Energy Waste Plant NJ USA,,Contact us – Google,http://www.google.com/contact/
Cox Waste to Energy Waste Plant KY USA,,Contact us – Google,http://www.google.com/contact/
Coyote Canyon Steam Plant Waste Plant CA USA,,"SOCCER.COM | Soccer Cleats and Shoes, Soccer Jerseys ...",https://www.soccer.com/
Cuyahoga Regional Landfill Waste Plant OH USA,,Contact us – Google,http://www.google.com/contact/
DFW Gas Recovery Waste Plant TX USA,,Contact us – Google,http://www.google.com/contact/
DG Telogia Power Waste Plant FL USA,,Contact us – Google,http://www.google.com/contact/
Dane County Landfill #2 Rodefeld Waste Plant WI USA,,Contact us – Google,http://www.google.com/contact/
Davenport Water Pollution Control Plant Waste Plant IA USA,,Contact us – Google,http://www.google.com/contact/
DeRidder Mill Waste Plant LA USA,,Contact us – Google,http://www.google.com/contact/
Deer Island Treatment Plant Waste Plant MA USA,,Contact us – Google,http://www.google.com/contact/
Deercroft Gas Recovery Waste Plant IN USA,,Contact us – Google,http://www.google.com/contact/
Delano Energy Waste Plant CA USA,,Contact us – Google,http://www.google.com/contact/
Delaware City Plant Waste Plant DE USA,,Contact us – Google,http://www.google.com/contact/
Des Moines Wastewater Reclamation Fac Waste Plant IA USA,,Contact us – Google,http://www.google.com/contact/
Devonshire Power Partners LLC Waste Plant IL USA,,Contact us – Google,http://www.google.com/contact/
Diamond Walnut Waste Plant CA USA,,Contact us – Google,http://www.google.com/contact/
Dillard Complex Waste Plant OR USA,,"SOCCER.COM | Soccer Cleats and Shoes, Soccer Jerseys ...",https://www.soccer.com/
Dixon/Lee Energy Partners LLC Waste Plant IL USA,,Contact us – Google,http://www.google.com/contact/
Domtar - Woodland Mill Waste Plant ME USA,,Contact us – Google,http://www.google.com/contact/
Dunbarton Energy Partners LP Waste Plant NH USA,,"SOCCER.COM | Soccer Cleats and Shoes, Soccer Jerseys ...",https://www.soccer.com/
Dutchess County Resource Recovery Agency Waste Plant NY USA,,Contact us – Google,http://www.google.com/contact/
EKS Landfill Waste Plant MN USA,,Contact us – Google,http://www.google.com/contact/
EQ Waste Energy Services Waste Plant MI USA,,Contact us – Google,http://www.google.com/contact/
East Bridgewater Waste Plant MA USA,,Contact us – Google,http://www.google.com/contact/
East Millinocket Mill Waste Plant ME USA,,Contact us – Google,http://www.google.com/contact/
Eastern Correctional Institute Waste Plant MD USA,,Contact us – Google,http://www.google.com/contact/
Elk Basin Gasoline Plant Waste Plant WY USA,,Contact us – Google,http://www.google.com/contact/
Elk City Station Waste Plant NE USA,,Contact us – Google,http://www.google.com/contact/
Elk River Waste Plant MN USA,,"SOCCER.COM | Soccer Cleats and Shoes, Soccer Jerseys ...",https://www.soccer.com/
Enderlin Waste Plant ND USA,,Contact us – Google,http://www.google.com/contact/
Engineered Carbons Borger Cogen Waste Plant TX USA,,Contact us – Google,http://www.google.com/contact/
Engineered Carbons Echo Cogeneration Waste Plant TX USA,,Contact us – Google,http://www.google.com/contact/
Everett Cogen Waste Plant WA USA,,Contact us – Google,http://www.google.com/contact/
Exeter Energy Project LP Waste Plant CT USA,,Contact us – Google,http://www.google.com/contact/
Expander Turbine Waste Plant IN USA,,Contact us – Google,http://www.google.com/contact/
ExxonMobil Oil Joliet Refinery Waste Plant IL USA,,"SOCCER.COM | Soccer Cleats and Shoes, Soccer Jerseys ...",https://www.soccer.com/
Fairfield Works Waste Plant AL USA,,Contact us – Google,http://www.google.com/contact/
Fairhaven Power Waste Plant CA USA,,Contact us – Google,http://www.google.com/contact/
Fairless Hills Waste Plant PA USA,,Contact us – Google,http://www.google.com/contact/
Fall River Electric Waste Plant MA USA,,Contact us – Google,http://www.google.com/contact/
Finch Pruyn Waste Plant NY USA,,Contact us – Google,http://www.google.com/contact/
Flint River Operations Waste Plant GA USA,,Contact us – Google,http://www.google.com/contact/
Four Hills Nashua Landfill Waste Plant NH USA,,Contact us – Google,http://www.google.com/contact/
Fourche Creek Wastewater Waste Plant AR USA,,"SOCCER.COM | Soccer Cleats and Shoes, Soccer Jerseys ...",https://www.soccer.com/
Fox Valley Energy Center Waste Plant WI USA,,Contact us – Google,http://www.google.com/contact/
French Island Waste Plant WI USA,,Contact us – Google,http://www.google.com/contact/
Gary Works Waste Plant IN USA,,Contact us – Google,http://www.google.com/contact/
Gas Utilization Facility Waste Plant CA USA,,"SOCCER.COM | Soccer Cleats and Shoes, Soccer Jerseys ...",https://www.soccer.com/
Gay Robinson Waste Plant HI USA,,Contact us – Google,http://www.google.com/contact/
Gaylord Container Bogalusa Waste Plant LA USA,,Contact us – Google,http://www.google.com/contact/
Genesee Power Station LP Waste Plant MI USA,,Contact us – Google,http://www.google.com/contact/
Georgia Pacific Crossett Waste Plant AR USA,,Contact us – Google,http://www.google.com/contact/
Georgia Pacific Monticello Paper Waste Plant MS USA,,Contact us – Google,http://www.google.com/contact/
Georgia Pacific Old Town Division Waste Plant ME USA,,Contact us – Google,http://www.google.com/contact/
Georgia Pacific Port Hudson Waste Plant LA USA,,"SOCCER.COM | Soccer Cleats and Shoes, Soccer Jerseys ...",https://www.soccer.com/
Gilman Mill Waste Plant VT USA,,Contact us – Google,http://www.google.com/contact/
Girvin Landfill Waste Plant FL USA,,Contact us – Google,http://www.google.com/contact/
Grand Blanc Generating Station Waste Plant MI USA,,Contact us – Google,http://www.google.com/contact/
Granger Electric Generating Station #1 Waste Plant MI USA,,Contact us – Google,http://www.google.com/contact/
Granger Electric Generating Station #2 Waste Plant MI USA,,"SOCCER.COM | Soccer Cleats and Shoes, Soccer Jerseys ...",https://www.soccer.com/
Grayling Generating Station Waste Plant MI USA,,Contact us – Google,http://www.google.com/contact/
Greater Detroit Resource Recovery Waste Plant MI USA,,Contact us – Google,http://www.google.com/contact/
Green Knight Energy Center Waste Plant PA USA,,Contact us – Google,http://www.google.com/contact/
Green Valley LFGTE Waste Plant KY USA,,Contact us – Google,http://www.google.com/contact/
Greene Valley Gas Recovery Waste Plant IL USA,,Contact us – Google,http://www.google.com/contact/
Greenville Steam Waste Plant ME USA,,Contact us – Google,http://www.google.com/contact/
Guadalupe Power Plant Waste Plant CA USA,,Contact us – Google,http://www.google.com/contact/
Gude Waste Plant MD USA,,Contact us – Google,http://www.google.com/contact/
H Power Waste Plant HI USA,,Contact us – Google,http://www.google.com/contact/
HL Power Waste Plant CA USA,,Contact us – Google,http://www.google.com/contact/
HMDC Kingsland Landfill Waste Plant NJ USA,,Contact us – Google,http://www.google.com/contact/
Halifax Electric Waste Plant MA USA,,Contact us – Google,http://www.google.com/contact/
Harford Waste to Energy Facility Waste Plant MD USA,,Contact us – Google,http://www.google.com/contact/
Hartco Flooring Waste Plant TN USA,,Contact us – Google,http://www.google.com/contact/
Hartford Landfill Gas Utilization Proj Waste Plant CT USA,,Contact us – Google,http://www.google.com/contact/
Hawaii Cogen Waste Plant HI USA,,Contact us – Google,http://www.google.com/contact/
Hemphill Power  and  Light Waste Plant NH USA,,Contact us – Google,http://www.google.com/contact/
Hercules Brunswick Plant Waste Plant GA USA,,"SOCCER.COM | Soccer Cleats and Shoes, Soccer Jerseys ...",https://www.soccer.com/
High Acres Gas Recovery Waste Plant NY USA,,Contact us – Google,http://www.google.com/contact/
Hillman Power LLC Waste Plant MI USA,,Contact us – Google,http://www.google.com/contact/
Hillsborough County Resource Recovery Waste Plant FL USA,,Contact us – Google,http://www.google.com/contact/
Hoge Lumber Waste Plant OH USA,,Contact us – Google,http://www.google.com/contact/
Horry Land Fill Gas Site Waste Plant SC USA,,Contact us – Google,http://www.google.com/contact/
Howard F Curren Advncd Wastewater Plant Waste Plant FL USA,,"SOCCER.COM | Soccer Cleats and Shoes, Soccer Jerseys ...",https://www.soccer.com/
Huntington Resource Recovery Facility Waste Plant NY USA,,Contact us – Google,http://www.google.com/contact/
I 95 Landfill Phase II Waste Plant VA USA,,Contact us – Google,http://www.google.com/contact/
I 95 Municipal Landfill Phase I Waste Plant VA USA,,Contact us – Google,http://www.google.com/contact/
ISG Cleveland Works Waste Plant OH USA,,Contact us – Google,http://www.google.com/contact/
ISG Indiana Harbor Works Waste Plant IN USA,,Contact us – Google,http://www.google.com/contact/
ISG Weirton Waste Plant WV USA,,Contact us – Google,http://www.google.com/contact/
Indeck Jonesboro Energy Center Waste Plant ME USA,,Contact us – Google,http://www.google.com/contact/
Indeck West Enfield Energy Center Waste Plant ME USA,,Contact us – Google,http://www.google.com/contact/
Inland Paperboard and Packaging Waste Plant TX USA,,Contact us – Google,http://www.google.com/contact/
International Paper Courtland Mill Waste Plant AL USA,,Contact us – Google,http://www.google.com/contact/
International Paper Pine Bluff Mill Waste Plant AR USA,,"SOCCER.COM | Soccer Cleats and Shoes, Soccer Jerseys ...",https://www.soccer.com/
International Paper Riegelwood Mill Waste Plant NC USA,,"SOCCER.COM | Soccer Cleats and Shoes, Soccer Jerseys ...",https://www.soccer.com/
International Paper Riverdale Mill Waste Plant AL USA,,Contact us – Google,http://www.google.com/contact/
International Paper Texarkana Mill Waste Plant TX USA,,Contact us – Google,http://www.google.com/contact/
International Paper Vicksburg Mill Waste Plant MS USA,,Contact us – Google,http://www.google.com/contact/
Interstate Paper LLC Riceboro Waste Plant GA USA,,Contact us – Google,http://www.google.com/contact/
J  and  L Electric Waste Plant ME USA,,Contact us – Google,http://www.google.com/contact/
Jackson County Resource Recovery Waste Plant MI USA,,Contact us – Google,http://www.google.com/contact/
Jeanerette Sugar Waste Plant LA USA,,Contact us – Google,http://www.google.com/contact/
Jefferson Power LLC Waste Plant FL USA,,Contact us – Google,http://www.google.com/contact/
Joseph C. McNeil Generating Station USA,,Contact us – Google,http://www.google.com/contact/
KMS Joliet Power Partners LP Waste Plant IL USA,,Contact us – Google,http://www.google.com/contact/
Kankakee Gas Recovery Waste Plant IL USA,,"SOCCER.COM | Soccer Cleats and Shoes, Soccer Jerseys ...",https://www.soccer.com/
Kent County Waste to Energy Facility Waste Plant MI USA,,Contact us – Google,http://www.google.com/contact/
Kettle Falls Generating Station Waste Plant WA USA,,Contact us – Google,http://www.google.com/contact/
Keystone Landfill Waste Plant PA USA,,Contact us – Google,http://www.google.com/contact/
Kiefer Landfill Waste Plant CA USA,,Contact us – Google,http://www.google.com/contact/
Kinsleys Landfill Waste Plant NJ USA,,Contact us – Google,http://www.google.com/contact/
Koppers Susquehanna Plant Waste Plant PA USA,,Contact us – Google,http://www.google.com/contact/
Lafayette Energy Partners LP Waste Plant NJ USA,,Contact us – Google,http://www.google.com/contact/
Lake Gas Recovery Waste Plant IL USA,,Contact us – Google,http://www.google.com/contact/
Lakeview Gas Recovery Waste Plant PA USA,,Contact us – Google,http://www.google.com/contact/
Lancaster County Resource Recovery Waste Plant PA USA,,"SOCCER.COM | Soccer Cleats and Shoes, Soccer Jerseys ...",https://www.soccer.com/
Laurel Ridge LFGTE Waste Plant KY USA,,Contact us – Google,http://www.google.com/contact/
Lavalley Lumber LLC Waste Plant ME USA,,Contact us – Google,http://www.google.com/contact/
Leaf River Cellulose LLC Waste Plant MS USA,,Contact us – Google,http://www.google.com/contact/
Lebanon Methane Recovery Waste Plant PA USA,,Contact us – Google,http://www.google.com/contact/
Lee County Solid Waste Energy Waste Plant FL USA,,Contact us – Google,http://www.google.com/contact/
Lincoln Paper  and  Tissue Waste Plant ME USA,,Contact us – Google,http://www.google.com/contact/
Longview Fibre Waste Plant WA USA,,Contact us – Google,http://www.google.com/contact/
Lopez Landfill Gas Utilization Project Waste Plant CA USA,,"SOCCER.COM | Soccer Cleats and Shoes, Soccer Jerseys ...",https://www.soccer.com/
Los Angeles Refinery Wilmington Waste Plant CA USA,,Contact us – Google,http://www.google.com/contact/
Louisiana 1 Waste Plant LA USA,,Contact us – Google,http://www.google.com/contact/
Lowell Landfill Waste Plant MA USA,,Contact us – Google,http://www.google.com/contact/
Lyon Development Waste Plant MI USA,,Contact us – Google,http://www.google.com/contact/
Lyonsdale Biomass LLC Waste Plant NY USA,,Contact us – Google,http://www.google.com/contact/
M C Dixon Lumber Waste Plant AL USA,,Contact us – Google,http://www.google.com/contact/
M L Hibbard Waste Plant MN USA,,Contact us – Google,http://www.google.com/contact/
MM Nashville Waste Plant TN USA,,Contact us – Google,http://www.google.com/contact/
MM Yolo Power LLC Facility Waste Plant CA USA,,Contact us – Google,http://www.google.com/contact/
MMSD South Shore Wastewater Waste Plant WI USA,,Contact us – Google,http://www.google.com/contact/
MMWAC Resource Recovery Facility Waste Plant ME USA,,Contact us – Google,http://www.google.com/contact/
MacArthur Waste to Energy Facility Waste Plant NY USA,,Contact us – Google,http://www.google.com/contact/
Maine Energy Recovery Waste Plant ME USA,,Contact us – Google,http://www.google.com/contact/
Mallard Lake Electric Waste Plant IL USA,,"SOCCER.COM | Soccer Cleats and Shoes, Soccer Jerseys ...",https://www.soccer.com/
Mallard Ridge Gas Recovery Waste Plant WI USA,,Contact us – Google,http://www.google.com/contact/
Mandan Refinery Waste Plant ND USA,,Contact us – Google,http://www.google.com/contact/
Marina Landfill Gas Waste Plant CA USA,,Contact us – Google,http://www.google.com/contact/
Marsh Road Power Plant Waste Plant CA USA,,Contact us – Google,http://www.google.com/contact/
McKay Bay Facility Waste Plant FL USA,,Contact us – Google,http://www.google.com/contact/
Mead Coated Board Waste Plant AL USA,,Contact us – Google,http://www.google.com/contact/
MeadWestvaco Evadale Waste Plant TX USA,,Contact us – Google,http://www.google.com/contact/
Mecca Plant Waste Plant CA USA,,Contact us – Google,http://www.google.com/contact/
Medford Operation Waste Plant OR USA,,Contact us – Google,http://www.google.com/contact/
Memphis Hardwood Flooring Waste Plant TN USA,,Contact us – Google,http://www.google.com/contact/
Metro Gas Recovery Waste Plant WI USA,,Contact us – Google,http://www.google.com/contact/
Metro Methane Recovery Facility Waste Plant IA USA,,Contact us – Google,http://www.google.com/contact/
Metro Wastewater Reclamation District Waste Plant CO USA,,Contact us – Google,http://www.google.com/contact/
Miami Dade County Resource Recovery Fac Waste Plant FL USA,,Contact us – Google,http://www.google.com/contact/
Mid Valley Landfill Waste Plant CA USA,,Contact us – Google,http://www.google.com/contact/
Milam Gas Recovery Waste Plant IL USA,,Contact us – Google,http://www.google.com/contact/
Milliken Landfill Waste Plant CA USA,,Contact us – Google,http://www.google.com/contact/
Mingo Junction Energy Center Waste Plant OH USA,,Contact us – Google,http://www.google.com/contact/
Minnesota Wood Products Waste Plant MN USA,,"SOCCER.COM | Soccer Cleats and Shoes, Soccer Jerseys ...",https://www.soccer.com/
Miramar Landfill Metro Biosolids Center Waste Plant CA USA,,Contact us – Google,http://www.google.com/contact/
Missouri River Wastewater Treatment Waste Plant NE USA,,Contact us – Google,http://www.google.com/contact/
Model City Energy Facility Waste Plant NY USA,,Contact us – Google,http://www.google.com/contact/
Modern Landfill Production Plant Waste Plant PA USA,,Contact us – Google,http://www.google.com/contact/
Mon Valley Works Waste Plant PA USA,,Contact us – Google,http://www.google.com/contact/
Monroe Livingston Gas Recovery Waste Plant NY USA,,"SOCCER.COM | Soccer Cleats and Shoes, Soccer Jerseys ...",https://www.soccer.com/
Montenay Montgomery LP Waste Plant PA USA,,Contact us – Google,http://www.google.com/contact/
Monterey Regional Water Cogen Facility Waste Plant CA USA,,Contact us – Google,http://www.google.com/contact/
Montgomery County Resource Recovery Waste Plant MD USA,,Contact us – Google,http://www.google.com/contact/
Morris Genco LLC Waste Plant IL USA,,Contact us – Google,http://www.google.com/contact/
Mt Lassen Power Waste Plant CA USA,,Contact us – Google,http://www.google.com/contact/
New Hanover County WASTEC Waste Plant NC USA,,Contact us – Google,http://www.google.com/contact/
New Heights Recovery and Power LLC Waste Plant IL USA,,Contact us – Google,http://www.google.com/contact/
New Milford Gas Recovery Waste Plant CT USA,,"SOCCER.COM | Soccer Cleats and Shoes, Soccer Jerseys ...",https://www.soccer.com/
Newby Island I Waste Plant CA USA,,Contact us – Google,http://www.google.com/contact/
Newby Island II Waste Plant CA USA,,"SOCCER.COM | Soccer Cleats and Shoes, Soccer Jerseys ...",https://www.soccer.com/
North City Cogen Facility Waste Plant CA USA,,Contact us – Google,http://www.google.com/contact/
North County Regional Resource Waste Plant FL USA,,Contact us – Google,http://www.google.com/contact/
O'Brien Biogas IV LLC Waste Plant NJ USA,,"SOCCER.COM | Soccer Cleats and Shoes, Soccer Jerseys ...",https://www.soccer.com/
Ocean County Landfill Waste Plant NJ USA,,"SOCCER.COM | Soccer Cleats and Shoes, Soccer Jerseys ...",https://www.soccer.com/
Oceanside Energy Waste Plant NY USA,,Contact us – Google,http://www.google.com/contact/
Okeelanta Cogeneration Waste Plant FL USA,,Contact us – Google,http://www.google.com/contact/
Olinda Landfill Gas Recovery Plant Waste Plant CA USA,,Contact us – Google,http://www.google.com/contact/
Olmsted Waste Energy Waste Plant MN USA,,Contact us – Google,http://www.google.com/contact/
Omega Hills Gas Recovery Waste Plant WI USA,,"SOCCER.COM | Soccer Cleats and Shoes, Soccer Jerseys ...",https://www.soccer.com/
Onondaga County Resource Recovery Waste Plant NY USA,,"SOCCER.COM | Soccer Cleats and Shoes, Soccer Jerseys ...",https://www.soccer.com/
Onondaga Energy Partners LP Waste Plant NY USA,,Contact us – Google,http://www.google.com/contact/
Ontario LFGTE Waste Plant NY USA,,Contact us – Google,http://www.google.com/contact/
Oswego County Energy Recovery Waste Plant NY USA,,"SOCCER.COM | Soccer Cleats and Shoes, Soccer Jerseys ...",https://www.soccer.com/
Otay Waste Plant CA USA,,Contact us – Google,http://www.google.com/contact/
Ottawa Generating Station Waste Plant MI USA,,"SOCCER.COM | Soccer Cleats and Shoes, Soccer Jerseys ...",https://www.soccer.com/
Outagamie County Co-Generation Facility Waste Plant WI USA,,Contact us – Google,http://www.google.com/contact/
Oxnard Waste Plant CA USA,,Contact us – Google,http://www.google.com/contact/
Oxnard Wastewater Treatment Plant Waste Plant CA USA,,Contact us – Google,http://www.google.com/contact/
P.E.R.C. Waste Plant WA USA,,Contact us – Google,http://www.google.com/contact/
PG Cnty Brown Station Road II Waste Plant MD USA,,Contact us – Google,http://www.google.com/contact/
PWD Northwest Facility Waste Plant PA USA,,Contact us – Google,http://www.google.com/contact/
Pacific Lumber Waste Plant CA USA,,Contact us – Google,http://www.google.com/contact/
Pacific Oroville Power Inc Waste Plant CA USA,,Contact us – Google,http://www.google.com/contact/
Pacific-Ultrapower Chinese Station Waste Plant CA USA,,Contact us – Google,http://www.google.com/contact/
Palos Verdes Gas to Energy Waste Plant CA USA,,Contact us – Google,http://www.google.com/contact/
Papillion Creek Wastewater Waste Plant NE USA,,Contact us – Google,http://www.google.com/contact/
Pascagoula Cogen Waste Plant MS USA,,Contact us – Google,http://www.google.com/contact/
Pasco Cnty Solid Waste Resource Recovery Waste Plant FL USA,,Contact us – Google,http://www.google.com/contact/
Paulsboro Refinery Waste Plant NJ USA,,Contact us – Google,http://www.google.com/contact/
Pennsbury Waste Plant PA USA,,Contact us – Google,http://www.google.com/contact/
Penobscot Energy Recovery Waste Plant ME USA,,Contact us – Google,http://www.google.com/contact/
Penrose Power Station Waste Plant CA USA,,Contact us – Google,http://www.google.com/contact/
Peoples Generating Station Waste Plant MI USA,,"SOCCER.COM | Soccer Cleats and Shoes, Soccer Jerseys ...",https://www.soccer.com/
Pheasant Run Landfill Gas Recovery Waste Plant WI USA,,Contact us – Google,http://www.google.com/contact/
Philadelphia Refinery Waste Plant PA USA,,"SOCCER.COM | Soccer Cleats and Shoes, Soccer Jerseys ...",https://www.soccer.com/
Philadelphia Water Department Southwest Waste Plant PA USA,,Contact us – Google,http://www.google.com/contact/
Pine Bend Waste Plant MN USA,,Contact us – Google,http://www.google.com/contact/
Pine Tree Acres Waste Plant MI USA,,Contact us – Google,http://www.google.com/contact/
Pinellas County Resource Recovery Waste Plant FL USA,,Contact us – Google,http://www.google.com/contact/
Pinetree Power Fitchburg Waste Plant MA USA,,Contact us – Google,http://www.google.com/contact/
Pinetree Power Tamworth Waste Plant NH USA,,Contact us – Google,http://www.google.com/contact/
Pinetree Power Waste Plant NH USA,,Contact us – Google,http://www.google.com/contact/
Pineville Mill Waste Plant LA USA,,Contact us – Google,http://www.google.com/contact/
Pioneer Valley Resource Recovery Waste Plant MA USA,,Contact us – Google,http://www.google.com/contact/
Pittsylvania Power Station Waste Plant VA USA,,Contact us – Google,http://www.google.com/contact/
Plant 31 Paper Mill Waste Plant LA USA,,Contact us – Google,http://www.google.com/contact/
Plant No 2 Waste Plant CA USA,,Contact us – Google,http://www.google.com/contact/
Plummer Forest Products Waste Plant ID USA,,Contact us – Google,http://www.google.com/contact/
Polk Waste Plant FL USA,,"SOCCER.COM | Soccer Cleats and Shoes, Soccer Jerseys ...",https://www.soccer.com/
Port Townsend Paper Waste Plant WA USA,,Contact us – Google,http://www.google.com/contact/
Port Wentworth Mill Waste Plant GA USA,,Contact us – Google,http://www.google.com/contact/
Potlatch Arkansas Pulp Paper Waste Plant AR USA,,Contact us – Google,http://www.google.com/contact/
Potlatch Idaho Pulp Paper Waste Plant ID USA,,Contact us – Google,http://www.google.com/contact/
Potlatch Southern Wood Products Waste Plant AR USA,,Contact us – Google,http://www.google.com/contact/
Power Station 3 Waste Plant TX USA,,Contact us – Google,http://www.google.com/contact/
Prairie View Gas Recovery Waste Plant IN USA,,Contact us – Google,http://www.google.com/contact/
Prima Desheha Landfill Waste Plant CA USA,,Contact us – Google,http://www.google.com/contact/
Prince Georges County Brown Station Road Waste Plant MD USA,,Contact us – Google,http://www.google.com/contact/
Prince William County Landfill Waste Plant VA USA,,Contact us – Google,http://www.google.com/contact/
Puente Hills Energy Recovery Waste Plant CA USA,,Contact us – Google,http://www.google.com/contact/
Pulp Mill Power House Waste Plant CA USA,,Contact us – Google,http://www.google.com/contact/
Quad Cities Waste Plant IL USA,,Contact us – Google,http://www.google.com/contact/
RCWMD Badlands Landfill Gas Project Waste Plant CA USA,,"SOCCER.COM | Soccer Cleats and Shoes, Soccer Jerseys ...",https://www.soccer.com/
Rabun Gap Cogen Facility Waste Plant GA USA,,Contact us – Google,http://www.google.com/contact/
Randolph Electric Waste Plant MA USA,,Contact us – Google,http://www.google.com/contact/
Rayonier Fernandina Mill Waste Plant FL USA,,Contact us – Google,http://www.google.com/contact/
Rayonier Jesup Mill Waste Plant GA USA,,Contact us – Google,http://www.google.com/contact/
Red Wing Waste Plant MN USA,,Contact us – Google,http://www.google.com/contact/
Regional Waste Systems Waste Plant ME USA,,Contact us – Google,http://www.google.com/contact/
Reliant Baytown Waste Plant TX USA,,Contact us – Google,http://www.google.com/contact/
Reliant Bluebonnet Waste Plant TX USA,,Contact us – Google,http://www.google.com/contact/
Reliant Coastal Plains Waste Plant TX USA,,"SOCCER.COM | Soccer Cleats and Shoes, Soccer Jerseys ...",https://www.soccer.com/
Reliant Conroe Waste Plant TX USA,,Contact us – Google,http://www.google.com/contact/
Reliant Energy Renewables Atascosita Waste Plant TX USA,,Contact us – Google,http://www.google.com/contact/
Reliant Security Waste Plant TX USA,,Contact us – Google,http://www.google.com/contact/
Richmond Electric Waste Plant VA USA,,Contact us – Google,http://www.google.com/contact/
Ridge Generating Station Waste Plant FL USA,,Contact us – Google,http://www.google.com/contact/
Ridgeview Waste Plant WI USA,,Contact us – Google,http://www.google.com/contact/
Rio Bravo Fresno Waste Plant CA USA,,Contact us – Google,http://www.google.com/contact/
Rio Bravo Rocklin Waste Plant CA USA,,Contact us – Google,http://www.google.com/contact/
Rio Grande Valley Sugar Growers Waste Plant TX USA,,Contact us – Google,http://www.google.com/contact/
Riverview Energy Systems Waste Plant MI USA,,Contact us – Google,http://www.google.com/contact/
Riveside Resource Recovery LLC Waste Plant IL USA,,"SOCCER.COM | Soccer Cleats and Shoes, Soccer Jerseys ...",https://www.soccer.com/
Robbins Lumber Waste Plant ME USA,,Contact us – Google,http://www.google.com/contact/
Rockford Electric Waste Plant IL USA,,Contact us – Google,http://www.google.com/contact/
Rolls Royce Waste Plant IN USA,,"SOCCER.COM | Soccer Cleats and Shoes, Soccer Jerseys ...",https://www.soccer.com/
Roosevelt Biogas 1 Waste Plant WA USA,,"SOCCER.COM | Soccer Cleats and Shoes, Soccer Jerseys ...",https://www.soccer.com/
Roxana Resource Recovery Waste Plant IL USA,,Contact us – Google,http://www.google.com/contact/
Ryegate Power Station Waste Plant VT USA,,Contact us – Google,http://www.google.com/contact/
SDS Lumber Gorge Energy Division Waste Plant WA USA,,"SOCCER.COM | Soccer Cleats and Shoes, Soccer Jerseys ...",https://www.soccer.com/
SEMASS Resource Recovery Waste Plant MA USA,,Contact us – Google,http://www.google.com/contact/
SPSA Waste To Energy Power Plant Waste Plant VA USA,,Contact us – Google,http://www.google.com/contact/
STEC-S LLC Waste Plant AR USA,,Contact us – Google,http://www.google.com/contact/
Salem Energy Systems LLC Waste Plant NC USA,,Contact us – Google,http://www.google.com/contact/
Salinas Waste Plant CA USA,,Contact us – Google,http://www.google.com/contact/
San Marcos Waste Plant CA USA,,Contact us – Google,http://www.google.com/contact/
Santa Maria EPG Waste Plant CA USA,,Contact us – Google,http://www.google.com/contact/
Sappi Cloquet Mill Waste Plant MN USA,,Contact us – Google,http://www.google.com/contact/
Sauder Power Plant Waste Plant OH USA,,Contact us – Google,http://www.google.com/contact/
Seneca Energy Waste Plant NY USA,,Contact us – Google,http://www.google.com/contact/
Settlers Hill Gas Recovery Waste Plant IL USA,,"SOCCER.COM | Soccer Cleats and Shoes, Soccer Jerseys ...",https://www.soccer.com/
Seven Mile Creek LFG Waste Plant WI USA,,Contact us – Google,http://www.google.com/contact/
Shenango Neville Island Coke Works Waste Plant PA USA,,Contact us – Google,http://www.google.com/contact/
Short Mountain Waste Plant OR USA,,Contact us – Google,http://www.google.com/contact/
Sierra Pacific Aberdeen Waste Plant WA USA,,Contact us – Google,http://www.google.com/contact/
Sierra Pacific Anderson Facility Waste Plant CA USA,,Contact us – Google,http://www.google.com/contact/
Sierra Pacific Burney Facility Waste Plant CA USA,,Contact us – Google,http://www.google.com/contact/
Sierra Pacific Lincoln Facility Waste Plant CA USA,,Contact us – Google,http://www.google.com/contact/
Sierra Pacific Loyalton Facility Waste Plant CA USA,,Contact us – Google,http://www.google.com/contact/
Sierra Pacific Quincy Facility Waste Plant CA USA,,Contact us – Google,http://www.google.com/contact/
Sierra Pacific Sonora Waste Plant CA USA,,Contact us – Google,http://www.google.com/contact/
Sierra Pacific Susanville Waste Plant CA USA,,Contact us – Google,http://www.google.com/contact/
Sierra Power Waste Plant CA USA,,Contact us – Google,http://www.google.com/contact/
Smithtown Energy Partners LP Waste Plant NY USA,,Contact us – Google,http://www.google.com/contact/
Smurfit Stone Waste Plant AL USA,,"SOCCER.COM | Soccer Cleats and Shoes, Soccer Jerseys ...",https://www.soccer.com/
Snider Industries Waste Plant TX USA,,Contact us – Google,http://www.google.com/contact/
Somerset Plant Waste Plant ME USA,,Contact us – Google,http://www.google.com/contact/
Sonoma Central Landfill Phase I Waste Plant CA USA,,Contact us – Google,http://www.google.com/contact/
Sonoma Central Landfill Phase II Waste Plant CA USA,,Contact us – Google,http://www.google.com/contact/
South Barrington Electric Waste Plant IL USA,,Contact us – Google,http://www.google.com/contact/
South District Wastewater Treatment Plt Waste Plant FL USA,,Contact us – Google,http://www.google.com/contact/
South West Landfill Waste Plant FL USA,,Contact us – Google,http://www.google.com/contact/
Southeast Resource Recovery Waste Plant CA USA,,Contact us – Google,http://www.google.com/contact/
Spadra Landfill Gas to Energy Waste Plant CA USA,,Contact us – Google,http://www.google.com/contact/
Sparrows Point Waste Plant MD USA,,Contact us – Google,http://www.google.com/contact/
St Francisville Mill Waste Plant LA USA,,Contact us – Google,http://www.google.com/contact/
Stone Container Coshocton Mill Waste Plant OH USA,,Contact us – Google,http://www.google.com/contact/
Stone Container Hodge Waste Plant LA USA,,Contact us – Google,http://www.google.com/contact/
Stone Container Missoula Mill Waste Plant MT USA,,Contact us – Google,http://www.google.com/contact/
Stowe Power Production Plant Waste Plant PA USA,,Contact us – Google,http://www.google.com/contact/
Streator Energy Partners LLC Waste Plant IL USA,,Contact us – Google,http://www.google.com/contact/
Suffolk Energy Partners LP Waste Plant VA USA,,Contact us – Google,http://www.google.com/contact/
Sumpter Energy Associates Waste Plant MI USA,,Contact us – Google,http://www.google.com/contact/
Sunset Farms Waste Plant TX USA,,Contact us – Google,http://www.google.com/contact/
Superior Glacier Ridge Landfill Waste Plant WI USA,,Contact us – Google,http://www.google.com/contact/
Sycamore San Diego Waste Plant CA USA,,Contact us – Google,http://www.google.com/contact/
Tajiguas Landfill Waste Plant CA USA,,Contact us – Google,http://www.google.com/contact/
Tamarack Energy Partnership Waste Plant ID USA,,Contact us – Google,http://www.google.com/contact/
Taunton Landfill Waste Plant MA USA,,Contact us – Google,http://www.google.com/contact/
Taylor Energy Partners LP Waste Plant PA USA,,Contact us – Google,http://www.google.com/contact/
Tazewell Gas Recovery Waste Plant IL USA,,"SOCCER.COM | Soccer Cleats and Shoes, Soccer Jerseys ...",https://www.soccer.com/
Tillamook Lumber Waste Plant OR USA,,Contact us – Google,http://www.google.com/contact/
Tillotson Rubber Waste Plant NH USA,,Contact us – Google,http://www.google.com/contact/
Total Energy Facilities Waste Plant CA USA,,Contact us – Google,http://www.google.com/contact/
Toyon Power Station Waste Plant CA USA,,Contact us – Google,http://www.google.com/contact/
Tracy Biomass Waste Plant CA USA,,Contact us – Google,http://www.google.com/contact/
Tri Cities Waste Plant AZ USA,,Contact us – Google,http://www.google.com/contact/
Turnkey Landfill Gas Recovery Waste Plant NH USA,,Contact us – Google,http://www.google.com/contact/
Twin Bridges Gas Recovery Waste Plant IN USA,,Contact us – Google,http://www.google.com/contact/
Union County Resource Recovery Waste Plant NJ USA,,Contact us – Google,http://www.google.com/contact/
Upper Rock Energy Partners LLC Waste Plant IL USA,,Contact us – Google,http://www.google.com/contact/
Valero Refinery Cogeneration Unit 1 Waste Plant CA USA,,"SOCCER.COM | Soccer Cleats and Shoes, Soccer Jerseys ...",https://www.soccer.com/
Venice Resources Gas Recovery Waste Plant MI USA,,Contact us – Google,http://www.google.com/contact/
Viking Energy of Lincoln Waste Plant MI USA,,Contact us – Google,http://www.google.com/contact/
Viking Energy of McBain Waste Plant MI USA,,Contact us – Google,http://www.google.com/contact/
Viking Energy of Northumberland Waste Plant PA USA,,"SOCCER.COM | Soccer Cleats and Shoes, Soccer Jerseys ...",https://www.soccer.com/
Village Creek Wastewater Treatment Plant Waste Plant TX USA,,Contact us – Google,http://www.google.com/contact/
Visalia Landfill Gas Utilization Project Waste Plant CA USA,,Contact us – Google,http://www.google.com/contact/
Volusia Landfill Gas Utilization Project Waste Plant FL USA,,Contact us – Google,http://www.google.com/contact/
Wadham Energy LP Waste Plant CA USA,,Contact us – Google,http://www.google.com/contact/
Walter B Hall Resource Recovery Facility Waste Plant OK USA,,Contact us – Google,http://www.google.com/contact/
Warm Springs Forest Products Waste Plant OR USA,,Contact us – Google,http://www.google.com/contact/
Wasatch Energy Systems Energy Recovery Waste Plant UT USA,,Contact us – Google,http://www.google.com/contact/
Wauna Mill Waste Plant OR USA,,Contact us – Google,http://www.google.com/contact/
West Point Treatment Plant Waste Plant WA USA,,Contact us – Google,http://www.google.com/contact/
Weyerhaeuser Cosmopolis Waste Plant WA USA,,Contact us – Google,http://www.google.com/contact/
Weyerhaeuser Kentucky Mills Waste Plant KY USA,,Contact us – Google,http://www.google.com/contact/
Weyerhaeuser Kingsport Mill Waste Plant TN USA,,"SOCCER.COM | Soccer Cleats and Shoes, Soccer Jerseys ...",https://www.soccer.com/
Weyerhaeuser New Bern NC Waste Plant NC USA,,Contact us – Google,http://www.google.com/contact/
Weyerhaeuser Springfield Oregon Waste Plant OR USA,,Contact us – Google,http://www.google.com/contact/
Weyerhaeuser Valliant OK Waste Plant OK USA,,Contact us – Google,http://www.google.com/contact/
Weyerhaeuser Wright City Complex OK Waste Plant OK USA,,Contact us – Google,http://www.google.com/contact/
Wheelabrator Baltimore Refuse Waste Plant MD USA,,Contact us – Google,http://www.google.com/contact/
Wheelabrator Bridgeport Waste Plant CT USA,,Contact us – Google,http://www.google.com/contact/
Wheelabrator Claremont Facility Waste Plant NH USA,,Contact us – Google,http://www.google.com/contact/
Wheelabrator Concord Facility Waste Plant NH USA,,Contact us – Google,http://www.google.com/contact/
Wheelabrator Falls Waste Plant PA USA,,Contact us – Google,http://www.google.com/contact/
Wheelabrator Gloucester LP Waste Plant NJ USA,,Contact us – Google,http://www.google.com/contact/
Wheelabrator Hudson Falls Waste Plant NY USA,,Contact us – Google,http://www.google.com/contact/
Wheelabrator Lisbon Waste Plant CT USA,,Contact us – Google,http://www.google.com/contact/
Wheelabrator Millbury Facility Waste Plant MA USA,,Contact us – Google,http://www.google.com/contact/
Wheelabrator North Andover Waste Plant MA USA,,Contact us – Google,http://www.google.com/contact/
Wheelabrator North Broward Waste Plant FL USA,,"SOCCER.COM | Soccer Cleats and Shoes, Soccer Jerseys ...",https://www.soccer.com/
Wheelabrator Saugus Waste Plant MA USA,,Contact us – Google,http://www.google.com/contact/
Wheelabrator Shasta Waste Plant CA USA,,Contact us – Google,http://www.google.com/contact/
Wheelabrator Sherman Energy Facility Waste Plant ME USA,,Contact us – Google,http://www.google.com/contact/
Wheelabrator South Broward Waste Plant FL USA,,Contact us – Google,http://www.google.com/contact/
Wheelabrator Spokane Waste Plant WA USA,,Contact us – Google,http://www.google.com/contact/
Wheelabrator Westchester Waste Plant NY USA,,Contact us – Google,http://www.google.com/contact/
Wheeler Landfill Gas Recovery Waste Plant IN USA,,Contact us – Google,http://www.google.com/contact/
Whitefield Power  and  Light Waste Plant NH USA,,Contact us – Google,http://www.google.com/contact/
Whiting Refinery Waste Plant IN USA,,"SOCCER.COM | Soccer Cleats and Shoes, Soccer Jerseys ...",https://www.soccer.com/
Wilmarth Waste Plant MN USA,,Contact us – Google,http://www.google.com/contact/
Winnebago County Landfill Gas Waste Plant WI USA,,Contact us – Google,http://www.google.com/contact/
Woodlake Sanitary Services Waste Plant MN USA,,Contact us – Google,http://www.google.com/contact/
Woodland Biomass Power Ltd Waste Plant CA USA,,Contact us – Google,http://www.google.com/contact/
Woodland Landfill Gas Recovery Waste Plant IL USA,,Contact us – Google,http://www.google.com/contact/
York County Resource Recovery Waste Plant PA USA,,Contact us – Google,http://www.google.com/contact/
