Albany Wind Farm Australia,Verve Energy,Vemma - Contact Us,https://www.vemma.com/our-story/contact-us.cfm
Blayney Wind Farm Australia,Eraring Energy (previously called Pacific Power International),Keynote Address - Socrata,https://opendata.socrata.com/api/views/cf4m-tur8/rows.xml?accessType=DOWNLOAD
Brown Hill Range Wind Farm Australia,AGL,Contact Us | AGL,https://www.agl.com.au/residential/contact-us
Cathedral Rocks Wind Farm Australia,Roaring 40s Renewable Energy Pty Ltd,Find the Lowest Car Insurance Quotes Here Online ...,http://www.lisaspasties.com/gnbpiip.html
Challicum Hills Wind Farm Australia,Pacific Hydro,Contact us | Pacific Hydro,http://pacifichydro.com/english/about/contact-us/?language=%20en
Codrington Wind Farm Australia,Pacific Hydro,Contact us | Pacific Hydro,http://pacifichydro.com/english/about/contact-us/?language=%20en
Cullerin Range Wind Farm Australia,Origin Energy,contact us - Origin Energy,https://www.originenergy.com.au/contact-us.html
Emu Downs Wind Farm Australia,Transfield Services Infrastructure Ltd.,"transfield services australia pty ltd Address, Contact ...",https://addresscustomerservicecenternumber.com/Companies/transfield-services-australia-pty-ltd/
Gunning Wind Farm Australia,Acciona Australia,Contact - ACCIONA,http://www.acciona.com.au/contact/
Lake Bonney (stage 1)  Wind Farm Australia,Lake Bonney Wind Power Pty. Ltd,Wind Farms in South Australia - Renewables SA,https://www.renewablessa.sa.gov.au/topic/large-scale-generation-storage/wind-farms-south-australia
Lake Bonney (stage 2)  Wind Farm Australia,Lake Bonney Wind Power Pty. Ltd,Wind Farms in South Australia - Renewables SA,https://www.renewablessa.sa.gov.au/topic/large-scale-generation-storage/wind-farms-south-australia
Lake Bonney (stage 3)  Wind Farm Australia,Lake Bonney Wind Power Pty. Ltd,Wind Farms in South Australia - Renewables SA,https://www.renewablessa.sa.gov.au/topic/large-scale-generation-storage/wind-farms-south-australia
Mount Millar Wind Farm Australia,,Contact us – Google,http://www.google.com/contact/
Snowtown Wind Farm Australia,Suzlon Energy Australia Pty Ltd,Australia Contact Us – Suzlon,http://www.suzlon.com/about/contact-us/australia/
Wattle Point Wind Farm Australia,The Australian Gas Light Company (AGL),Contact Us | AGL,https://www.agl.com.au/residential/contact-us
Waubra Wind Farm Australia,Acciona Australia,Contact - ACCIONA,http://www.acciona.com.au/contact/
Windy Hill Wind Farm Australia,Transfield Services Infrastructure Ltd,"transfield services australia pty ltd Address, Contact ...",https://addresscustomerservicecenternumber.com/Companies/transfield-services-australia-pty-ltd/
Woolnorth Bluff Point Wind Farm Australia,Roaring 40s Renewable Energy Pty Ltd,Find the Lowest Car Insurance Quotes Here Online ...,http://www.lisaspasties.com/gnbpiip.html
Woolnorth Studland Bay Wind Farm Australia,Roaring 40s Renewable Energy Pty Ltd,Find the Lowest Car Insurance Quotes Here Online ...,http://www.lisaspasties.com/gnbpiip.html
Yambuk Wind Farm Australia,Pacific Hydro,Contact us | Pacific Hydro,http://pacifichydro.com/english/about/contact-us/?language=%20en
Bruck an der Leitha Wind Farm Austria,Verbund Renewable Power GmbH,Fronius International GmbH | Solar Components | Austria,https://www.enfsolar.com/directory/component/2129/fronius-international
Hollern Wind Farm Austria,Verbund,Contact persons - VERBUND,https://www.verbund.com/en-at/about-verbund/news-press/contact-persons
Petronell-Carnuntum Wind Farm Austria,Verbund Renewable Power GmbH,Fronius International GmbH | Solar Components | Austria,https://www.enfsolar.com/directory/component/2129/fronius-international
Antwerp BASF Wind Farm Netherlands,Electrabel,Contact us | ENGIE Electrabel,https://www.engie-electrabel.be/en/contact
Brugge Herdersbrug Wind Farm Belgium,Electrabel,Contact us | ENGIE Electrabel,https://www.engie-electrabel.be/en/contact
Brugge III Wind Farm Belgium,Electrawinds,Contact - Electrawinds - Investorrelations,http://ewi.electrawinds.be/contact.asp
Brugge Pathoekweg (Aspiravi) Wind Farm Belgium,Aspiravi SA,Aspiravi - Contact,http://www.aspiravi.be/en/contact
Butgenbach Wind Farm Belgium,Electrabel,Contact us | ENGIE Electrabel,https://www.engie-electrabel.be/en/contact
Celanese Lanaken Wind Farm Belgium,Electrabel,Contact us | ENGIE Electrabel,https://www.engie-electrabel.be/en/contact
Dinant-Yvoir Wind Farm Belgium,SPE-Luminus,Contact | EDF Luminus,https://edfluminus.edf.com/en/edf-luminus/contact
Dour Quievrain (Electrabel) Wind Farm Belgium,Electrabel,Contact us | ENGIE Electrabel,https://www.engie-electrabel.be/en/contact
Estinnes Wind Farm Belgium,Windvision,"KAKE.com | Wichita, Kansas News, Weather, Sports - Wind ...",http://www.kake.com/story/37425832/wind-power-in-belgium-market-2017-key-players-rwe-innogy-gmbh-windvision-belgium-sa-eneco-holding-nv-electrabel-sa-and-more
Froidchapelle Wind Farm Belgium,Electrabel,Contact us | ENGIE Electrabel,https://www.engie-electrabel.be/en/contact
Gembloux Sombreffe Wind Farm Belgium,Electrabel,Contact us | ENGIE Electrabel,https://www.engie-electrabel.be/en/contact
Ghent (Kluizendok) Wind Farm Belgium,SPE-Luminus,Contact | EDF Luminus,https://edfluminus.edf.com/en/edf-luminus/contact
Hoogstraten Wind Farm Netherlands,Electrabel,Contact us | ENGIE Electrabel,https://www.engie-electrabel.be/en/contact
Leuze-en-Hainaut Wind Farm Belgium,Windvision,"KAKE.com | Wichita, Kansas News, Weather, Sports - Wind ...",http://www.kake.com/story/37425832/wind-power-in-belgium-market-2017-key-players-rwe-innogy-gmbh-windvision-belgium-sa-eneco-holding-nv-electrabel-sa-and-more
Lommel (Balendijk) Wind Farm Belgium,Aspiravi,Aspiravi - Contact,http://www.aspiravi.be/en/contact
Lommel (Nyrstar/Umicore) Wind Farm Belgium,Aspiravi,Aspiravi - Contact,http://www.aspiravi.be/en/contact
Marbais Wind Farm Belgium,Air Energy,Contact | Air & Energy,http://www.airandenergy.biz/contact/
Perwez Wind Farm Belgium,Electrabel and Aspiravi,Contact | Access & Transit | Sibelga,https://www.sibelga.be/en/sector/access-transit/contact-access-transit
Rodenhuize Wind farm Belgium,Electrabel Green Projects Flanders,Luminus - Supplier - electricity and gas - EnergyPrice.be,http://www.energyprice.be/supplier/Luminus?t=34b937c3bf73c87630b573506d09ef3f
Schelle Wind Farm Belgium,Electrabel,Contact us | ENGIE Electrabel,https://www.engie-electrabel.be/en/contact
Spontin Wind Farm Belgium,,Contact us – Google,http://www.google.com/contact/
Thorton Bank Wind Farm Belgium,C-Power NV,Contact - C-Power offshore windfarm on the Thorntonbank,http://www.c-power.be/index.php/contact
Villers le Bouillet (Wanza) Wind Farm Belgium,SPE-Luminus,Contact | EDF Luminus,https://edfluminus.edf.com/en/edf-luminus/contact
Walcourt (Tarcienne) Wind Farm Belgium,SPE-Luminus,Contact | EDF Luminus,https://edfluminus.edf.com/en/edf-luminus/contact
Zeebrugge Port Wind Farm Belgium,Aspiravi,Aspiravi - Contact,http://www.aspiravi.be/en/contact
Kaliakra Wind Farm Bulgaria,Kaliakra Wind Power AD,Contact - The Wind Power - Wind energy Market Intelligence,https://www.thewindpower.net/contact_en.php
Amaranth (Melancthon EcoPower) Wind Farm Canada,Canadian Hydro (Subsidiary of TransAlta),Media Advisory: TransAlta Fourth Quarter and Full Year ...,https://www.cnbc.com/2018/02/06/pr-newswire-media-advisory-transalta-fourth-quarter-and-full-year-2017-results-and-conference-call.html
Anse-a-Valleau Wind Farm Canada,Cartier Wind Energy,TransCanada – Cartier Wind Energy – Contact,https://www.transcanada.com/en/operations/power/cartier-wind-energy/contact/
Baie-des-Sables Wind Farm Canada,Cartier Wind Energy,TransCanada – Cartier Wind Energy – Contact,https://www.transcanada.com/en/operations/power/cartier-wind-energy/contact/
Carleton Wind Farm Canada,Cartier Wind Energy,TransCanada – Cartier Wind Energy – Contact,https://www.transcanada.com/en/operations/power/cartier-wind-energy/contact/
Centennial Wind Farm Canada,SaskPower International,Contact Us - SaskPower,http://www.saskpower.com/contact-us/
Cypress Wind Power Facility Canada,SaskPower International,Contact Us - SaskPower,http://www.saskpower.com/contact-us/
Gros-Morne Wind Farm Canada,Cartier Wind Energy,TransCanada – Cartier Wind Energy – Contact,https://www.transcanada.com/en/operations/power/cartier-wind-energy/contact/
Halkirk Wind Farm Canada,Capital Power,Contact Us - Capital Power Corporation,http://www.capitalpower.com/Pages/ContactUs.aspx
Kingsbridge I Wind Farm Canada,Capital Power,Contact Us - Capital Power Corporation,http://www.capitalpower.com/Pages/ContactUs.aspx
Lac Alfred Wind Farm Canada,Senvion Canada Inc,Contact | Senvion Canada,https://www.senvion.com/senvion-canada/en/contact/
Le Nordais Wind Farm Canada,TransAlta,Contact Us | TransAlta,http://www.transalta.com/contact/
Melancthon I and II Wind Farm Canada,TransAlta Energy Corporation,TransAlta US | Contact,http://transalta.com/us/contact/
Montagne Seche Wind Farm Canada,Cartier Wind Energy,TransCanada – Cartier Wind Energy – Contact,https://www.transcanada.com/en/operations/power/cartier-wind-energy/contact/
Port Dover & Nanticoke Wind Farm Canada,Capital Power,Contact Us - Capital Power Corporation,http://www.capitalpower.com/Pages/ContactUs.aspx
Prince I and II Wind Farm Canada,Brookfield Renewable Power,Contact Us - Brookfield Renewable,https://renewableops.brookfield.com/en/contact-us
Quality Wind Project Canada,Capital Power,Contact Us - Capital Power Corporation,http://www.capitalpower.com/Pages/ContactUs.aspx
SunBridge Wind Power Project Canada,,Contact us – Google,http://www.google.com/contact/
Viger-Denonville Wind Farm Canada,Innergex,Contact us - Innergex Renewable Energy Inc.,http://www.innergex.com/en/contact/
Wolfe Island Wind Farm Canada,TransAlta Energy Corp,Contact Us | TransAlta,http://www.transalta.com/contact/
Wolfe Island Wind Farm Canada,Canadian Hydro (Subsidiary of TransAlta),Media Advisory: TransAlta Fourth Quarter and Full Year ...,https://www.cnbc.com/2018/02/06/pr-newswire-media-advisory-transalta-fourth-quarter-and-full-year-2017-results-and-conference-call.html
Canela II Wind Farm Chile,Central Eolica Canela S.A,Musitek Smartscore X Pro Crack. quiet acquire offers ...,http://naicerlima.rebelmouse.com/musitek-smartscore-x-pro-crack-quiet-acquire-offers-united-estado-contact-provides-puntos-2508933611.html
El Totoral Wind Farm Chile,Norvind S.A.,"Live a day in the life in 2100, and get your own driver ...",https://www.pinterest.com/pin/529454499916687400/
Talinay Wind Farm Chile,Enel Green Power,Enel - Official Site,https://www.enel.com/
Aeroenergia Wind Farm Costa Rica,Grupo Ecoenergia,Contact | Grupo Ecoenergia,http://gecoenergia.com/en/contact-us/
Guanacaste Wind Farm Costa Rica,Planta Eolica Guanacaste S.A.,CDM PROJECT/PROGRAMME OF ACTIVITIES DETAILS SECTION 4 ...,https://cdm.unfccc.int/ModalitiesOfCommunication/forms/1NRAW50FA5KSPU0KVRTBI87WETVY5Z83/pdf
Los Santos Wind Farm Costa Rica,Cooperativa de Electrificacion Rural Los Santos,"Noticias, información y opinión ciudadana - RadioCamba.com",http://www.radiocamba.com.bo/rss.php
Tejona Wind Farm Costa Rica,Instituto Costarricense de Electricidad (ICE),Costa Rica's ICE eyes regional expansion - BNamericas,https://www.bnamericas.com/en/news/costa-ricas-ice-eyes-regional-expansion/?position=719392
Agia Anna Wind Farm Cyprus,Iberdrola Renovables,Contact number - Iberdrola,https://www.iberdrola.com/contact
Alexigros Wind Farm Cyprus,Ketonis Developments Ltd,staphylococcal species correlates: Topics by Science.gov,http://www.science.gov/topicpages/s/staphylococcal+species+correlates.html
Mari Wind Farm Cyprus,,"SOCCER.COM | Soccer Cleats and Shoes, Soccer Jerseys ...",https://www.soccer.com/
Orites Wind Farm Cyprus,DK Wind Supply Ltd,Contact | MHI Vestas Offshore Wind Power™,http://www.mhivestasoffshore.com/contact/
Anholt Wind Farm Denmark,DONG Energy,Contact - DONG Energy - Ørsted,http://www.dongenergy.com/en/contact
Horns Rev I Wind Farm Denmark,Vattenfall,Contact us - Vattenfall,https://corporate.vattenfall.com/about-vattenfall/contact-us/
Horns Rev II Wind Farm Denmark,DONG Energy,Contact - DONG Energy - Ørsted,http://www.dongenergy.com/en/contact
Middelgrunden Wind Farm Denmark,Copenhagen Energy (municipal utility company),Contact us - Alfa Laval - Corporate,http://www.alfalaval.com/contact-us/
Nysted (Rodsand I) Wind Farm Denmark,DONG Energy,Contact - DONG Energy - Ørsted,http://www.dongenergy.com/en/contact
Rodsand II Wind Farm Denmark,E.ON,Contact us online - it's quick and easy - E.ON,https://www.eonenergy.com/for-your-home/contact-us
Zafarana Wind Farm Egypt,New & Renewable Energy Authority (NREA),What does NREA stand for? - abbreviations.com,https://www.abbreviations.com/NREA
Pakri Wind Farm Estonia,4 Energia (Pakri Tuulepark),"Eesti Energia -Overview, Contact Details, locations, Key ...",https://www.researchmoz.us/eesti-energia-overview-contact-details-locations-key-executives-power-plant-information-business-description-and-swot-analysis-report.html
Virtsu I Wind Farm Estonia,4 Energia,Contact Us | Energia,http://energia.nu/contact-us/
Ablaincourt Pressoir Wind Farm France,MAÏA EOLIS,Contact - MAÏA SONNIER,http://maia-sonnier.fr/fr/contact.html
Ally Mercoeur Wind Farm France,Boralex S.A.S.,Investor contact - Traduction française – Linguee,https://www.linguee.fr/anglais-francais/traduction/investor+contact.html
Amélécourt Wind Farm France,IBERDROLA RENOVABLES,Contact number - Iberdrola,https://www.iberdrola.com/contact
Anoux Wind Farm France,MAÏA EOLIS,Contact - MAÏA SONNIER,http://maia-sonnier.fr/fr/contact.html
Argonne Wind Farm France,Française d’Eoliennes,Version revue par Charlotte et nous - emaze.com,https://www.emaze.com/@AOFCCLQL/Version-revue-par-Charlotte-et-nous
Assigny Wind Farm France,Energieteam,Energiegemeinde - Service und Links - Stadtgemeinde ...,https://klosterneuburg.riskommunal.net/Energiegemeinde_-_Service_und_Links
Aumelas WInd Farm France,EDF-EN,Contact - EDF Energies Nouvelles,https://www.edf-energies-nouvelles.com/en/contact/
Aupiac Wind Farm France,,Contact us – Google,http://www.google.com/contact/
Avignonet Lauragrais Wind Farm France,"Boralex, Boralex",Contact us | Boralex,http://www.boralex.com/contact-us
Ayssènes Le Truel Wind Farm France,EDP Renováveis,Contact – EDP Renewables,https://www.edprnorthamerica.com/contact
Bambesch Wind Farm France,Séchilienne-Sidec,新西兰Contact能源公司启用新Logo - 标志情报局,http://www.logonews.cn/contact-energy-new-logo.html
Bazoches les Gallerandes Wind Farm France,SAMEOLE,"Sick of Same'Ole BS from Recruiters, Flatbedders Get what ...",https://kansascity.craigslist.org/trp/d/sick-of-sameole-bs-from/6488128827.html
Beaucaire Wind Farm France,Compagnie Nationale du Rhône (CNR),Compagnie Nationale du Rhône (CNR) - le-constructeur.com,http://le-constructeur.com/entreprise/compagnie-nationale-du-rhone-cnr/contact
Beaufou Wind Farm France,Energieteam,Energiegemeinde - Service und Links - Stadtgemeinde ...,https://klosterneuburg.riskommunal.net/Energiegemeinde_-_Service_und_Links
Beauregard Wind Farm France,EDP Renováveis,Contact – EDP Renewables,https://www.edprnorthamerica.com/contact
Beausemblant Wind Farm France,VSB énergies nouvelles,VSB Contact - Regional Offices | VSB Holding GmbH,https://www.vsb.energy/com/en/contact/
Beauséjour Wind Farm France,,Contact us – Google,http://www.google.com/contact/
Bel Air Wind Farm France,,Contact us – Google,http://www.google.com/contact/
Bernay Saint Martin Wind Farm France,Française d’Eoliennes,Version revue par Charlotte et nous - emaze.com,https://www.emaze.com/@AOFCCLQL/Version-revue-par-Charlotte-et-nous
Bois Bigot Wind Farm France,,"SOCCER.COM | Soccer Cleats and Shoes, Soccer Jerseys ...",https://www.soccer.com/
Bois Lislet Wind Farm France,,"SOCCER.COM | Soccer Cleats and Shoes, Soccer Jerseys ...",https://www.soccer.com/
Bois Louis Wind Farm France,,Contact us – Google,http://www.google.com/contact/
Bois de l’Arche Wind Farm France,,Contact us – Google,http://www.google.com/contact/
Bollène Wind Farm France,,Contact us – Google,http://www.google.com/contact/
Bonneuil Wind Farm France,EPURON,Contact | Epuron,http://epuron.com.au/contact/
Bonneval Wind Farm France,,Contact us – Google,http://www.google.com/contact/
Bornes de Cerqueux Wind Farm France,,Contact us – Google,http://www.google.com/contact/
Bougainville Wind Farm France,ENERTRAG,Contact | ENERTRAG,https://ww2.enertrag.com/index.php?id=101_kontakt&L=1
Bourbriac Wind Farm France,EDP Renováveis,Contact – EDP Renewables,https://www.edprnorthamerica.com/contact
Brachy Wind Farm France,,Contact us – Google,http://www.google.com/contact/
Brem sur Mer Wind Farm France,La Compagnie du Vent / GDF SUEZ,Contact Dieppe Navals,http://www.dieppe-navals.fr/contacter-dieppe-navals-ienef57
Buchfeld Wind Farm France,,Contact us – Google,http://www.google.com/contact/
Butte Saint Liphard Wind Farm France,,Contact us – Google,http://www.google.com/contact/
Calanhel Wind Farm France,EDP Renováveis,Contact – EDP Renewables,https://www.edprnorthamerica.com/contact
Campagnes Wind Farm France,La Compagnie du Vent / GDF SUEZ,Contact Dieppe Navals,http://www.dieppe-navals.fr/contacter-dieppe-navals-ienef57
Carrière Saint Martin Wind Farm France,EOLE-RES,Contact | Francais,http://www.res-group.com/fr/contact/
Cast Wind Farm France,,Contact us – Google,http://www.google.com/contact/
Castanet Wind Farm France,EDF Energies Nouvelles,Contact - EDF Energies Nouvelles,https://www.edf-energies-nouvelles.com/en/contact/
Castelnau Pegayrols Wind Farm France,THEOLA / VENTURA,Capuchino High School class lists - contact old friends,https://old-friends.co/school.php?s=15198
Cham de Cham Longe Wind Farm France,Boralex,Contact us | Boralex,http://www.boralex.com/contact-us
Champ Besnard Wind Farm France,JP Energie Environnement (JPEE ),Contact - Jpee - JP Energie Environnement,http://www.jpee.fr/contact-2/
Champfleury Wind Farm France,EOLFI,Contact Eolfi,https://www.eolfi.com/en/contact
Chantereine Ménaucourt Wind Farm France,,Contact us – Google,http://www.google.com/contact/
Chapelle Vallon Wind Farm France,,Contact us – Google,http://www.google.com/contact/
Chaudeyrac Wind Farm France,,Contact us – Google,http://www.google.com/contact/
Chemin d'Ablis Wind Farm France,EDF-EN,Contact - EDF Energies Nouvelles,https://www.edf-energies-nouvelles.com/en/contact/
Chemin de Tuleras Wind Farm France,,Contact us – Google,http://www.google.com/contact/
Chemin des Haguenets Wind Farm France,La Compagnie du Vent / GDF SUEZ,Contact Dieppe Navals,http://www.dieppe-navals.fr/contacter-dieppe-navals-ienef57
Chicheboville Wind Farm France,,Contact us – Google,http://www.google.com/contact/
Chépy Wind Farm France,InnoVent,Innovent - Contact Us,http://www.innoventair.com/About-Us/Contact-Us
Clamanges Villeseneux Wind Farm France,Séchilienne-Sidec,新西兰Contact能源公司启用新Logo - 标志情报局,http://www.logonews.cn/contact-energy-new-logo.html
Clitourps Wind Farm France,EDF Energies Nouvelles,Contact - EDF Energies Nouvelles,https://www.edf-energies-nouvelles.com/en/contact/
Clos Bataille Wind Farm France,EDP Renováveis,Contact – EDP Renewables,https://www.edprnorthamerica.com/contact
Col de la Fageole Wind Farm France,,Contact us – Google,http://www.google.com/contact/
Collorec Wind Farm France,,Contact us – Google,http://www.google.com/contact/
Combusins : Jaladeaux Wind Farm France,"ABO Wind AG, ABO Wind AG",Contact - ABO Wind,https://www.abo-wind.com/en/extra/contact.html
Conteville Wind Farm France,ABO Wind AG,Contact - ABO Wind,https://www.abo-wind.com/en/extra/contact.html
Corbières Maritimes Wind Farm France,"La Compagnie du Vent / GDF SUEZ, La Compagnie du Vent / GDF SUEZ, La Compagnie du Vent / GDF SUEZ",Contact Dieppe Navals,http://www.dieppe-navals.fr/contacter-dieppe-navals-ienef57
Coren Wind Farm France,,Contact us – Google,http://www.google.com/contact/
Corlay Wind Farm France,,Contact us – Google,http://www.google.com/contact/
Cormainville / Guillonville Wind Farm France,VOLKSWIND,Volkswind GmbH: Contact,http://www.volkswind.de/en/kontakt/email.html
Cotentin Wind Farm France,EOLE-RES,Contact | Francais,http://www.res-group.com/fr/contact/
Courcelles sur Aire Wind Farm France,,"SOCCER.COM | Soccer Cleats and Shoes, Soccer Jerseys ...",https://www.soccer.com/
Coyecques Wind Farm France,MAÏA EOLIS,Contact - MAÏA SONNIER,http://maia-sonnier.fr/fr/contact.html
Cuxac Cabardès Wind Farm France,EOLE-RES,Contact | Francais,http://www.res-group.com/fr/contact/
Côtes de Champagne Wind Farm France,Française d’Eoliennes,Version revue par Charlotte et nous - emaze.com,https://www.emaze.com/@AOFCCLQL/Version-revue-par-Charlotte-et-nous
Derval et Lusanger Wind Farm France,EPURON,Contact | Epuron,http://epuron.com.au/contact/
Dinéault Wind Farm France,,Contact us – Google,http://www.google.com/contact/
Dio et Valquières Wind Farm France,,Contact us – Google,http://www.google.com/contact/
Donzère Wind Farm France,Sinerg,"Examen, Combates Light Contact Daniela Juveniles - YouTube",https://www.youtube.com/watch?v=9rFAK6SL7UE
Erbray et Soudan Wind Farm France,Energieteam,Schulenergieteam 2017/2018 - OBS Esterwegen,https://oberschule-esterwegen.de/projekte/klimaschutz/beitraege-zum-klimaschutz/612-schulenergieteam-2017-2018
Ersa Rogliano Wind Farm France,"EDF Energies Nouvelles, EDF Energies Nouvelles",Contact - EDF Energies Nouvelles,https://www.edf-energies-nouvelles.com/en/contact/
Escales I Wind Farm France,,Contact us – Google,http://www.google.com/contact/
Fierville Wind Farm France,EDF Energies Nouvelles,Contact - EDF Energies Nouvelles,https://www.edf-energies-nouvelles.com/en/contact/
Fitou Wind Farm France,IBERDROLA RENOVABLES,Contact number - Iberdrola,https://www.iberdrola.com/contact
Fond de Fresne Wind Farm France,THEOLA / VENTURA,Capuchino High School class lists - contact old friends,https://old-friends.co/school.php?s=15198
Fond de Plaine Wind Farm France,Poweo,Poweo - Supplier - electricity and gas - EnergyPrice.be,http://www.energyprice.be/supplier/Poweo?t=bff71a64e38dfc2d11a80423f00bdc47
Fontanelles Wind Farm France,,Contact us – Google,http://www.google.com/contact/
Fos sur Mer Wind Farm France,Compagnie Nationale du Rhône (CNR),Compagnie Nationale du Rhône (CNR) - le-constructeur.com,http://le-constructeur.com/entreprise/compagnie-nationale-du-rhone-cnr/contact
Freigné Wind Farm France,Energieteam,Energiegemeinde - Service und Links - Stadtgemeinde ...,https://klosterneuburg.riskommunal.net/Energiegemeinde_-_Service_und_Links
Frenouville Wind Farm France,InnoVent,Innovent - Contact Us,http://www.innoventair.com/About-Us/Contact-Us
Fresnes en Saulnois Wind Farm France,,Contact us – Google,http://www.google.com/contact/
Freyssenet Wind Farm France,", ecovent",Contact Us | Fireplace Parts | Chimney Parts | EcoVent USA ...,https://ecoventusa.com/contact-us/
Fruges Wind Farm France,,Contact us – Google,http://www.google.com/contact/
Fécamp Wind Farm France,EDF Energies Nouvelles,Contact - EDF Energies Nouvelles,https://www.edf-energies-nouvelles.com/en/contact/
Goulien Wind Farm France,,Contact us – Google,http://www.google.com/contact/
Grand Fougeray Wind Farm France,InnoVent,Innovent - Contact Us,http://www.innoventair.com/About-Us/Contact-Us
Gueltas Wind Farm France,EDP Renováveis,Contact – EDP Renewables,https://www.edprnorthamerica.com/contact
Guerlédan Wind Farm France,,"SOCCER.COM | Soccer Cleats and Shoes, Soccer Jerseys ...",https://www.soccer.com/
Gueures Wind Farm France,,Contact us – Google,http://www.google.com/contact/
Guéhenno Wind Farm France,InnoVent,Innovent - Contact Us,http://www.innoventair.com/About-Us/Contact-Us
Hargicourt Wind Farm France,InnoVent,Innovent - Contact Us,http://www.innoventair.com/About-Us/Contact-Us
Harpen Hauts Traits Wind Farm France,RWE,Contact,https://news.rwe.com/contact/
Harpen Petits Caux Wind Farm France,RWE,Contact,https://news.rwe.com/contact/
Haut Cabardès  Wind Farm France,"EOLE-RES, EOLE-RES",Eole Finance Contact | Wealth Coaching,https://www.wealthcoach.club/post/eole-finance-contact/
Haut Languedoc Wind Farm France,EOLE-RES,Contact us | RES - Global Renewable Energy Company,http://www.res-group.com/en/contact-us/
Hautevesnes Wind Farm France,MAÏA EOLIS,Contact - MAÏA SONNIER,http://maia-sonnier.fr/fr/contact.html
Hauteville Wind Farm France,VOLKSWIND,Volkswind GmbH: Contact,http://www.volkswind.de/en/kontakt/email.html
Hauts de Blâmont Wind Farm France,,Contact us – Google,http://www.google.com/contact/
Hauts de Melleray Wind Farm France,JP Energie Environnement (JPEE ),Contact - Jpee - JP Energie Environnement,http://www.jpee.fr/contact-2/
Hescamps Wind Farm France,InnoVent,Innovent - Contact Us,http://www.innoventair.com/About-Us/Contact-Us
Hombleux Wind Farm France,,Contact us – Google,http://www.google.com/contact/
Is en Bassigny Wind Farm France,Poweo,Poweo - Supplier - electricity and gas - EnergyPrice.be,http://www.energyprice.be/supplier/Poweo?t=bff71a64e38dfc2d11a80423f00bdc47
Janville Wind Farm France,", JP Energie Environnement (JPEE )",Contact - Jpee - JP Energie Environnement,http://www.jpee.fr/contact-2/
Keranfouler Wind Farm France,EDP Renováveis,Contact – EDP Renewables,https://www.edprnorthamerica.com/contact
Kergrist Wind Farm France,,Contact us – Google,http://www.google.com/contact/
Kerigaret Wind Farm France,La Compagnie du Vent / GDF SUEZ,Contact Dieppe Navals,http://www.dieppe-navals.fr/contacter-dieppe-navals-ienef57
Kerlan Wind Farm France,,Contact us – Google,http://www.google.com/contact/
La Butte des Fraus Wind Farm France,IBERDROLA RENOVABLES,Contact number - Iberdrola,https://www.iberdrola.com/contact
La Citadelle Wind Farm France,VSB énergies nouvelles,VSB Contact - Regional Offices | VSB Holding GmbH,https://www.vsb.energy/com/en/contact/
La Gaillarde Wind Farm France,,"SOCCER.COM | Soccer Cleats and Shoes, Soccer Jerseys ...",https://www.soccer.com/
La Gralière Wind Farm France,EOLFI,Contact Eolfi,https://www.eolfi.com/en/contact
La Haie au Vent Stenay Wind Farm France,,Contact us – Google,http://www.google.com/contact/
La Haute Lys Wind Farm France,Séchilienne-Sidec,新西兰Contact能源公司启用新Logo - 标志情报局,http://www.logonews.cn/contact-energy-new-logo.html
La Hértoudière Wind Farm France,Gamesa,Siemens Gamesa / Contact us,http://www.siemensgamesa.com/en/contact/
La Marette Wind Farm France,,Contact us – Google,http://www.google.com/contact/
La Nourais Wind Farm France,,Contact us – Google,http://www.google.com/contact/
La Plaine Auboise Wind Farm France,EOLFI,Contact Eolfi,https://www.eolfi.com/en/contact
La Voie Sacrée Wind Farm France,Française d’Eoliennes,Version revue par Charlotte et nous - emaze.com,https://www.emaze.com/@AOFCCLQL/Version-revue-par-Charlotte-et-nous
Laneuville au Rupt Wind Farm France,,Contact us – Google,http://www.google.com/contact/
Lanfains Wind Farm France,Sinerg,"Examen, Combates Light Contact Daniela Juveniles - YouTube",https://www.youtube.com/watch?v=9rFAK6SL7UE
Langoëlan Wind Farm France,THEOLA,Theola Chafin: 1 Person (Record Found) - truthfinder.com,https://www.truthfinder.com/people-search/theola-chafin/
Lanrivoaré I Wind Farm France,juwi,juwi Wind Energy and Solar Energy - Contact,http://www.juwi.com/contact/
Lascombe Wind Farm France,,Contact us – Google,http://www.google.com/contact/
Lauzach Wind Farm France,,Contact us – Google,http://www.google.com/contact/
Le Cornouiller Wind Farm France,,Contact us – Google,http://www.google.com/contact/
Le Crouzet Chaffol Wind Farm France,Réseau de Transport d'Electricité (RTE) / EDF,"EDF CONTACT : Téléphone, Adresse Postale, Web, Urgence...",http://www.contact-telephone.com/edf/
Le Gollot Wind Farm France,EDP Renováveis,Contact – EDP Renewables,https://www.edprnorthamerica.com/contact
Le Haut Corlay Wind Farm France,Sinerg,"Examen, Combates Light Contact Daniela Juveniles - YouTube",https://www.youtube.com/watch?v=9rFAK6SL7UE
Le Haut des Ailes Wind Farm France,Erelia / GDF SUEZ,Suez Contact - informations : Je-Cherche.info,http://www.je-cherche.info/-Suez+Contact
Le Portel Wind Farm France,InnoVent,Innovent Global - Travel Nurse Staffing,http://www.innoventglobal.com/
Le Quarnon : Mont Faverget Wind Farm France,,Contact us – Google,http://www.google.com/contact/
Lehaucourt Gricourt Wind Farm France,,Contact us – Google,http://www.google.com/contact/
Les Barthes Wind Farm France,"EDF Energies Nouvelles, EDF Energies Nouvelles",Contact - EDF Energies Nouvelles,https://www.edf-energies-nouvelles.com/en/contact/
Les Champs Blancs Wind Farm France,,Contact us – Google,http://www.google.com/contact/
Les Chandelles Wind Farm France,,Contact us – Google,http://www.google.com/contact/
Les Crêtes Wind Farm France,,Contact us – Google,http://www.google.com/contact/
Les Malandaux Wind Farm France,JMB Energie,Forêt et bois: JMB Consultant et contact,http://foretetbois.blogspot.com/p/jmb-consultant.html
Les Pénages Wind Farm France,JP Energie Environnement (JPEE ),Contact - Jpee - JP Energie Environnement,http://www.jpee.fr/contact-2/
Les Trois Muids Wind Farm France,,Contact us – Google,http://www.google.com/contact/
Les Vatines Wind Farm France,EDP Renováveis,Contact – EDP Renewables,https://www.edprnorthamerica.com/contact
Les moulins de Boulay Wind Farm France,Poweo,Poweo - Supplier - electricity and gas - EnergyPrice.be,http://www.energyprice.be/supplier/Poweo?t=bff71a64e38dfc2d11a80423f00bdc47
Lestrade Wind Farm France,juwi,juwi Wind Energy and Solar Energy - Contact,http://www.juwi.com/contact/
Lomont Wind Farm France,EOLE-RES,Contact | Francais,http://www.res-group.com/fr/contact/
Longs Champs Wind Farm France,La Compagnie du Vent / GDF SUEZ,Contact Dieppe Navals,http://www.dieppe-navals.fr/contacter-dieppe-navals-ienef57
Longue Epine Wind Farm France,EDF Energies Nouvelles,Contact - EDF Energies Nouvelles,https://www.edf-energies-nouvelles.com/en/contact/
Longuyon Wind Farm France,"EOLFI, EOLFI",Contact Eolfi,https://www.eolfi.com/en/contact
Lou Paou Wind Farm France,EDF Energies Nouvelles,Contact - EDF Energies Nouvelles,https://www.edf-energies-nouvelles.com/en/contact/
Louville Wind Farm France,VOLKSWIND,Volkswind GmbH: Contact,http://www.volkswind.de/en/kontakt/email.html
Luc sur Orbieu Wind Farm France,EDF Energies Nouvelles,Contact - EDF Energies Nouvelles,https://www.edf-energies-nouvelles.com/en/contact/
Lévigny Wind Farm France,EOLFI,Contact Eolfi,https://www.eolfi.com/en/contact
L’Espinassière Wind Farm France,La Compagnie du Vent / GDF SUEZ,Contact Dieppe Navals,http://www.dieppe-navals.fr/contacter-dieppe-navals-ienef57
Maisnières Frettemeule Wind Farm France,Compagnie Nationale du Rhône (CNR),Contact | AFPI,http://www.afpi.org/contact/
Mardyck Wind Farm France,"Total, Total, Total",Contact form | total.com,https://www.total.com/en/formulaire-de-contact
Marsanne Wind Farm France,EOLE-RES,Contact | Francais,http://www.res-group.com/fr/contact/
Mauron Wind Farm France,,Contact us – Google,http://www.google.com/contact/
Merdelou Wind Farm France,ENERTRAG,Contact | ENERTRAG,https://ww2.enertrag.com/index.php?id=101_kontakt&L=1
Momerstroff Wind Farm France,,Contact us – Google,http://www.google.com/contact/
Mont Huet Wind Farm France,,Contact us – Google,http://www.google.com/contact/
Montcornet Wind Farm France,,Contact us – Google,http://www.google.com/contact/
Montjoyer et Rochefort Wind Farm France,,Contact us – Google,http://www.google.com/contact/
Monts Bergerons Wind Farm France,EOLFI,Contact Eolfi,https://www.eolfi.com/en/contact
Moulin de Froidure Wind Farm France,THEOLA / VENTURA,Burke High School class lists - contact old friends,https://old-friends.co/school.php?s=16495
Murat Wind Farm France,EOLE-RES,Contact us | RES - Global Renewable Energy Company,http://www.res-group.com/en/contact-us/
Méautis Auvers Wind Farm France,SAMEOLE,"Sick of Same'Ole BS from Recruiters, Flatbedders Get what ...",https://kansascity.craigslist.org/trp/d/sick-of-sameole-bs-from/6488128827.html
Méligny le Grand Wind Farm France,ABO Wind AG,Contact - ABO Wind,https://www.abo-wind.com/en/extra/contact.html
"Méligny le Petit, Marson sur-Barboure et Reffroy Wind Farm France",MAÏA EOLIS,Contact - MAÏA SONNIER,http://maia-sonnier.fr/fr/contact.html
Ménil la Horgne Wind Farm France,ABO Wind AG,Contact - ABO Wind,https://www.abo-wind.com/en/extra/contact.html
Nalliers Wind Farm France,Régie d'Energie Eolienne  (REE),REE sarl | Régie d'Energie Eolienne | Siren 444 209 639,http://www.reesarl.fr/contact.html
Nançois Wind Farm France,,Contact us – Google,http://www.google.com/contact/
Nibas Wind Farm France,"InnoVent, InnoVent",Innovent Global - Travel Nurse Staffing,http://www.innoventglobal.com/
Niedervisse Wind Farm France,Séchilienne-Sidec,新西兰Contact能源公司启用新Logo - 标志情报局,http://www.logonews.cn/contact-energy-new-logo.html
Névian Wind Farm France,"La Compagnie du Vent / GDF SUEZ, La Compagnie du Vent / GDF SUEZ, La Compagnie du Vent / GDF SUEZ",Contact Dieppe Navals,http://www.dieppe-navals.fr/contacter-dieppe-navals-ienef57
Omissy Wind Farm France,,Contact us – Google,http://www.google.com/contact/
Opoul Périllos Wind Farm France,EOLE-RES,Contact | Francais,http://www.res-group.com/fr/contact/
Oresmaux Wind Farm France,,Contact us – Google,http://www.google.com/contact/
Osches Wind Farm France,,"SOCCER.COM | Soccer Cleats and Shoes, Soccer Jerseys ...",https://www.soccer.com/
Oupia Wind Farm France,EDF Energies Nouvelles,Contact - EDF Energies Nouvelles,https://www.edf-energies-nouvelles.com/en/contact/
Parc du Lauragais Wind Farm France,,Contact us – Google,http://www.google.com/contact/
Patay Wind Farm France,EDP Renováveis,Contact – EDP Renewables,https://www.edprnorthamerica.com/contact
Pays de Saint Seine Wind Farm France,EOLE-RES,Contact | Francais,http://www.res-group.com/fr/contact/
Pertain et Potte Wind Farm France,MAÏA EOLIS,Contact - MAÏA SONNIER,http://maia-sonnier.fr/fr/contact.html
Petit Terroir Wind Farm France,La Compagnie du Vent / GDF SUEZ,Contact Dieppe Navals,http://www.dieppe-navals.fr/contacter-dieppe-navals-ienef57
Peyrelevade Wind Farm France,,Contact us – Google,http://www.google.com/contact/
Pithiviers le Vieil Wind Farm France,SAMEOLE,"Sick of Same'Ole BS from Recruiters, Flatbedders Get what ...",https://kansascity.craigslist.org/trp/d/sick-of-sameole-bs-from/6488128827.html
Plaines du Porcien Wind Farm France,,Contact us – Google,http://www.google.com/contact/
Plateau Ardéchois Wind Farm France,EOLE-RES,Contact | Francais,http://www.res-group.com/fr/contact/
Plateau Picard Wind Farm France,"ENERTRAG, ENERTRAG",Contact | ENERTRAG,https://ww2.enertrag.com/index.php?id=101_kontakt&L=1
Plestan Wind Farm France,THEOLA,Theola Chafin: 1 Person (Record Found) - truthfinder.com,https://www.truthfinder.com/people-search/theola-chafin/
Plomodiern Wind Farm France,,Contact us – Google,http://www.google.com/contact/
Plouarzel Wind Farm France,"La Compagnie du Vent / GDF SUEZ, La Compagnie du Vent / GDF SUEZ",Contact Dieppe Navals,http://www.dieppe-navals.fr/contacter-dieppe-navals-ienef57
Ploudalmezeau Wind Farm France,ecovent,Contact Us | Fireplace Parts | Chimney Parts | EcoVent USA ...,https://ecoventusa.com/contact-us/
Plougras Wind Farm France,,Contact us – Google,http://www.google.com/contact/
Plouguin II Wind Farm France,juwi,juwi Wind Energy and Solar Energy - Contact,http://www.juwi.com/contact/
Plouguin et Kerherhal Wind Farm France,"juwi, juwi",juwi Wind Energy and Solar Energy - Contact,http://www.juwi.com/contact/
Ploumoguer Wind Farm France,,Contact us – Google,http://www.google.com/contact/
Plourin Wind Farm France,La Compagnie du Vent / GDF SUEZ,Contact Dieppe Navals,http://www.dieppe-navals.fr/contacter-dieppe-navals-ienef57
Plouvien Wind Farm France,EDP Renováveis,Contact – EDP Renewables,https://www.edprnorthamerica.com/contact
Plouyé Wind Farm France,Sinerg,"Examen, Combates Light Contact Daniela Juveniles - YouTube",https://www.youtube.com/watch?v=9rFAK6SL7UE
Pluzunet Wind Farm France,,Contact us – Google,http://www.google.com/contact/
Plélan le Grand Wind Farm France,,Contact us – Google,http://www.google.com/contact/
Pont de Salars Wind Farm France,EDP Renováveis,Contact – EDP Renewables,https://www.edprnorthamerica.com/contact
Port Saint Louis du Rhône Wind Farm France,", Mistral Energie, GIE Mistral Energie",Supermarché Et Hypermarché Montpellier : Carrefour Contact ...,https://decisionlocale.com/trouver-montpellier/fiche-carrefour-contact-montpellier-pas-du-loup-454602
Puech Cambert Wind Farm France,"VALECO, VALECO",Valeco Recruitment Ltd - Contact Us,http://www.valeco.co.uk/ContactUs.aspx
Puech Cornet Wind Farm France,VALECO,Valeco Recruitment Ltd - Contact Us,http://www.valeco.co.uk/ContactUs.aspx
Punta Aja Wind Farm France,,Contact us – Google,http://www.google.com/contact/
Péré Wind Farm France,Régie d'Energie Eolienne  (REE),REE sarl | Régie d'Energie Eolienne | Siren 444 209 639,http://www.reesarl.fr/contact.html
Quatre Chemins Wind Farm France,,Contact us – Google,http://www.google.com/contact/
Quatre Communes Wind Farm France,EOLFI,Contact Eolfi,https://www.eolfi.com/en/contact
Rampont Wind Farm France,Gamesa,Siemens Gamesa / Contact us,http://www.siemensgamesa.com/en/contact/
Raucourt et Flaba Wind Farm France,juwi,juwi Wind Energy and Solar Energy - Contact,http://www.juwi.com/contact/
Reffroy Wind Farm France,MAÏA EOLIS,Contact - MAÏA SONNIER,http://maia-sonnier.fr/fr/contact.html
Rivesaltes Wind Farm France,"Hydelec, Hydelec",Contact Us | HYD-ELEC,http://hyd-elec.com.au/contact-us
Rochereau Wind Farm France,SERGIES,Sergies SAS: Company Profile - Bloomberg,https://www.bloomberg.com/profiles/companies/1573883D:FP-sergies-sas
Roinville Wind Farm France,,Contact us – Google,http://www.google.com/contact/
Roquetaillade Wind Farm France,La Compagnie du Vent / GDF SUEZ,Contact Dieppe Navals,http://www.dieppe-navals.fr/contacter-dieppe-navals-ienef57
Roudouallec Wind Farm France,,Contact us – Google,http://www.google.com/contact/
Roussas Wind Farm France,EOLE-RES,Contact | Francais,http://www.res-group.com/fr/contact/
Rumont et Erize Saint Dizier Wind Farm France,MAÏA EOLIS,Contact - MAÏA SONNIER,http://maia-sonnier.fr/fr/contact.html
Rumont et Vavincourt Wind Farm France,MAÏA EOLIS,Contact - MAÏA SONNIER,http://maia-sonnier.fr/fr/contact.html
Rémilly Wirquin Wind Farm France,MAÏA EOLIS,Contact - MAÏA SONNIER,http://maia-sonnier.fr/fr/contact.html
Sablons Wind Farm France,THEOLA / VENTURA,Capuchino High School class lists - contact old friends,https://old-friends.co/school.php?s=15198
Sainbois Wind Farm France,,Contact us – Google,http://www.google.com/contact/
Saint Alban Wind Farm France,EDP Renováveis,Contact – EDP Renewables,https://www.edprnorthamerica.com/contact
Saint Aubin sur Aire Wind Farm France,", IBERDROLA RENOVABLES",Contact number - Iberdrola,https://www.iberdrola.com/contact
Saint Barnabé Wind Farm France,EDP Renováveis,Contact – EDP Renewables,https://www.edprnorthamerica.com/contact
Saint Clément Wind Farm France,OSTWIND,Contact form | www.ostwind.de,http://www.ostwind.eu/info/contact-us/contact-form/
Saint Crépin Wind Farm France,Française d’Eoliennes,Version revue par Charlotte et nous - emaze.com,https://www.emaze.com/@AOFCCLQL/Version-revue-par-Charlotte-et-nous
Saint Jean Lachalm Wind Farm France,VALECO,Valeco Recruitment Ltd - Contact Us,http://www.valeco.co.uk/ContactUs.aspx
Saint Léger Wind Farm France,,Contact us – Google,http://www.google.com/contact/
Saint Martin de Crau Wind Farm France,SAMEOLE,"Sick of Same'Ole BS from Recruiters, Flatbedders Get what ...",https://kansascity.craigslist.org/trp/d/sick-of-sameole-bs-from/6488128827.html
Saint Martin des Besaces Wind Farm France,EDF Energies Nouvelles,Contact - EDF Energies Nouvelles,https://www.edf-energies-nouvelles.com/en/contact/
Saint Pierre Bénouville Wind Farm France,,Contact us – Google,http://www.google.com/contact/
Saint Servais Wind Farm France,GDF,Contact — GD&F Consulting Engineers,http://gdfengineers.com/contact/
Saint Simon Clastres Wind Farm France,EDF Energies Nouvelles,Contact - EDF Energies Nouvelles,https://www.edf-energies-nouvelles.com/en/contact/
Saint Thégonnec Wind Farm France,,Contact us – Google,http://www.google.com/contact/
Sallen Wind Farm France,THEOLA / VENTURA,Capuchino High School class lists - contact old friends,https://old-friends.co/school.php?s=15198
Salles-Curan Wind Farm France,EDF Energies Nouvelles,Contact - EDF Energies Nouvelles,https://www.edf-energies-nouvelles.com/en/contact/
Saulzet Wind Farm France,Eolfi,Contact Eolfi,https://www.eolfi.com/en/contact
Sauveterre Wind Farm France,EDF Energies Nouvelles,Contact - EDF Energies Nouvelles,https://www.edf-energies-nouvelles.com/en/contact/
Seraumount Wind Farm France,MAÏA EOLIS,Contact - MAÏA SONNIER,http://maia-sonnier.fr/fr/contact.html
Silfiac : Bodervedan Wind Farm France,,Contact us – Google,http://www.google.com/contact/
Soulangy Wind Farm France,EOLFI,Contact Eolfi,https://www.eolfi.com/en/contact
Souleilla Corbières Wind Farm France,EOLE-RES,Contact | Francais,http://www.res-group.com/fr/contact/
St Germain de Longue Chaume Wind Farm France,EOLFI,Contact Eolfi,https://www.eolfi.com/en/contact
Séglien Ar Tri Milin Wind Farm France,THEOLA / VENTURA,Capuchino High School class lists - contact old friends,https://old-friends.co/school.php?s=15198
Ségur Wind Farm France,EDP Renováveis,Contact – EDP Renewables,https://www.edprnorthamerica.com/contact
Talizat Rézentières Wind Farm France,Réseau de Transport d'Electricité (RTE) / EDF,"EDF CONTACT : Téléphone, Adresse Postale, Web, Urgence...",http://www.contact-telephone.com/edf/
Tambours Wind Farm France,La Compagnie du Vent / GDF SUEZ,L'Europe de l'électricité prête pour une vague de fusions,http://www.boursorama.com/actualites/l-europe-de-l-electricite-prete-pour-une-vague-de-fusions-afce45a4ea5730e00106d0fc23078c24
Trois Sources Wind Farm France,EOLE-RES,Contact | Francais,http://www.res-group.com/fr/contact/
Trébry Wind Farm France,Sinerg,Contact Business Opportunties - Geocities.ws,http://www.geocities.ws/Eureka/Concourse/8653/contact.html
Trémeheuc Wind Farm France,VSB énergies nouvelles,VSB Contact - Regional Offices | VSB Holding GmbH,https://www.vsb.energy/com/en/contact/
Tuchan Wind Farm France,VALECO,Valeco Recruitment Ltd - Contact Us,http://www.valeco.co.uk/ContactUs.aspx
Téterchen Wind Farm France,ABO Wind AG,Contact - ABO Wind,https://www.abo-wind.com/en/extra/contact.html
Vairé Wind Farm France,Régie d'Energie Eolienne  (REE),REE sarl | Régie d'Energie Eolienne | Siren 444 209 639,http://www.reesarl.fr/contact.html
Valhuon I Wind Farm France,InnoVent,Innovent Global - Travel Nurse Staffing,http://www.innoventglobal.com/
Vanault le Châtel Wind Farm France,Séchilienne-Sidec,新西兰Contact能源公司启用新Logo - 标志情报局,http://www.logonews.cn/contact-energy-new-logo.html
Varimpré Wind Farm France,EDP Renováveis,Contact – EDP Renewables,https://www.edprnorthamerica.com/contact
Vaudeville le Haut Wind Farm France,MAÏA EOLIS,Contact - MAÏA SONNIER,http://maia-sonnier.fr/fr/contact.html
Vauvillers Wind Farm France,,Contact us – Google,http://www.google.com/contact/
Vaux lès Mouzon Wind Farm France,juwi,juwi Wind Energy and Solar Energy - Contact,http://www.juwi.com/contact/
Villeselve Wind Farm France,MAÏA EOLIS,Contact - MAÏA SONNIER,http://maia-sonnier.fr/fr/contact.html
Villesèque Wind Farm France,"EDF Energies Nouvelles, JMB Energie",Des maisons écologiques à vendre - CONTACT - Les petites ...,http://www.immobilierecologique.fr/pages/Maison-ecologique-a-vendre
Vouthon Haut Wind Farm France,MAÏA EOLIS,Contact - MAÏA SONNIER,http://maia-sonnier.fr/fr/contact.html
Welling Wind Farm France,,Contact us – Google,http://www.google.com/contact/
Widehem Wind Farm France,Française d’Eoliennes,Version revue par Charlotte et nous - emaze.com,https://www.emaze.com/@AOFCCLQL/Version-revue-par-Charlotte-et-nous
Xambes Wind Farm France,ABO Wind AG,Contact - ABO Wind,https://www.abo-wind.com/en/extra/contact.html
Agios Georgios Alexandroupoli Wind Farm Greece,,"SOCCER.COM | Soccer Cleats and Shoes, Soccer Jerseys ...",https://www.soccer.com/
CHYLOS Wind Farm Greece,Terna Energy,Contact - Terna Energy,http://www.terna-energy.com/contactus/
MIKRO DERBENI Wind Farm Greece,,"SOCCER.COM | Soccer Cleats and Shoes, Soccer Jerseys ...",https://www.soccer.com/
Lamma Winds Power Station,Hongkong Electric (HEC),Contact Us - HK Electric Investments,https://www.hkelectric.com/en/contact-us
Cape Comorim I Wind Farm,,Contact us – Google,http://www.google.com/contact/
Chennai Mohan Wind Farm,,Contact us – Google,http://www.google.com/contact/
Gujdimangalam Wind Farm,,"SOCCER.COM | Soccer Cleats and Shoes, Soccer Jerseys ...",https://www.soccer.com/
Hyderabad APSRTC Wind Farm,Andhra Pradesh State Rapid Transit Corp.,AP TOURISM WEBSITE - Tourism Times Call: 9393282897 ...,http://www.tourismtimes.org/ap-tourism-website
Jamgudrani MP 	Wind Farm,,Contact us – Google,http://www.google.com/contact/
Jogmatti BSES Wind Farm,,Contact us – Google,http://www.google.com/contact/
Kappadagagudda Wind Farm,,Contact us – Google,http://www.google.com/contact/
Kayathar Subhash 	Wind Farm,,"SOCCER.COM | Soccer Cleats and Shoes, Soccer Jerseys ...",https://www.soccer.com/
Kethanur Wind Farm,,Contact us – Google,http://www.google.com/contact/
Lamda Danida Wind Farm,,"SOCCER.COM | Soccer Cleats and Shoes, Soccer Jerseys ...",https://www.soccer.com/
Muppandal Madras 	Wind Farm,,Contact us – Google,http://www.google.com/contact/
Muppandal Wind Farm,,Contact us – Google,http://www.google.com/contact/
Perungudi Newam 	Wind Farm,,Contact us – Google,http://www.google.com/contact/
Poolavadi Chettinad Wind Farm,,Contact us – Google,http://www.google.com/contact/
Putluru RCI Wind Farm,,Contact us – Google,http://www.google.com/contact/
Ramakkalmedu Wind Farm,,Contact us – Google,http://www.google.com/contact/
Supa Wind Farm,Tata Motors Limited,Contact Tata Motors | Tata Motors Dealers Locator | Tata ...,http://www.tatamotors.com/contact-us/
Vankusawade Wind Farm,,Contact us – Google,http://www.google.com/contact/
Ratrussan-Bindoo Wind Farm Ireland,Airtricity,Help Centre: Contact Us By Phone - Airtricity - Switch & Save!,https://www.sseairtricity.com/ie/home/help-centre-ie/contact-us/phone/
Al Koudia Al Baida (Abdelkhalek Torres) Wind Farm Morocco,Office National de l\'Electricite (ONE),Contact | Energya Power and Telecom Solutions,http://energya-pts.net/contact
Cap Sim (Essaouira) Wind Farm Morocco,Office National de l\'Electricite (ONE),Contact | Energya Power and Telecom Solutions,http://energya-pts.net/contact
Lafarge Cement (Tetouan) Wind Farm Morocco,,Contact us – Google,http://www.google.com/contact/
Tangier (Dhar Saadane) Wind Farm Morocco,Office National de l\\\'Electricite (ONE),Contact | Energya Power and Telecom Solutions,http://energya-pts.net/contact
EPZ Wind Farm Netherlands,EPZ,Contact Person: Satyajit Nath - Kenya,http://epzakenya.com/UserFiles/files/List%20of%20EPZ%20firms%20-%201-8-11%20(3).pdf
Haringvliet Wind Farm Netherland,E-Connection,Contact the CEConnection Group,http://ceconnection.com/contact-us/
Prinses Amalia (Q7) Wind Farm Netherlands,Eneco,Contact | Eneco Group,https://www.enecogroup.com/who-we-are/contact/
Roggeplaat Wind Farm Netherlands,E-Connection,Contact the CEConnection Group,http://ceconnection.com/contact-us/
Hau Nui Wind Farm New Zealand,Genesis Energy,Contact Us | Genesis Energy,http://www.genesisenergy.com/contact/
Mahinerangi Wind Farm New Zealand,TrustPower,"Contact Trustpower | Enquiries | Internet, Gas, Electricity",https://ask.trustpower.co.nz/app/ask
Tararua Wind Farm New Zealand,TrustPower,"Contact Trustpower | Enquiries | Internet, Gas, Electricity",https://ask.trustpower.co.nz/app/ask
Te Apiti Wind Farm New Zealand,Meridian Energy,Contact us - residential - Meridian Energy,https://www.meridianenergy.co.nz/your-home/contact-us-for-home
Te Rere Hau Wind Farm New Zealand,NZ Windfarms,Contact Us — NZ Windfarms Limited,https://www.nzwindfarms.co.nz/contactus
Te Uku Wind Farm New Zealand,Meridian Energy,Contact us - residential - Meridian Energy,https://www.meridianenergy.co.nz/your-home/contact-us-for-home
West Wind Wind Farm New Zealand,Meridian Energy,Contact us - residential - Meridian Energy,https://www.meridianenergy.co.nz/your-home/contact-us-for-home
White Hill Wind Farm New Zealand,Meridian Energy,Contact us - residential - Meridian Energy,https://www.meridianenergy.co.nz/your-home/contact-us-for-home
Amayo Wind Farm Nicaragua,"Consorcio Eolico Amayo, S.A.",Cerro Colorado Power S.A. (CCP) - BNamericas,https://www.bnamericas.com/company-profile/en/cerro-colorado-power-sa-ccp
Blue Power & Energy Wind Farm Nicaragua,Blue Power & Energy S.A.,Contact Us | Black & Veatch,https://www.bv.com/contact-us
Eolo Wind Farm Nicaragua,Eolo de Nicaragua S.A.,Contact us | nixar,https://nixar.net/contact-us/
Gangwon Wind Farm (GaWiP) South Korea,Gangwon Wind Power Company Ltd,50 colors Colors of the Wind made in korea products color ...,https://winis.en.alibaba.com/product/60228955634-800459949/50_colors_Colors_of_the_Wind_made_in_korea_products_color_contact_lenses_wholesale_colored_contacts.html#!
Haengwon Wind Farm South Korea,Jeju Special Self- Governing Province,"Contact us - jeju Island chocolate, cookies",http://www.jekiss.com/business/contact.html
Hangyeong (Hankyung) Wind Farm South Korea,Korea Southern Power Company Ltd,Locations and Contact Information | SunPower,https://global.sunpower.com/company/locations/
Samdal Wind Farm South Korea,Hanshin Energy Company Ltd,"Global Advanced Technology Co., Ltd. ,seosan (south Korea ...",http://www.hellotrade.com/global-advanced-technology/contact.html
Sungsan (Seongsan) Wind Farm South Korea,Korea Southern Power Company Ltd,Locations and Contact Information | SunPower,https://global.sunpower.com/company/locations/
Yeongyang (Yongyang) Wind Farm South Korea,Acciona Spain,Contact - ACCIONA,https://www.acciona.com/contact/
PVE Bogdanci Wind Power Plant Macedonia,ELEM,elem | CONTACT US,http://www.elem.org/form#!
Fantanele-Cogealac Wind Farm Romania,CEZ a. s.,CEZ Group | Contact,https://www.cez.cz/en/cez-group/cez-group/subsidiaries/processing-companies/cez-logistika/contact.html
Darling Wind farm SA,Darling Independent Power  Producer (Darling IPP),Contact Us | Windaba 2017,http://www.windaba.co.za/contact-us/
Klipheuwel Wind Farm SA,Eskom Generating Division,CONTACT CENTRE FREQUENTLY ASKED QUESTIONS – RESIDEN TIAL ...,http://www.eskom.co.za/sites/idm/Documents/RLMFAQ.pdf
Noupoort Wind Farm South Africa,Mainstream Renewable Power,Contact Information - Mainstream Renewable Power,http://mainstreamrp.com/contact/
La Tallada Wind Farm Spain,,"SOCCER.COM | Soccer Cleats and Shoes, Soccer Jerseys ...",https://www.soccer.com/
Hambantota Wind Farm Sri Lanka,Ceylon Electricity Board (CEB),Contact | CEB,http://www.ceb.lk/co-contact/
Lillgrund Wind Farm Sweden,Vattenfall,Contact us - Vattenfall,https://corporate.vattenfall.com/about-vattenfall/contact-us/
Uljabuouda Wind Farm Sweden,Skelleftea Kraft,"Skelleftea Kraft AB -Overview, Contact Details, locations ...",https://www.researchmoz.us/skelleftea-kraft-ab-overview-contact-details-locations-key-executives-power-plant-information-business-description-and-swot-analysis-report.html
Huay Bong Wind Farm Thailand,First Korat Wind Company,Arghavan – Expo Stand Design & Fabrication Company ...,https://www.pinterest.com/pin/384565255666917506/
Lam Ta Khong Wind Farm Thailand,Electricity Generating Authority of Thailand (EGAT),CONTACT US,http://www.dsm.egat.co.th/en/index.php?option=com_contactmap&view=contactmap&layout=map&Itemid=164
Haouaria Wind Farm Tunisia,Societe Tunisienne d’Electricite et du Gaz (STEG),Contact - steg.com.tn,http://www.steg.com.tn/fr/contact/contact.html
Sidi Daoud Wind Farm Tunisia,Societe Tunisienne d’Electricite et du Gaz (STEG),Contact - steg.com.tn,http://www.steg.com.tn/fr/contact/contact.html
Thanet Wind farm UK,Vattenfall,Contact us - Vattenfall,https://corporate.vattenfall.com/about-vattenfall/contact-us/
Whitelee Wind Farm UK,ScottishPower Renewables (part of Iberdrola),Suppliers Contact Us Page - ScottishPower,https://www.scottishpower.com/pages/suppliers_contact_us.aspx
251 Project Wind Farm CA USA,,Contact us – Google,http://www.google.com/contact/
85 A Wind Farm CA USA,,Contact us – Google,http://www.google.com/contact/
85 B Wind Farm CA USA,,Contact us – Google,http://www.google.com/contact/
AB Tehachapi  Wind Farm California United States of America,Coram Enegry,People's United Bank Help Center - Contact Us Directory,https://www.peoples.com/peoples/Main/Personal/Online-Services/Help-Center/Contact-Us
AB Tehachapi Wind Farm California United States of America,Coram Enegry,People's United Bank Help Center - Contact Us Directory,https://www.peoples.com/peoples/Main/Personal/Online-Services/Help-Center/Contact-Us
Acolus Wind Facility Wind Farm TX USA,,Contact us – Google,http://www.google.com/contact/
Adams Wind Farm Wind Farm MN USA,,Contact us – Google,http://www.google.com/contact/
Aeroturbine Wind Farm CA USA,,Contact us – Google,http://www.google.com/contact/
Agassiz Beach Wind Farm Minnesota United States of America,,Contact us – Google,http://www.google.com/contact/
Allendorf Wind Farm IA USA,,Contact us – Google,http://www.google.com/contact/
Altamont Midway Ltd Wind Farm CA USA,AES Corp,Contact Us | AES Corporation,https://aes-corp.com/contact-us/
,,Contact us – Google,http://www.google.com/contact/
Altamont Power LLC Wind Farm CA USA,,Contact us – Google,http://www.google.com/contact/
Altech 3 Wind Farm California United States of America,SeaWest,Contact Us - Sea West,http://www.seawest.coop/asp/contact.asp
Altech Energy Ltd Wind Farm California United States of America,SeaWest,Contact Us - Sea West,http://www.seawest.coop/asp/contact.asp
Argonne (Aragonne) Mesa Wind Farm United States of America,Infigen Energy,Contact Us - Infigen Energy,https://www.infigenenergy.com/contact-us/
Autumn Hills LLC Wind Farm MN USA,,Contact us – Google,http://www.google.com/contact/
Badger Wind Farm Wind Farm WI USA,,Contact us – Google,http://www.google.com/contact/
Big Spring Wind Farm Texas United States of America,Caithness,Contact | Long Island,http://www.caithnesslongisland.com/contact/
Buffalo Mountain Wind Farm TN USA,,Contact us – Google,http://www.google.com/contact/
Byron Wind Farm WI USA,Wisconsin Energy Corp,We Energies | Contact Us,https://www.we-energies.com/home/contactus.htm
CG Windfarm LLC Wind Farm MN USA,,Contact us – Google,http://www.google.com/contact/
CTV Power Purchase Contract Trust Wind Farm CA USA,,Contact us – Google,http://www.google.com/contact/
Cabazon Wind Farm California United States of America,FPL Group Inc,"Jim Bradley at FPL Group, Inc. Contact Details ...",https://leadferret.com/directory/person/jim-bradley/8906773
Cabazon Wind Partners Wind Farm CA USA,,"SOCCER.COM | Soccer Cleats and Shoes, Soccer Jerseys ...",https://www.soccer.com/
Cameron Ridge Wind Farm California United States of America,Caithness,Contact | Long Island,http://www.caithnesslongisland.com/contact/
Caprock Wind Farm New Mexico United States of America,Infigen Energy,Contact Us - Infigen Energy,https://www.infigenenergy.com/contact-us/
Chamberlain Wind Project Wind Farm South Dakota United States of America,Basin Electric Power Coop,Contact Address of Basin Electric Power Co-Op in ...,https://addresscustomerservicecenternumber.com/Address-Email-Website-Contact-Number-of-Basin-Electric-Power-Co-Op-in-Centennial-CO/
Champepaden Chandler Hills Phase II WInd Farm Minnesota United States of America,Great River Energy,Great River Energy News,http://econdev.greatriverenergy.com/mncooperativesites/news
Colorado Green Wind Farm Colorado United States of America,PPM Energy/Shell,Contact us | Shell Australia,http://www.shell.com.au/about-us/contact-us.html
"Condon Wind Project I, II Wind Farm Oregon United States of America",AES Corp,Contact Us | AES Corporation,https://aes-corp.com/contact-us/
Coram Energy 2 Wind Farm California United Sates of America,Coram Enegry,People's United Bank Help Center - Contact Us Directory,https://www.peoples.com/peoples/Main/Personal/Online-Services/Help-Center/Contact-Us
Coram Energy Wind Farm California United Sates of America,Coram Enegry,People's United Bank Help Center - Contact Us Directory,https://www.peoples.com/peoples/Main/Personal/Online-Services/Help-Center/Contact-Us
Delaware Mountain Wind Farm Texas United States of America,FPL Energy,FPL | Contact Us - FPL | Homepage,https://www.fpl.com/support/contact.html
Desert Sky Wind Farm TX USA,American Electric Power Co,AEP - Contact Us,http://www.aep.com/contact/
Difwind Farms Ltd I Wind Farm California United States of America,enXco,Contact Us | EDF Renewable Energy,https://www.edf-re.com/contact/contact-us/
Difwind Farms Ltd II Wind Farm California United States of America,enXco,Contact Us | EDF Renewable Energy,https://www.edf-re.com/contact/contact-us/
Difwind Farms Ltd V Wind Farm California United States of America,enXco,Contact Us | EDF Renewable Energy,https://www.edf-re.com/contact/contact-us/
Difwind Farms Ltd VI Wind Farm CA USA,,"SOCCER.COM | Soccer Cleats and Shoes, Soccer Jerseys ...",https://www.soccer.com/
Difwind Farms Ltd VII Wind Farm CA USA,,"SOCCER.COM | Soccer Cleats and Shoes, Soccer Jerseys ...",https://www.soccer.com/
Difwind Farms Ltd VIII Wind Farm CA USA,,Contact us – Google,http://www.google.com/contact/
Dinosaur Point Wind Farm CA USA,,Contact us – Google,http://www.google.com/contact/
ENXCO Wind Farm V Wind Farm CA USA,,Contact us – Google,http://www.google.com/contact/
ESI Project Wind Farm CA USA,AES Corp,Contact Us | AES Corporation,https://aes-corp.com/contact-us/
EUIPH Wind Farm Wind Farm CA USA,,Contact us – Google,http://www.google.com/contact/
East Winds Wind Farm California United States of America,Nichimen America,Contact Us / Jobs - sojitzamericas.com,http://sojitzamericas.com/contact/
Edom Hill Repower Wind Farm California United States of America,BP Alternative Energy,Contact us | BP,https://www.bp.com/en/global/corporate/contact-us.html
Fenner Wind Power Project Wind Farm New York United States of America,Enel North America,Enel - Official Site,https://www.enel.com/
Fey Windfarm LLC Wind Farm MN USA,,Contact us – Google,http://www.google.com/contact/
Flat Ridge Wind Farm KS USA,,"SOCCER.COM | Soccer Cleats and Shoes, Soccer Jerseys ...",https://www.soccer.com/
Florence Hills LLC Wind Farm MN USA,,Contact us – Google,http://www.google.com/contact/
Flying Cloud Wind Farm Iowa United States of America,PPM Energy,"PPM Energy : Quotes, Address, Contact",https://www.azocleantech.com/suppliers.aspx?SupplierID=454
Fowler Ridge Wind Farm IN USA,BP Wind Energy,Contact BP in America | BP U.S.,https://www.bp.com/en_us/bp-us/contact-bp-in-america.html
G.McNeilus Wind Farm Minnesota United States of America,,Contact us – Google,http://www.google.com/contact/
Gray County Wind Farm Kansas United States of America,FPL Energy,FPL | Contact Us - FPL | Homepage,https://www.fpl.com/support/contact.html
Green Mountain Energy Wind Farm Wind Farm TX USA,,Contact us – Google,http://www.google.com/contact/
Green Mountain Wind Farm Pennsylvania United States of America,FPL Energy,FPL | Contact Us - FPL | Homepage,https://www.fpl.com/support/contact.html?cid=aliascontact
Green Power I Wind Farm California United States of America,FPL Energy,FPL | Contact Us - FPL | Homepage,https://www.fpl.com/support/contact.html
Hadley Ridge LLC Wind Farm MN USA,,Contact us – Google,http://www.google.com/contact/
Hancock County Wind Farm Iowa United States of America,FPL Energy,FPL | Contact Us - FPL | Homepage,https://www.fpl.com/support/contact.html
Hawkeye Power Partners LLC Wind Farm IA USA,,Contact us – Google,http://www.google.com/contact/
Helzel  and  Schwarzhoff 86 Wind Farm CA USA,,Contact us – Google,http://www.google.com/contact/
Helzel and Schwarzhoff 88 Wind Farm CA USA,,"SOCCER.COM | Soccer Cleats and Shoes, Soccer Jerseys ...",https://www.soccer.com/
High Winds Wind Farm California United States of America,FPL Energy,FPL | Contact Us - FPL | Homepage,https://www.fpl.com/support/contact.html
Highmore Wind Energy Project WInd Farm South Dakota United States of America,FPL Energy,FPL | Contact Us - FPL | Homepage,https://www.fpl.com/support/contact.html
Hope Creek LLC Wind Farm MN USA,,Contact us – Google,http://www.google.com/contact/
Howden Wind Park Wind Farm CA USA,,Contact us – Google,http://www.google.com/contact/
Hueco Mountain Wind Ranch Wind Farm Texas United States of America,El Paso Electric,CONTACT US - El Paso Electric,https://www.epelectric.com/about-el-paso-electric/contact-us
Indian Mesa Wind Farm Texas United States of America,FPL Group Inc,"Jim Bradley at FPL Group, Inc. Contact Details ...",https://leadferret.com/directory/person/jim-bradley/8906773
Intrepid Wind Farm Iowa United States of America,MidAmerican Energy Holdings Co,Contact Us - MidAmerican Energy,https://www.midamericanenergy.com/contact-us.aspx
Iowa Distributed Wind Generation Project Wind Farm IA USA,,Contact us – Google,http://www.google.com/contact/
Jack River LLC Wind Farm MN USA,,Contact us – Google,http://www.google.com/contact/
Jessica Mills LLC Wind Farm MN USA,,Contact us – Google,http://www.google.com/contact/
Julia Hills LLC Wind Farm MN USA,,Contact us – Google,http://www.google.com/contact/
Kamaoa Wind Farm Wind Farm HI USA,,Contact us – Google,http://www.google.com/contact/
Karen Avenue Wind Farm California United States of America,San Gorgonio Farms,"1116 E Edgemont Dr For Sale - San Bernardino, CA | Trulia",https://www.trulia.com/p/ca/san-bernardino/1116-e-edgemont-dr-san-bernardino-ca-92404--1003050844
Kas Farms Wind Farm Minnesota United States of America,Kas Brothers,Contact - Kaz Home Improvements,http://www.kazbrothers.net/contact.html
Kimball Wind Project Wind Farm Nebraska United States of America,,Contact us – Google,http://www.google.com/contact/
King Mountain Wind Ranch Wind Farm Texas United States of America,FPL Energy,FPL | Contact Us - FPL | Homepage,https://www.fpl.com/support/contact.html
Klondike Wind Farm Oregon United States of America,Iberdrola Renewables,Contact Us - Avangrid Renewables,http://www.avangridrenewables.us/contact.html
Lake Benton I Wind Farm Minnesota United States of America,AES Corp,Contact Us | AES Corporation,https://aes-corp.com/contact-us/
Lake Benton II Wind Farm Minnesota United States of America,FPL Energy,FPL | Contact Us - FPL | Homepage,https://www.fpl.com/support/contact.html
Lakota Ridge Wind Farm Minnesota United States of America,Edison Mission Group,Contact Address of Edison Mission Group Inc in Rosemead ...,https://addresscustomerservicecenternumber.com/Address-Email-Website-Contact-Number-of-Edison-Mission-Group-Inc-in-Rosemead-CA/
Lalamilo Wells Wind Farm Hawaii United States of America,Hawaiian Electric Industries Inc,Contact Information - HEI,http://www.hei.com/CustomPage/Index?keyGenPage=1073751885
Llano Estacado Wind Ranch Wind Farm Texas United States of America,Shell WInd Energy,Contact Shell Energy Europe | Shell Global,https://www.shell.com/business-customers/trading-and-supply/trading/shell-energy-europe/contact-shell-energy-europe.html
Mackinaw City Wind Farm Michigan United States of America,Mackinaw Power,Michigan Sustainable Energy Coalition -- All About the RPS,http://salsa.wiredforchange.com/o/1659/campaign.jsp?campaign_KEY=2020
Madison Wind Power Project Wind Farm New York United States of America,Goldman Sachs Group Inc,Goldman Sachs - Official Site,http://www.goldmansachs.com/
Medicine Bow Wind Farm WY USA,,Contact us – Google,http://www.google.com/contact/
"Mendota Hills, LLC Wind Farm IL USA",,Contact us – Google,http://www.google.com/contact/
Mesa (ZPI) Wind Farm CA USA,AES Corp,Contact Us | AES Corporation,https://aes-corp.com/contact-us/
Mesa (ZPII) Wind Farm CA USA,,Contact us – Google,http://www.google.com/contact/
Meyersdale Wind Farm Pennsylvania United States of America,FPL Energy,FPL | Contact Us - FPL | Homepage,https://www.fpl.com/support/contact.html
Mill Run Wind Power Project Wind Farm Pennsylvania United States of America,FPL Energy,FPL | Contact Us - FPL | Homepage,https://www.fpl.com/support/contact.html
MinWind I-II Wind Farm Minnesota United States of America,Farmer's Cooperative,Farmers Coop Dorchester - Contact Us,http://www.farmersco-operative.com/pages/contact.php
Minn Wind III-IV Wind Farm Minnesota United States of America,,Contact us – Google,http://www.google.com/contact/
Minot Wind Project Wind Farm ND USA,Basin Electric Power Coop,Contact Address of Basin Electric Power Co-Op in ...,https://addresscustomerservicecenternumber.com/Address-Email-Website-Contact-Number-of-Basin-Electric-Power-Co-Op-in-Centennial-CO/
Mojave 16 Wind Farm CA USA,FPL Group Inc,"Jim Bradley at FPL Group, Inc. Contact Details ...",https://leadferret.com/directory/person/jim-bradley/8906773
Mojave 17 Wind Farm CA USA,FPL Group Inc,"Jim Bradley at FPL Group, Inc. Contact Details ...",https://leadferret.com/directory/person/jim-bradley/8906773
Mojave 18 Wind Farm CA USA,FPL Group Inc,"Alan Gonsalez at FPL Group, Inc. Contact Details ...",https://leadferret.com/directory/person/alan-gonsalez/8910802
Mojave 3 Wind Farm CA USA,,Contact us – Google,http://www.google.com/contact/
Mojave 4 Wind Farm CA USA,,Contact us – Google,http://www.google.com/contact/
Mojave 5 Wind Farm CA USA,,Contact us – Google,http://www.google.com/contact/
Moulton Chandler Hills Phase II Wind Farm Minnesota United States of America,Great River Energy,Contact us | Great River Energy,http://greatriverenergy.com/contact-us/
Mountain View Power Partners I Wind Farm California United States of America,MDU Resources,MDU Resources Surplus Auction,http://surplus.mduresources.com/Account/LogOn?returnUrl=%2FListing%2FDetails%2F743845%2F2001-Tom-Wright-Custom-Utility-Trailer
Mountain View Power Partners II Wind Farm California United States of America,MDU Resources,MDU Resources Surplus Auction,http://surplus.mduresources.com/Account/LogOn?returnUrl=%2FListing%2FDetails%2F743845%2F2001-Tom-Wright-Custom-Utility-Trailer
Mountain View Power Partners III Wind Farm California United States of America,PPM Energy,"PPM Energy : Quotes, Address, Contact",https://www.azocleantech.com/suppliers.aspx?SupplierID=454
Mountaineer Wind Energy Center Wind Farm West Virginia United States of America,FPL Energy,FPL | Contact Us - FPL | Homepage,https://www.fpl.com/support/contact.html
New Mexico Wind Energy Center Wind Farm NM USA,FPL Energy,FPL | Contact Us - FPL | Homepage,https://www.fpl.com/support/contact.html
Nine Canyon Wind Farm Washington United States of America,Energy Northwest,Contact Us - Energy Northwest,http://www.energy-northwest.com/Pages/Contact-Us.aspx
"North Dakota Wind I, II Wind Farm North Dakota United States of America",FPL Energy,FPL | Contact Us - FPL | Homepage,https://www.fpl.com/support/contact.html
Northwest Wind Wind Farm IA USA,,Contact us – Google,http://www.google.com/contact/
Northwind Energy Wind Farm CA USA,,"SOCCER.COM | Soccer Cleats and Shoes, Soccer Jerseys ...",https://www.soccer.com/
Oak Creek Energy Systems Wind Farm California United States of America,Oak Creek Energy Systems,contact us | Oak Creek Energy-the energy ... - oces.com,http://oces.com/?page_id=16082
Oasis Wind Wind Farm California United States of America,enXco,Contact Us | EDF Renewable Energy,https://www.edf-re.com/contact/contact-us/
"Oklahoma Wind Energy Center A, B Wind Farms Oklahoma United States of America",FPL Energy,FPL | Contact Us - FPL | Homepage,https://www.fpl.com/support/contact.html
Pacific West I Wind Farm California United States of America,PacifiCorp,Contact Us - PacifiCorp,http://www.pacificorp.com/about/contact1.html
Painted Hills B&C Wind Farm Californina United States of America,Zond Systems,Zondits - Your Smart Energy Resource,http://zondits.com/
Palmdale Water District Wind Turbine CA USA,Palmdale Water District (PWD),Contact Us | Palmdale Water District,https://www.palmdalewater.org/about/contact-us/
Patterson Pass Wind Farm California United States of America,International Wind Companies,Contact Houston Intermodal Drayage Company | Gulf Winds ...,http://www.gwii.com/about/contact.html
Peetz Table Wind Farm Colorado United States of America,Caithness,Contact | Caithness,http://www.caithnessmoxiefreedom.com/contact/
Phoenix Wind Power LLC Wind Farm CA USA,ScottishPower plc (UK),Contact Us - ScottishPower,https://www.scottishpower.com/pages/contact_us.aspx
Ponnequin Phase 1 Wind Farm Colorado United States of America,Xcel Energy,Xcel Energy - Contact Us Form,https://www.xcelenergy.com/Customer_Support/Contact_Us_Form
Ponnequin Phase III Wind Farm Colorado United States of America,AES Corp,Contact Us | AES Corporation,https://aes-corp.com/contact-us/
Ridgetop Energy LLC Wind Farm CA USA,Caithness,Contact | Caithness,http://www.caithnessmoxiefreedom.com/contact/
Ridgetop Wind Farm CA USA,,Contact us – Google,http://www.google.com/contact/
Rock River I LLC Wind Farm WY USA,AES Corp,Contact Us | AES Corporation,https://aes-corp.com/contact-us/
Rosiere Wind Farm Wisconsin United States of America,Madison Gas & Electric,"Contact MGE - Madison Gas and Electric - Madison, Wisconsin",https://www.mge.com/contact/
Ruthton Ridge LLC Wind Farm MN USA,,Contact us – Google,http://www.google.com/contact/
S and P Windfarm LLC Wind Farm MN USA,,Contact us – Google,http://www.google.com/contact/
Salt Valley Wind Farm NE USA,,Contact us – Google,http://www.google.com/contact/
San Gorgonio Farms Wind Farm California United States of America,,Contact us – Google,http://www.google.com/contact/
San Gorgonio Westwinds II LLC Wind Farm CA USA,AES Corp,Contact Us | AES Corporation,https://aes-corp.com/contact-us/
San Gorgonio Windplant WPP1993 Wind Farm CA USA,,Contact us – Google,http://www.google.com/contact/
San Juan Mesa Wind Farm New Mexico United States of America,Edison Mission Group,Contact Address of Edison Mission Group Inc in Rosemead ...,https://addresscustomerservicecenternumber.com/Address-Email-Website-Contact-Number-of-Edison-Mission-Group-Inc-in-Rosemead-CA/
Searsburg Wind Energy Facility Wind Farm United States of America,enXco,Contact Us | EDF Renewable Energy,https://www.edf-re.com/contact/contact-us/
Shaokatan Power Partners Wind Farm Minnesota United States of America,Northern Alternative Energy,Contact Our Solar Company - SunPower® by Alternative ...,https://www.solarenergyforlife.com/contact-us
Sky River Wind Farm California United States of America,FPL Group Inc,"Alan Gonsalez at FPL Group, Inc. Contact Details ...",https://leadferret.com/directory/person/alan-gonsalez/8910802
Soliloquoy Ridge LLC Wind Farm MN USA,,Contact us – Google,http://www.google.com/contact/
Somerset Wind Power Project Wind Farm Pennsylvania United States of America,FPL Energy,FPL | Contact Us - FPL | Homepage,https://www.fpl.com/support/contact.html
Southwest Mesa Wind Farm Texas United States of America,FPL Energy,FPL | Contact Us - FPL | Homepage,https://www.fpl.com/support/contact.html
Spanish Fork Wind Farm Utah United States of America,Edison Mission Group,Contact Address of Edison Mission Group Inc in Rosemead ...,https://addresscustomerservicecenternumber.com/Address-Email-Website-Contact-Number-of-Edison-Mission-Group-Inc-in-Rosemead-CA/
Spartan Hills LLC Wind Farm MN USA,,Contact us – Google,http://www.google.com/contact/
Springview Wind Farm Nebraska United States of America,Nebraska Public Power District and Consortium of Public Utilities,International Contact Center Benchmarking Consortium ...,http://iccbc.org/xxxyyyzzz
Stateline Wind Project Wind Farm Oregon United States of America,FPL Group Inc,"Jim Bradley at FPL Group, Inc. Contact Details ...",https://leadferret.com/directory/person/jim-bradley/8906773
Storm Lake I Wind Farm Iowa United States of America,Edison Mission Group,Contact Address of Edison Mission Group Inc in Rosemead ...,https://addresscustomerservicecenternumber.com/Address-Email-Website-Contact-Number-of-Edison-Mission-Group-Inc-in-Rosemead-CA/
Storm Lake II Wind Farm Iowa United States of America,AES Corp,Contact Us | AES Corporation,https://aes-corp.com/contact-us/
Sun River LLC Wind Farm MN USA,,Contact us – Google,http://www.google.com/contact/
Swanmill Windfarm I Wind Farm CA USA,,Contact us – Google,http://www.google.com/contact/
TG Windfarm LLC Wind Farm MN USA,,Contact us – Google,http://www.google.com/contact/
TPC Windfarms LLC Wind Farm CA USA,FPL Group Inc,"Jim Bradley at FPL Group, Inc. Contact Details ...",https://leadferret.com/directory/person/jim-bradley/8906773
Tehachapi Wind Resource I Wind Farm CA USA,,Contact us – Google,http://www.google.com/contact/
Tehachapi Wind Resource II Wind Farm CA USA,,Contact us – Google,http://www.google.com/contact/
Top of Iowa Wind Farm Iowa United States of America,,Contact us – Google,http://www.google.com/contact/
Trent Mesa Wind Farm Texas United States of America,American Electric Power,AEP - Contact Us,http://www.aep.com/contact/
Tsar Nicholas LLC Wind Farm MN USA,,Contact us – Google,http://www.google.com/contact/
Twin Lake Hills LLC Wind Farm MN USA,,Contact us – Google,http://www.google.com/contact/
Vansycle Ridge Wind Farm Oregon United States of America,FPL Energy,FPL | Contact Us - FPL | Homepage,https://www.fpl.com/support/contact.html
Victory Garden Phase IV Wind Farm California United States of America,FPL Energy,FPL | Contact Us - FPL | Homepage,https://www.fpl.com/support/contact.html
Victory Garden Wind Farm California United States of America,Caithness,Contact | Caithness,http://www.caithnessmoxiefreedom.com/contact/
WPS Wind Farm Wisconsin United States of America,Wisconsin Public Service Co,Contact us (Wisconsin Public Service),https://accel.wisconsinpublicservice.com/secure/ssl/contact.aspx
Waymart Wind Farm Pennsylvania United States of America,FPL Energy,FPL | Contact Us - FPL | Homepage,https://www.fpl.com/support/contact.html
West Texas Windplant Wind Farm TX USA,FPL Group Inc,"Jim Bradley at FPL Group, Inc. Contact Details ...",https://leadferret.com/directory/person/jim-bradley/8906773
Westar Wind Wind Farm KS USA,,Contact us – Google,http://www.google.com/contact/
Westridge Wind Farm Minnesota United States of America,Edison Mission Group,Contact Address of Edison Mission Group Inc in Rosemead ...,https://addresscustomerservicecenternumber.com/Address-Email-Website-Contact-Number-of-Edison-Mission-Group-Inc-in-Rosemead-CA/
Westwind Trust Wind Farm California United States of America,,Contact us – Google,http://www.google.com/contact/
Whitewater Hill Wind Partners Wind Farm California United States of America,Canon Power Corp.,CannonCorp Engineering Consultants | Contact Cannon,http://cannoncorp.us/about/contact-cannon/
Wilmont Hills Wind Farm Minnesota United States of America,Northern Alternative Energy,Contact Our Solar Company - SunPower® by Alternative ...,https://www.solarenergyforlife.com/contact-us
Wind Turbine Wind Farm MN USA,,Contact us – Google,http://www.google.com/contact/
Windcurrent Farms LLC Wind Farm MN USA,,Contact us – Google,http://www.google.com/contact/
Windland (Boxcar II) Wind Farm California United States of America,Windland Inc,Yessy > Amy Windland > Contact,https://www.yessy.com/amywindland/contact.html
Wintec Energy Ltd Wind Farm CA USA,,Contact us – Google,http://www.google.com/contact/
Winters Spawn LLC Wind Farm MN USA,,Contact us – Google,http://www.google.com/contact/
Woodstock Hills Wind Farm Minnesota United States of America,Edison Mission Group,Contact Address of Edison Mission Group Inc in Rosemead ...,https://addresscustomerservicecenternumber.com/Address-Email-Website-Contact-Number-of-Edison-Mission-Group-Inc-in-Rosemead-CA/
Woodward Mountain I Wind Farm TX USA,FPL Group Inc,"Jim Bradley at FPL Group, Inc. Contact Details ...",https://leadferret.com/directory/person/jim-bradley/8906773
Woodward Mountain II Wind Farm TX USA,FPL Group Inc,"Jim Bradley at FPL Group, Inc. Contact Details ...",https://leadferret.com/directory/person/jim-bradley/8906773
Wyoming Wind Energy Center Wind Farm Wyoming United States of America,FPL Energy,FPL | Contact Us - FPL | Homepage,https://www.fpl.com/support/contact.html
ZCO Wind Farm CA USA,,"SOCCER.COM | Soccer Cleats and Shoes, Soccer Jerseys ...",https://www.soccer.com/
Zirbel Wind Farm Wisconsin United States of America,Wisconsin Public Service Co,Contact us (Wisconsin Public Service),https://accel.wisconsinpublicservice.com/secure/ssl/contact.aspx
Zond Windsystem Partners Series 85C Wind Farm California United States of America,,Contact us – Google,http://www.google.com/contact/
shaokatan Hills Wind Farm Minnesota United States of America,Edison Mission Group,Contact Address of Edison Mission Group Inc in Rosemead ...,https://addresscustomerservicecenternumber.com/Address-Email-Website-Contact-Number-of-Edison-Mission-Group-Inc-in-Rosemead-CA/
Agroland Wind Farm Uruguay,Nuevo Manantial S.A,CONTACT AZTEK TECHNOLOGIES,http://aztektec.com/contact.html
Kentilux Wind Farm Uruguay,Kentilux S.A.,Lentile de contact LentiLux.ro - samesites.org,http://samesites.org/www/lentilux.ro
Nuevo Manatial Wind Farm Uruguay,Nuevo Manantial S.A,CONTACT AZTEK TECHNOLOGIES,http://aztektec.com/contact.html
