Atucha 1 Nuclear Power Plant Argentina,Argentina,Operating Fully,-33.9669,-59.20624,357,Pressurized Heavy Water Reactor (PHWR),"Lima, about 160km NW of Buenos Aries, Argentina",National Grid,Nucleoelectrica Argentina SA (NASA),,Government,Siemens-KWU AG,Nucleoelectrica Argentina SA (NASA),,,http://www.iaea.org/programmes/a2/
Embalse Nuclear Power Plant Argentina,Argentina,Operating Fully,-32.2316,-64.44398,648,Pressurized Heavy Water Reactor (PHWR),"Near Embalse, Cordoba, Argentina",National Grid,Nucleoelectrica Argentina SA,100,Government Central,ATOMIC ENERGY OF CANADA LTD and Italimpianti,Nucleoelectrica Argentina SA,ENRE (Ente Nacional Regulador de la Electricidad),,http://www.iaea.org/programmes/a2/   (IAEA PRIS database)
Name,Country,Status,Latitude,Longitude,Design Capacity,Plant Type,Location,Power Grid,Owner,Per Owner,Ownership Type,EPC Contractor,Operating Company,Regulatory Authority,Financed By,Reference
Name,Country,Status,Latitude,Longitude,Design Capacity,Plant Type,Location,Power Grid,Owner,Per Owner,Ownership Type,EPC Contractor,Operating Company,Regulatory Authority,Financed By,Reference
Armenia (Metsamor) Nuclaer Power Plant Armenia,Armenia,Operating Fully,40.18051,44.1498,376,Pressurized Water Reactor (PWR),"Armavir, Armenia",National Grid,Ministry of Energy and Natural Resources of RA,,Government,,Inter RAO UES (Joint Stock Company Armenian NPP),,,http://www.iaea.org/pris/CountryStatistics/CountryDetails.aspx?current=AM
Doel (Electrabel) Nuclear Power Plant Belgium,Belgium,Please Select,51.325382293772,4.2597011509918,2963,Pressurized Water Reactor (PWR),"Doel, East Flanders, Belgium",National Grid,"Indivision Doel (EBES , INTERCOM , UNERG)",,,"ACECOWEN ( ACEC-COCKERILL-WESTINGHOUSE ) for units 1, 2, and 4, FRAMACECO ( FRAMATOME-ACEC-COCKERILL )) for unit 3",ELECTRABEL M. V. NUCLEAIRE PRODUKTIE,,,http://www.iaea.org/programmes/a2/
Tihange Nuclear Power Plant Belgium,Belgium,Operating Fully,50.534193124402,5.2750521053377,3129,Pressurized Water Reactor (PWR),"Tihange, Belgium",National Grid,SOCIETE BELGO-FRANCAISE D'ENERGIE NUCLAIRE MOSANE. Part of EDF,,,"ACLF ((ACECOWEN - CREUSOT LOIRE - FRAMATOME)) for unit 1, FRAMACEC (FRAMACECO ( FRAMATOME-ACEC-COCKERILL )) for unit 2, ACECOWEN (ACECOWEN ( ACEC-COC",ELECTRABEL M. V. NUCLEAIRE PRODUKTIE,,,http://www.iaea.org/programmes/a2/  (IAEA PRIS Database)
Angra Nuclear Power Plant Brazil,Brazil,Operating Fully,-23.00773,-44.4588,2007,Pressurized Water Reactor (PWR),"Itaorna Beach, Rio de Janeiro, Brazil",National Grid,Eletrobras Eletronuclear S.A.  - ELETRONUCLEAR,100,Government,Westinghouse and SIEMENS KRAFTWERK UNION AG,Eletrobras Eletronuclear S.A.  - ELETRONUCLEAR,,,http://en.wikipedia.org/wiki/Angra_Nuclear_Power_Plant
Kozloduy Nuclear Power Plant Bulgaria,Bulgaria,Operating Fully,43.7428,23.7756,2000,Pressurized Water Reactor (PWR),"Kozloduy on the Danube, Bulgaria",Please Select,Bulgarian Energy Holding EAD (BEH EAD),100,Government,AEE (ATOMENERGOEXPORT),KOZNPP (KOZLODUY NPP-plc),,,http://www.iaea.org/programmes/a2/      (IAEA PRIS Database)
Bruce Nuclear Power Plant Canada,Canada,Operating Fully,44.3383,-81.5729,3260,Pressurized Heavy Water Reactor (PHWR),"Located on the shores of Lake Huron, roughly 250 kilometres northwest of Toronto, Ontario, Canada",Regional Grid,Bruce Power,100,,NEI.P (NEI PARSONS),Bruce Power,,,IAEA PRIS database
Darlington Nuclaer Power Plant Canada,Canada,Please Select,43.869229921363,-78.724235621556,3736,Please Select,"On Lake Ontario, Municipality of Clarington in Durham Region, 70 km east of Toronto, Ontario, Canada",Please Select,ONTARIO HYDRO,,,OH/AECL (ONTARIO HYDRO / ATOMIC ENERGY OF CANADA LTD.),Ontario Power Generation,,,http://www.iaea.org/programmes/a2/      (IAEA PRIS database)
Gentilly Nuclear Power Plant Canada,Canada,Please Select,46.392766381172,-72.355270385742,675,Please Select,"Betancour, Quebec, Canada",Please Select,Hydro Quebec,,,BBC (BROWN BOVERI ET CIE),Hydro Quebec,,,http://www.iaea.org/programmes/a2/      (IAEA PRIS database)
Pickering A Nuclear Power Plant Canada,Canada,Operating Fully,43.8096,-79.0693,2168,Pressurized Heavy Water Reactor (PHWR),"North shore of Lake Ontario in Pickering, Ontario, Canada",Regional Grid,Ontario Hydro,100,Government Provincial,OH/AECL (ONTARIO HYDRO / ATOMIC ENERGY OF CANADA LTD.),Ontario Power Generation,,,http://www.iaea.org/programmes/a2/      (IAEA PRIS database)
Pickering B Nuclear Power Plant Canada,Canada,Operating Fully,43.8088,-79.0641,2160,Pressurized Heavy Water Reactor (PHWR),"North shore of Lake Ontario in Pickering, Ontario, Canada",Please Select,Ontario Hydro,100,,OH/AECL (ONTARIO HYDRO / ATOMIC ENERGY OF CANADA LTD.),Ontario Power Generation,,,www-pub.iaea.org/MTCD/publications/PDF/RDS2-26_web.pdf
Point Lepreau Nuclear Power Plant Canada,Canada,Please Select,45.068668675712,-66.454215642127,680,Please Select,"Point Lepreau, New Brunswick, Canada",Please Select,NEW BRUNSWICK ELECTRIC POWER COMMISSION,,,AECL (ATOMIC ENERGY OF CANADA LTD.),New Brunswick Power,,,IAEA PRIS database
Changjiang Nuclear Power Plant China,China,Operating Fully,19.46075,108.899917,1200,Pressurized Water Reactor (PWR),"Changjiang, Hainan, China",Regional Grid,China National Nuclear Corporation,,,,Hainan nuclear power company,,,
China Experimental Fast Reactor (CEFR),China,Operating Fully,39.7406,116.0302,20,Fast Neutron Reactor (FNR),"the China Institute of Atomic Energy, Beijing, China",Regional Grid,China National Nuclear Corporation (CNNC),100,Government,"OKBM Afrikantov, OKB Gidropress, NIKIET, Kurchatov Institute",China Institute of Atomic Energy,,,http://www.iaea.org/programmes/a2/
Fangchenggang Nuclear Power Plant China,China,Operating Partially,21.67083,108.558333,2000,Pressurized Water Reactor (PWR),"Hongshacun Village, Guangxi Zhuang, China",Regional Grid,China Guangdong Nuclear Power Co (CGNPC),,,,Guangxi Fangchenggang Nuclear Power Group,,,https://www.iaea.org/PRIS/CountryStatistics/CountryDetails.aspx?current=CN
Fangjiashan Nuclear Power Plant China,China,Operating Fully,30.44134,120.94176,2000,Pressurized Water Reactor (PWR),"Zhejiang, Chin",Regional Grid,China National Nuclear Corporation (CNNC),,,,QINSHAN NUCLEAR POWER COMPANY,,,https://www.iaea.org/PRIS/CountryStatistics/CountryDetails.aspx?current=CN
Fuqing Nuclear Power Plant China,China,Operating Fully,25.44062,119.44164,4356,Pressurized Water Reactor (PWR),"Fuqing, Fujian, China",Regional Grid,China National Nuclear Corporation (CNNC),100,,,"CNNC Fujian Fuqing Nuclear Power co.,LTD",,,
Guangdong (Daya Bay) Nuclear Power Plant China,China,Operating Fully,22.5977,114.5433,1968,Pressurized Water Reactor (PWR),"Guangdong, China",Regional Grid,China National Nuclear Corporation (CNNC),,,General Electric Company (GEC),China Guangdong Nuclear Power Corporation (CGNPC),,,http://en.wikipedia.org/wiki/Daya_Bay_Nuclear_Power_Plant
Hongyanhe Nuclear Power Plant China,China,Operating Fully,39.797,121.4765,4244,Pressurized Water Reactor (PWR),"Donggang Town, Wafangdian, Liaoning, China",Regional Grid,China General Nuclear Power Co (CGNPC),45,,,Liaoning Hongyanhe Nuclear Power Co. Ltd. (Lhnpc),,,https://www.iaea.org/PRIS/CountryStatistics/CountryDetails.aspx?current=CN
Lingao Nuclear Power Plant China,China,Operating Fully,22.605,114.5515,3980,Pressurized Water Reactor (PWR),"Guangdong, China",Regional Grid,China National Nuclear Corporation (CMNC),,,Framatome (Fram),Lingao Nuclear Power Company Limited (LANPC),,,http://world-nuclear.org/info/inf68.htm
Ningde Nuclear Power Plant China,China,Operating Fully,27.044,120.284,4320,Pressurized Water Reactor (PWR),"Beiwan village, Qinyu, Fuding, Ningde, Fujian",Regional Grid,China Guangdong Nuclear Power Holding Co Ltd,,,"CNNC, Tianjin Electric Power Construction, SEPCO",Fujian Ningde Nuclear Power Co Ltd (NDNP),,,http://www.iaea.org/pris/CountryStatistics/ReactorDetails.aspx?current=921
Qinshan Nuclear Power Plant China,China,Operating Fully,30.4358,120.9593,4310,Pressurized Water Reactor (PWR),"Zhejiang, China",Regional Grid,China National Nuclear Corporation (CNNC),100,Government,"CNNC, CNNC, CNNC, AECL, AECL","QNPC, NPQJVC, NPQJVC (NUCLEAR POWER PLANT QINSHAN JOINT VENTURE COMPANY LTD.), TQNPC, TQNPC",,,http://www.iaea.org/programmes/a2/  PRIS Database
Tianwan (Jiangsu) Nuclear Power Station China,China,Operating Fully,34.686439880696,119.45863723755,2000,Pressurized Water Reactor (PWR),"Tianwan, Jiangsu, China",National Grid,Jiangsu Nuclear Power Corporation,,Government of China,AO Atomenergoeksport (AEE) and VPO Zarubezhatomenergostroy (ZAES) of Russia,Jiangsu Nuclear Power Corporation,,,http://www.iaea.org/programmes/a2/
Yangjiang Nuclear Power Station China,China,Operating Fully,21.70833,112.261111,4320,Pressurized Water Reactor (PWR),"Dongping Town, Yangjiang City, Guangdong, China",Regional Grid,Guangdong Nuclear Power Joint Venture Company (GNPJVC),,,,Yangjiang Nuclear Power Co. Ltd,,,https://www.iaea.org/PRIS/CountryStatistics/CountryDetails.aspx?current=CN
Dukovany Nuclear Power Plant Czech Republic,Czech Republic,Please Select,49.084845148232,16.147868992384,1760,Please Select,,Please Select,Ceske Energeticke Zavody  (CEZ),,,SKODA CONCERN NUCLEAR POWER PLANT WORKS,Ceske Energeticke Zavody  (CEZ) ,,,http://www.iaea.org/programmes/a2/
Temelin Nuclear Power Plant Czech Republic,Czech Republic,Please Select,49.181092160059,14.374925255169,2026,Please Select,"Temelin, Czech Republic",Please Select,Czech Power Company (CEZ),,,SKODA CONCERN NUCLEAR POWER PLANT WORKS,Czech Power Company (CEZ) ,,,http://www.iaea.org/programmes/a2/  (IAEA PRIS Database)
Loviisa Nuclear Power Plant Finland,Finland,Operating Fully,60.3708,26.3468,976,Pressurized Water Reactor (PWR),Finland,National Grid,Fortum Power And Heat Oy,100,,AEE (ATOMENERGOEXPORT),Fortum Power & Heat Oy (FORTUMPH),,,http://world-nuclear.org/info/inf76.htm
Olkiluoto (TVO) Nuclear Power Plant Finland,Finland,Operating Fully,61.2371,21.4433,1920,Boiling Water Reactor (BWR),Finland,National Grid,Teollisuuden Voima Oy (TVO),100,,ASEASTAL (ASEA-ATOM / STAL-LAVAL),Teollisuuden Voima Oy (TVO),,,http://world-nuclear.org/info/inf76.htm
Belleville Nuclear Power Plant France,France,Operating Fully,47.510295,2.87505,2726,Pressurized Water Reactor (PWR),"Belleville s/ Loire, Cher, France",National Grid,Electricite de France (EdF),,Private (joint venture),"EDF, GTM",Electricite de France (EdF),Autorité de Sûreté Nucléaire (ASN),,http://www.iaea.org/programmes/a2/      (IAEA PRIS database)
Blayais Nuclear Power Plant France,France,Operating Fully,45.256,-0.6932,3640,Pressurized Water Reactor (PWR),"Gironde, France",National Grid,Electricite de France (EdF),,,FRAM (FRAMATOME),Electricite de France (EdF),Autorité de Sûreté Nucléaire (ASN),,http://world-nuclear.org/info/inf40.html
Bugey Nuclear Power Plant France,France,Operating Fully,45.797318126924,5.2706118901054,3724,Pressurized Water Reactor (PWR),"Bugey, Ain, France",National Grid,Electricite de France (EdF),,,FRAM (FRAMATOME),Electricite de France (EdF),Autorité de Sûreté Nucléaire (ASN),,http://www.uic.com.au/nip28.htm
Cattenom Nuclear Power Plant France,France,Operating Fully,49.416045342815,6.216942304456,5448,Pressurized Water Reactor (PWR),"Moselle, France",National Grid,Electricite de France (EdF),,,FRAM (FRAMATOME),Electricite de France (EdF),Autorité de Sûreté Nucléaire (ASN),,http://www.uic.com.au/nip28.htm
Chinon Nuclear Power Plant France,France,Operating Fully,47.225356332147,0.16555776997416,3816,Pressurized Water Reactor (PWR),"Chinon, France",National Grid,Electricite de France (EdF),,,FRAM (FRAMATOME),Electricite de France (EdF),Autorité de Sûreté Nucléaire (ASN),,http://www.uic.com.au/nip28.htm
Chooz Nuclear Power Plant France,France,Operating Fully,50.09,4.789444444,3120,Pressurized Water Reactor (PWR),Ardennes,National Grid,Electricite de France (EdF),,,FRAM (FRAMATOME),Electricite de France (EdF),Autorité de Sûreté Nucléaire (ASN),,http://www.iaea.org/programmes/a2/      (IAEA PRIS database)
Civaux Nuclear Power Plant France,France,Operating Fully,46.456338030287,0.65480795687439,3122,Pressurized Water Reactor (PWR),Civaux,National Grid,Electricite de France (EdF),,,,Electricite de France (EdF),Autorité de Sûreté Nucléaire (ASN),,http://www.iaea.org/programmes/a2/      (IAEA PRIS database)
Cruas Nuclear Power Plant France,France,Operating Fully,44.632491132465,4.7545912009777,3824,Pressurized Water Reactor (PWR),"Ardeche, France",National Grid,Electricite de France (EdF),,,FRAM (FRAMATOME),Electricite de France (EdF),Autorité de Sûreté Nucléaire (ASN),,http://www.uic.com.au/nip28.htm
Dampierre Nuclear Power Plant France,France,Operating Fully,47.732112513308,2.5185157534365,3864,Pressurized Water Reactor (PWR),"Loiret, France",National Grid,Electricite de France (EdF),,,FRAM (FRAMATOME),Electricite de France (EdF),Autorité de Sûreté Nucléaire (ASN),,http://www.iaea.org/programmes/a2/      (IAEA PRIS database)
Fessenheim Nuclear Power Plant France,France,Operating Fully,47.90315157648,7.5631197640096,1840,Pressurized Water Reactor (PWR),Haut-Rhine,National Grid,Electricite de France (EdF),,,FRAM (FRAMATOME),Electricite de France (EdF),Autorité de Sûreté Nucléaire (ASN),,http://www.iaea.org/programmes/a2/      (IAEA PRIS database)
Flamanville Nuclear Power Plant France,France,Operating Fully,49.536573900014,-1.8823401060381,2764,Pressurized Water Reactor (PWR),"Manche, france",National Grid,Electricite de France (EdF),,,FRAM (FRAMATOME),Electricite de France (EdF),Autorité de Sûreté Nucléaire (ASN),,http://www.uic.com.au/nip28.htm
Golfech Nuclear Power Plant France,France,Operating Fully,44.106028161751,0.84426023101869,2726,Pressurized Water Reactor (PWR),Tarn et Garonne,National Grid,Electricite de France (EdF),,,FRAM (FRAMATOME),Electricite de France (EdF),Autorité de Sûreté Nucléaire (ASN),,http://www.uic.com.au/nip28.htm
Gravelines Nuclear Power Plant France,France,Operating Fully,51.014110554688,2.1332093359479,5706,Pressurized Water Reactor (PWR),"Dunkerque, France",National Grid,Electricite de France (EdF),,,FRAM (FRAMATOME),Electricite de France (EdF),Autorité de Sûreté Nucléaire (ASN),,http://www.iaea.org/programmes/a2/      (IAEA PRIS database)
Paluel Nuclear Power Plant France,France,Operating Fully,49.858220439526,0.63537042864179,5528,Pressurized Water Reactor (PWR),Siene Maritime,National Grid,Electricite de France (EdF),,,FRAM (FRAMATOME),Electricite de France (EdF),Autorité de Sûreté Nucléaire (ASN),,http://www.iaea.org/programmes/a2/      (IAEA PRIS database)
Penly Nuclear Power Plant France,France,Operating Fully,49.976440861831,1.2107379819698,2764,Pressurized Water Reactor (PWR),Seine Maritime,National Grid,Electricite de France (EdF),,,Framatome,Electricite de France (EdF),Autorité de Sûreté Nucléaire (ASN),,http://www.iaea.org/programmes/a2/      (IAEA PRIS database)
Phenix Nuclear Power Plant France,France,Please Select,44.143574463038,4.7124111680719,250,Please Select,Gard,Please Select,Electricite de France (EdF),,,"CNCLNEY (CNIM-CONSTRUCTIONS NAVALES ET INDUSTRIELLES DE MEDITERRANEE CL - CREUSOT LOIRE , NE",CEA/EDF (COMMISSARIAT A L'ENERGIE ATOMIQUE / ELECTRICITE DE FRANCE),,,http://www.iaea.org/programmes/a2/      (IAEA PRIS database)
Saint-Alban Nuclear Power Plant France,France,Operating Fully,45.404338573895,4.7553603094723,2782,Pressurized Water Reactor (PWR),"Isere, France",National Grid,Electricite de France (EdF),,,FRAM (FRAMATOME),Electricite de France (EdF),Autorité de Sûreté Nucléaire (ASN),,http://www.iaea.org/programmes/a2/      (IAEA PRIS database)
Saint-Laurent Nuclear Power Plant France,France,Please Select,47.719689923333,1.5783376340001,1912,Please Select,"Loir et Cher, france",Please Select,Electricite de France (EdF),,,FRAM (FRAMATOME),Electricite de France (EdF),,,http://www.iaea.org/programmes/a2/      (IAEA PRIS database)
Tricastin Nuclear Power Plant France,France,Operating Fully,44.331136582061,4.7311203201768,3820,Pressurized Water Reactor (PWR),"Drome, France",National Grid,Electricite de France (EdF),,,FRAM (FRAMATOME),Electricite de France (EdF),Autorité de Sûreté Nucléaire (ASN),,http://world-nuclear.org/info/inf28.htm
Biblis Nuclear Power Plant Germany,Germany,Decommissioned,49.71088,8.41475,2525,Pressurized Water Reactor (PWR),"Hessen, Germany",National Grid,RWE Power AG,,,KWU (SIEMENS KRAFTWERK UNION AG),RWE Power AG,,,http://www.iaea.org/programmes/a2/      (IAEA PRIS database)
Brokdorf Nuclear Power Plant Germany,Germany,Operating Fully,53.8506,9.345,1440,Pressurized Water Reactor (PWR),"Schleswig-holstein, Germany",National Grid,(80%) E.ON Kernkraft GmbH 2. (20%) Vattenfall Europe Nuclear Energy GmbH,,,KWU (SIEMENS KRAFTWERK UNION AG),E.ON Kernkraft GmbH,,,http://www.iaea.org/programmes/a2/      (IAEA PRIS database)
Brunsbuettel Nuclear Power Plant Germany,Germany,Decommissioned,53.89176,9.20256,806,Boiling Water Reactor (BWR),"Schleswig-holstein, Germany",National Grid,66.6% Vattenfall Europe Nuclear Energy GmbH and (33.3%) E.ON Kernkraft GmbH,,,KWU (SIEMENS KRAFTWERK UNION AG),Kernkraftwerk Brunsbuettal GmbH,,,http://www.iaea.org/programmes/a2/      (IAEA PRIS database)
Emsland Nuclear Power Plant Germany,Germany,Operating Fully,52.4716,7.3204,1400,Pressurized Water Reactor (PWR),"Niedersachsen, Germany",National Grid,RWE Power AG,87.5,Private,"SIEM,KWU (SIEMENS AG, KRAFTWERK UNION AG)",Kernkraftwerke Lippe-Ems GmbH,,,http://www.iaea.org/programmes/a2/      (IAEA PRIS database)
Grafenrheinfeld Nuclear Power Plant Germany,Germany,Operating Fully,49.9844,10.1828,1345,Pressurized Water Reactor (PWR),"Bayern, Germany",National Grid,E.ON Kernkraft GmbH,,,KWU (SIEMENS KRAFTWERK UNION AG),E.ON Kernkraft GmbH,,,http://www.iaea.org/programmes/a2/      (IAEA PRIS database)
Grohnde Nuclear Power Plant Germany,Germany,Operating Fully,52.0348,9.411,1430,Pressurized Water Reactor (PWR),"Niedersachsen, Germany",National Grid,E.ON Kernkraft GmbH,83.3,Private,KWU (SIEMENS KRAFTWERK UNION AG),Gemeinschaftskernkraftwerk Grohnde GmbH & Co. oHG,,,http://www.iaea.org/programmes/a2/      (IAEA PRIS database)
Gundremmingen Nuclear Power Plant Germany,Germany,Operating Fully,48.51488,10.4012,2688,Boiling Water Reactor (BWR),"Bayern, Germany",National Grid,RWE Power AG,75,Private,KWU (SIEMENS KRAFTWERK UNION AG),Kernkraftwerk Gundremmingen GmbH,,,http://www.iaea.org/programmes/a2/      (IAEA PRIS database)
Isar Nuclear Power Plant Germany,Germany,Please Select,48.604915336608,12.293591371098,2387,Please Select,"Bayern, Germany",Please Select,E.ON Kernkraft GmbH,,,KWU (SIEMENS KRAFTWERK UNION AG),E.ON Kernkraft GmbH,,,http://www.iaea.org/programmes/a2/      (IAEA PRIS database)
Kruemmel Nuclear Power Plant Germany,Germany,Please Select,53.410286514073,10.410154529114,1316,Please Select,"Schleswig-Holstein, Germany",Please Select,(50%) Vattenfall Europe Nuclear Energy GmbH; and (50%) E.ON Kernkraft GmbH,,,KWU (SIEMENS KRAFTWERK UNION AG),Kernkraftwerk Kruemmel GmbH & Co. oHG,,,http://www.iaea.org/programmes/a2/      (IAEA PRIS database)
Neckarwestheim Nuclear Power Plant Germany,Germany,Please Select,49.040781763948,9.1758743058361,2235,Please Select,Baden-Wuerttemberg,Please Select,(98.45%) EnBW; and (1.55%) four other owners,,,"SIEM,KWU (SIEMENS AG, KRAFTWERK UNION AG)",EnBW Kernkraft GmbH (Sitz in Obrigheim),,,http://www.iaea.org/programmes/a2/      (IAEA PRIS database)
Philippsburg Nuclear Power Plant Germany,Germany,Please Select,49.252901119099,8.4364338393089,2384,Please Select,"Baden-Wuerttemberg, Germany",Please Select,EnBW Kraftwerke AG,,,KWU (SIEMENS KRAFTWERK UNION AG),EnBW Kernkraft GmbH (Sitz in Obrigheim),,,http://www.iaea.org/programmes/a2/      (IAEA PRIS database)
Unterweser Nuclear Power Plant Germany,Germany,Decommissioned,53.4292,8.4775,1410,Pressurized Water Reactor (PWR),"Niedersachsen, Germany",National Grid,E.ON Kernkraft GmbH,100,,KWU (SIEMENS KRAFTWERK UNION AG),E.ON Kernkraft GmbH,,,http://www.iaea.org/programmes/a2/      (IAEA PRIS database)
Paks Nuclear Power Plant Hungary,Hungary,Please Select,46.574161080931,18.852791245897,1866,Please Select,"Tolna Megye, Hungary",Please Select,Hungarian Power Companies Ltd,,Government,Atomenergoexport (AEE),Paksi Atomeromu Rt (http://atomeromu.hu/),,,http://www.iaea.org/programmes/a2/      (IAEA PRIS database)
Kaiga Atomic Power Station India,India,Operating Fully,14.865,74.4385,880,Pressurized Heavy Water Reactor (PHWR),"Kaiga, Karnataka, India",Regional Grid,NUCLEAR POWER CORPORATION OF INDIA LTD,,,NUCLEAR POWER CORPORATION OF INDIA LTD (NPCIL),NUCLEAR POWER CORPORATION OF INDIA LTD (NPCIL),,,http://www.iaea.org/programmes/a2/      (IAEA PRIS database)
Kakrapar Atomic Power Station India,India,Operating Fully,21.23649,73.35,440,Pressurized Heavy Water Reactor (PHWR),"Moti Cher, East of Surat, Gujarat, India",Regional Grid,NUCLEAR POWER CORPORATION OF INDIA LTD,,,NUCLEAR POWER CORPORATION OF INDIA LTD (NPCIL),NUCLEAR POWER CORPORATION OF INDIA LTD (NPCIL),,,http://www.iaea.org/programmes/a2/      (IAEA PRIS database)
Kalpakkam (Madras) Atomic Power Station India,India,Operating Fully,12.5574,80.17584,440,Pressurized Heavy Water Reactor (PHWR),"80 km South of Chennai, Tamil Nadu, India",Regional Grid,NUCLEAR POWER CORPORATION OF INDIA LTD,,,NUCLEAR POWER CORPORATION OF INDIA LTD (NPCIL),NUCLEAR POWER CORPORATION OF INDIA LTD (NPCIL),,,http://www.iaea.org/programmes/a2/      (IAEA PRIS database)
Kudankulam Nuclear Power Plant (KNPP) India,India,Operating Fully,8.1691,77.71327,2000,Pressurized Water Reactor (PWR),"Kudankulam, Tamil Nadu, India",Regional Grid,Nuclear Power Corporation Of India Ltd,100,Government,,Nuclear Power Corporation Of India Ltd,,,http://www.iaea.org/PRIS/CountryStatistics/ReactorDetails.aspx?current=852
Narora Atomic Power Station India,India,Operating Fully,28.1575,78.4099,440,Pressurized Heavy Water Reactor (PHWR),"Narora, Uttar Pradesh, India",Regional Grid,NUCLEAR POWER CORPORATION OF INDIA LTD,100,,NUCLEAR POWER CORPORATION OF INDIA LTD (NPCIL),NUCLEAR POWER CORPORATION OF INDIA LTD (NPCIL),,,http://www.iaea.org/programmes/a2/      (IAEA PRIS database)
Rajasthan Atomic Power Station Rawatbhata India,India,Operating Fully,24.8747,75.6189,1180,Pressurized Heavy Water Reactor (PHWR),"Rawatbhata, Rajasthan, India",Regional Grid,NUCLEAR POWER CORPORATION OF INDIA LTD,100,,NUCLEAR POWER CORPORATION OF INDIA LTD (NPCIL),NUCLEAR POWER CORPORATION OF INDIA LTD (NPCIL),,,http://www.iaea.org/programmes/a2/      (IAEA PRIS database)
Tarapur Atomic Power Station India,India,Operating Fully,19.8294,72.66166,1400,Pressurized Heavy Water Reactor (PHWR),"Tarapur, Maharastra, India",Regional Grid,NUCLEAR POWER CORPORATION OF INDIA LTD,,,"GE, GE, NPCIL, NPCIL",NUCLEAR POWER CORPORATION OF INDIA LTD,,,http://www.iaea.org/programmes/a2/      (IAEA PRIS database)
Bushehr Nuclear Power Plant Iran,Islamic Republic of Iran,Operating Fully,28.8296,50.88596,1000,Pressurized Water Reactor (PWR),"Bushehr, Islamic Republic of Iran",National Grid,Atomic Energy Organization of Iran,100,Government,,Atomic Energy Organization of Iran,,,http://www.aeoi.org.ir/Portal/Home/
Fukushima Daiichi Nuclear Power Plant Japan,Japan,Operating Fully,37.4218,141.0337,1827,Boiling Water Reactor (BWR),"Fukushima-Ken, Japan",Regional Grid,"TOKYO ELECTRIC POWER CO.,INC.",,,GENERAL ELECTRIC CO.  and TOSHIBA CORPORATION,Tokyo Electric Power Company Inc. (TEPCO),,,http://www.iaea.org/programmes/a2/    (IAEA PRIS Database)
Fukushima Daini Nuclear Power Plant Japan,Japan,Operating Partially,37.3164,141.0265,4400,Boiling Water Reactor (BWR),"Fukushima-Ken, Japan",Regional Grid,"TOKYO ELECTRIC POWER CO.,INC.",,,TOSHIBA CORPORATION for units 1 and 3  HITACHI for units 2 and 4,Tokyo Electric Power Company Inc. (TEPCO),,,http://www.iaea.org/programmes/a2/      (IAEA PRIS Database)
Genkai Nuclear Power Plant Japan,Japan,Mothballed Full,33.5152,129.83596,2783,Pressurized Water Reactor (PWR),"Saga Prefecture, Japan",Regional Grid,"KYUSHU ELECTRIC POWER CO.,INC.",,,MHI (MITSUBISHI HEAVY INDUSTRIES LTD.),"KYUSHU ELECTRIC POWER CO.,INC.",,,http://www.iaea.org/programmes/a2/ (IAEA PRIS Database)
Hamaoka-cho Nuclear Power Plant Japan,Japan,Operating Partially,34.6235,138.14209,4997,Boiling Water Reactor (BWR),"Shizuoka Prefecture, Japan",Regional Grid,"CHUBU ELECTRIC POWER CO.,INC.",,,TOSHIBA (TOSHIBA CORPORATION),"CHUBU ELECTRIC POWER CO.,INC.",,,http://www.iaea.org/programmes/a2/     (IAEA PRIS Database)
Higashi Dori-1 (Tohoku) Nuclear Power Plant Japan,Japan,Shutdown,41.188,141.39028,1067,Boiling Water Reactor (BWR),"Higashi Dori. Aomori, Japan",Regional Grid,Tohoku Electric Power Company,100,,Kajima/Obay,Tohoku Electric Power Company,,,https://www.iaea.org/PRIS/CountryStatistics/CountryDetails.aspx?current=JP
Ikata Nuclear Power Station Japan,Japan,Operating Partially,33.4909,132.3088,2022,Pressurized Water Reactor (PWR),"Ehime Prefecture, Japan",Regional Grid,"SHIKOKU ELECTRIC POWER CO.,INC",100,,MHI (MITSUBISHI HEAVY INDUSTRIES LTD.),"SHIKOKU ELECTRIC POWER CO.,INC",,,http://www.iaea.org/programmes/a2/   (IAEA PRIS Database)
Kashiwazaki Kariwa Nuclear Power Plant Japan,Japan,Please Select,37.42592108329,138.59410163841,8212,Please Select,Nigata-Ken,Please Select,"TOKYO ELECTRIC POWER CO.,INC.",,,"TOSHIBA CORPORATION for units 1, 2, 3, and 6, HITACHI for units 4, 5, and 7",Tokyo Electric Power Company Inc. (TEPCO),,,http://www.iaea.org/programmes/a2/  (IAEA PRIS Database)
Mihama Nuclear Power Plant Japan,Japan,Mothballed Full,35.7024,135.9634,780,Pressurized Water Reactor (PWR),"Fukui, Japan",National Grid,KANSAI ELECTRIC POWER CO.,,,"WESTINGHOUSE ELECTRIC CORPORATION AND SIEMENS) for units 1 and 2, MHI (MITSUBISHI HEAVY INDUSTRIES LTD.) for unit 3",KANSAI ELECTRIC POWER CO.,,,http://www.iaea.org/programmes/a2/ (IAEA PRIS Database)
Mihama Nuclear Power Plant Japan,Japan,Mothballed Full,35.7024,135.9634,780,Pressurized Water Reactor (PWR),"Fukui, Japan",National Grid,KANSAI ELECTRIC POWER CO.,,,"WESTINGHOUSE ELECTRIC CORPORATION AND SIEMENS) for units 1 and 2, MHI (MITSUBISHI HEAVY INDUSTRIES LTD.) for unit 3",KANSAI ELECTRIC POWER CO.,,,http://www.iaea.org/programmes/a2/ (IAEA PRIS Database)
Ignalina Nuclear Power Plant Lithuania,Lithuania,Decommissioned,55.6043,26.5624,1300,Gas Cooled Reactor (GCR),Lithuania,National Grid,The Republic of Lithuania,100,Government,"MAEP (MINATOMENERGOPROM, MINISTRY OF NUCLEAR POWER AND INDUSTRY)",IGNALINA NUCLEAR POWER PLANT,,,http://www.iaea.org/programmes/a2/      (IAEA PRIS database)
Laguna Verde Nuclear Power Plant Mexico,Mexico,Operating Fully,19.719,-96.406,1364,Boiling Water Reactor (BWR),"Veracruz, Mexico",National Grid,COMISION FEDERAL DE ELECTRICIDAD,,,GE (GENERAL ELECTRIC CO.),COMISION FEDERAL DE ELECTRICIDAD,,,http://www.iaea.org/programmes/a2/      (IAEA PRIS database)
Borssele Nuclear Power Plant Netherlands,Netherlands,Operating Fully,51.4311,3.7175,515,Pressurized Water Reactor (PWR),"Zeeland, Netherlands",National Grid,N.V. ELEKTRICITEITS-PRODUKTIEMAATSCHAPPIJ ZUID-NEDERLAND,,,S/KWU (SIEMENS/KRAFTWERK UNION AG),N.V. ELEKTRICITEITS-PRODUKTIEMAATSCHAPPIJ ZUID-NEDERLAND,,,http://www.iaea.org/programmes/a2/      (IAEA PRIS database)
Chasnupp Nuclear Power Plant Pakistan,Pakistan,Operating Fully,32.392,71.46164,1230,Pressurized Water Reactor (PWR),"Kundian, Chashma, Punjab, Pakistan",National Grid,PAKISTAN ATOMIC ENERGY COMMISSION,100,Government Central,"Ministry of Nuclear Industry, China Zhongyuan Engineering Corp",PAKISTAN ATOMIC ENERGY COMMISSION,,,http://www.iaea.org/programmes/a2/      (IAEA PRIS database)
Kanupp Nuclear Power Reactor Pakistan,Pakistan,Operating Fully,24.845,66.7888,137,Pressurized Heavy Water Reactor (PHWR),"Sind, Pakistan",National Grid,PAKISTAN ATOMIC ENERGY COMMISSION,100,,CGE (CANADIAN GENERAL ELECTRIC),PAKISTAN ATOMIC ENERGY COMMISSION,,,http://www.iaea.org/programmes/a2/      (IAEA PRIS database)
Chinshan Nuclear Power Plant Taiwan,Republic of China Taiwan,Please Select,25.286057802906,121.5873670578,1272,Please Select,Taiwan,Please Select,Taiwan Power Company,,Government,"Ebasco, GE and Taiwan Power Co",Taipower (TAIWAN POWER CO.),,,http://www.iaea.org/programmes/a2/      (IAEA PRIS database)
Kuosheng Nuclear Power Plant Taiwan,Republic of China Taiwan,Please Select,25.2025,121.66286004055,1936,Please Select,"Kuosheng, Taiwan",Please Select,Taiwan Power Co (Taipower),,Government,"Bechtel, Taiwan Power Co and GE",TPC (TAIWAN POWER CO.),,,http://www.iaea.org/programmes/a2/   (Pub1353_web.pdf)
Lungmen Nuclear Power Plant Taiwan,Republic of China Taiwan,Please Select,25.037860463212,121.92451000214,2700,Please Select,"Gongliao Township, Taipei, Taiwan",Please Select,Taiwan Power Company,,Government,,Taiwan Power Company,,,http://www.iaea.or.at/programmes/a2/
Maanshan Nuclear Power Plant Taiwan,Republic of China Taiwan,Please Select,21.958882107428,120.75014386485,1780,Please Select,"Maanshan, Taiwan",Please Select,Taiwan Power Company,,Government,"Bechtel, WESTINGHOUSE, Paipower",TPC (TAIWAN POWER CO.),,,http://www.iaea.org/programmes/a2/    (Pub1353_web.pdf
Hanbit (Yonggwang) Nuclear Power Plant South Korea,Republic of Korea,Operating Fully,35.4105,126.4175,6000,Pressurized Water Reactor (PWR),"Yongwang, South Korea",National Grid,Korea Electric and Power Company (KEPCO),,Government,"WH (WESTINGHOUSE ELECTRIC CORPORATION AND SIEMENS) for units 1 and 2, DHICKAEC (DOOSAN HEAVY INDUSTRIES & CONSTRUCTION CO.LTD./KOREA ATOMICENERGY RES",Korea Electric and Power Company (KEPCO),,,https://www.iaea.org/PRIS/CountryStatistics/CountryDetails.aspx?current=KR      (IAEA PRIS database)
Hanul (Ulchin) Nuclear Power Plant Korea,Republic of Korea,Operating Fully,37.0931,129.383,6159,Pressurized Water Reactor (PWR),Kyong Sang Buk-do,National Grid,Korea Hydro and Nuclear Power Co.,,,"FRAM (FRAMATOME) for units 1 and 2, DHICKOPC (DOOSAN HEAVY INDUSTRIES & CONSTRUCTION CO.LTD./KOREA POWER ENGINEERING COMPANY) for units 3, 4, 5, and 6",Korea Hydro and Nuclear Power Co.,,,https://www.iaea.org/PRIS/CountryStatistics/CountryDetails.aspx?current=KR      (IAEA PRIS database)
Kori Nuclear Power Plant Korea,Republic of Korea,Operating Fully,35.3199,129.2948,2633,Pressurized Water Reactor (PWR),"Kyong Sang Nam-do, South Korea",National Grid,Korea Hydro and Nuclear Power Co.,,,"GEC, Gilbert, Bechtel, Hyundai",Korea Hydro and Nuclear Power Co.,,,https://www.iaea.org/PRIS/CountryStatistics/CountryDetails.aspx?current=KR    (IAEA PRIS database)
Shin-Kori Nuclear Power Plant South Korea,Republic of Korea,Operating Partially,35.32713,129.30174,3495,Pressurized Water Reactor (PWR),"Gori, Busan, South Korea",National Grid,Korea Hydro and Nuclear Power Co. (Until 2001 Korea Electric and Power Company (KEPCO)),,Government,Korea Power Engineering Company Inc; Hyundai Engineering and Construction Company; Daelim Industrial Co; SK Engineering and Construction Company,Korea Hydro & Nuclear Power,,,https://www.iaea.org/PRIS/CountryStatistics/CountryDetails.aspx?current=KR/
Shin-Wolsong Nuclear Power Plant South Korea,Republic of Korea,Operating Partially,35.7221,129.4786,2000,Pressurized Water Reactor (PWR),South Korea,National Grid,Korea Hydro and Nuclear Power Co.,,,,Korea Hydro and Nuclear Power Co.,,,https://www.iaea.org/PRIS/CountryStatistics/CountryDetails.aspx?current=KR
Wolsong Nuclear Power Plant Korea,Republic of Korea,Operating Fully,35.7111,129.4743,2811,Pressurized Heavy Water Reactor (PHWR),Kyong Sang Buk-do,National Grid,Korea Hydro and Nuclear Power Co.,,,"AECL (ATOMIC ENERGY OF CANADA LTD.) for unit 1, AECL/DHI (ATOMIC ENERGY OF CANADA LTD./DOOSAN HEAVY INDUSTRY & CONSTRUCTION) for units 2, 3, and 4",Korea Hydro and Nuclear Power Co.,,,https://www.iaea.org/PRIS/CountryStatistics/CountryDetails.aspx?current=KR      (IAEA PRIS database)
Cernavoda Nuclear Power Plant Romania,Romania,Please Select,44.321541510108,28.056844562861,1412,Please Select,,Please Select,Ministry of Economy and Commerce,,Government,AECL (ATOMIC ENERGY OF CANADA LTD.),SOCIETATEA NATIONALA NUCLEARELECTRICA S.A.,,,http://www.iaea.org/programmes/a2/      (IAEA PRIS Database)
Balakovo Nuclear Power Plant  Russia,Russian Federation,Please Select,52.093424488676,47.954411054607,4000,Pressurized Water Reactor (PWR),"Saratov, Russia",Regional Grid,Atomenergoprom (previously ROSENERGOATOM) www.atomenergoprom.ru,100,,FAEA (Federal Atomic Energy Agency),Energoatom (previously ROSENERGOATOM) www.rosenergoatom.ru,,,http://www.iaea.org/programmes/a2/  http://www-pub.iaea.org/MTCD/Publications/PDF/CNPP2015_CD/countryprofiles/Russia/Russia.htm
Beloyarskiy Nuclear Power Plant Russia,Russian Federation,Please Select,56.842071704426,61.321306228638,600,Please Select,"Sverdlovsk, Russia",Please Select,Atomenergoprom (previously ROSENERGOATOM) www.atomenergoprom.ru,100,,FAEA (Federal Atomic Energy Agency),Energoatom (previously ROSENERGOATOM) www.rosenergoatom.ru,,,http://www.iaea.org/programmes/a2/   http://www-pub.iaea.org/MTCD/Publications/PDF/CNPP2015_CD/countryprofiles/Russia/Russia.htm
Bilibino Nuclear Power Plant  Russia,Russian Federation,Please Select,68.056689609841,166.45803944297,48,Please Select,"Chukchi Autonomous Region, Russia",Please Select,Atomenergoprom (previously ROSENERGOATOM) www.atomenergoprom.ru,100,,FAEA (Federal Atomic Energy Agency),Energoatom (previously ROSENERGOATOM) www.rosenergoatom.ru,,,http://www.iaea.org/programmes/a2/   http://www-pub.iaea.org/MTCD/Publications/PDF/CNPP2015_CD/countryprofiles/Russia/Russia.htm
Kalinin Nuclear Power Plant Russia,Russian Federation,Operating Fully,57.905,35.0582,4000,Pressurized Water Reactor (PWR),"Tver Oblast, Saratov, Russia",National Grid,Atomenergoprom (previously ROSENERGOATOM) www.atomenergoprom.ru,100,Joint Stock Company,FAEA (Federal Atomic Energy Agency),Energoatom (previously ROSENERGOATOM) www.rosenergoatom.ru,,,http://www.iaea.org/programmes/a2/  http://www-pub.iaea.org/MTCD/Publications/PDF/CNPP2015_CD/countryprofiles/Russia/Russia.htm
Kola Nuclear Power Plant Russia,Russian Federation,Please Select,67.465869014336,32.480823772891,1360,Please Select,"Murmansk, Russia",Please Select,Atomenergoprom (previously ROSENERGOATOM) www.atomenergoprom.ru,100,,FAEA (Federal Atomic Energy Agency),Energoatom (previously ROSENERGOATOM) www.rosenergoatom.ru,,,http://www.iaea.org/programmes/a2/   http://www-pub.iaea.org/MTCD/Publications/PDF/CNPP2015_CD/countryprofiles/Russia/Russia.htm
Kursk Nuclear Power Plant Russia,Russian Federation,Please Select,51.675056493453,35.602716246638,4000,Please Select,"Kursk, Russia",Please Select,Atomenergoprom (previously ROSENERGOATOM) www.atomenergoprom.ru,100,,FAEA (Federal Atomic Energy Agency),Energoatom (previously ROSENERGOATOM) www.rosenergoatom.ru,,,http://www.iaea.org/programmes/a2/   http://www-pub.iaea.org/MTCD/Publications/PDF/CNPP2015_CD/countryprofiles/Russia/Russia.htm
Leningrad Nuclear Power Plant Russia,Russian Federation,Please Select,59.8401137843,29.033130395909,4000,Please Select,"Saint Petersberg, Russia",Please Select,Atomenergoprom (previously ROSENERGOATOM) www.atomenergoprom.ru,100,,FAEA (Federal Atomic Energy Agency),Energoatom (previously ROSENERGOATOM) www.rosenergoatom.ru,,,http://www.iaea.org/programmes/a2/  http://www-pub.iaea.org/MTCD/Publications/PDF/CNPP2015_CD/countryprofiles/Russia/Russia.htm
Novovoronezh Nuclear Power Plant Russia,Russian Federation,Please Select,51.275589505184,39.20149260211,1834,Please Select,"Voronezh, Russia",Please Select,Atomenergoprom (previously ROSENERGOATOM) www.atomenergoprom.ru,100,,FAEA (Federal Atomic Energy Agency),Energoatom (previously ROSENERGOATOM) www.rosenergoatom.ru,,,http://www.iaea.org/programmes/a2/   http://www-pub.iaea.org/MTCD/Publications/PDF/CNPP2015_CD/countryprofiles/Russia/Russia.htm
Rostov (Volgodonsk) Nuclear Power Plant Russia,Russian Federation,Operating Fully,47.5993,42.3717,2000,Pressurized Water Reactor (PWR),"Volgodonsk, Tostov, Russia",Regional Grid,Atomenergoprom (previously ROSENERGOATOM) www.atomenergoprom.ru,100,,FAEA (Federal Atomic Energy Agency),Energoatom (previously ROSENERGOATOM) www.rosenergoatom.ru,,,http://en.wikipedia.org/wiki/List_of_nuclear_power_plants_of_Europe_and_CIS
Smolensk Nuclear Power Plant Russia,Russian Federation,Please Select,54.16498422678,33.238663673401,3000,Please Select,"Smolensk, Russia",Please Select,Atomenergoprom (previously ROSENERGOATOM) www.atomenergoprom.ru,100,,FAEA (Federal Atomic Energy Agency),Energoatom (previously ROSENERGOATOM) www.rosenergoatom.ru,,,http://www.iaea.org/programmes/a2/   http://www-pub.iaea.org/MTCD/Publications/PDF/CNPP2015_CD/countryprofiles/Russia/Russia.htm
Bohunice Nuclear Power Plant Slovakia,Slovakia,Operating Partially,48.496,17.6816,880,Pressurized Water Reactor (PWR),"Trnava, Western Slovakia",National Grid,"Slovenské Elektrárne, A.S. (Units 3, 4)",100,,"AEE (ATOMENERGOEXPORT) for units 1 and 2, SKODA (SKODA CONCERN NUCLEAR POWER PLANT WORKS) for units 3 and 4","Slovenské Elektrárne, A.S. (Units 3, 4)",Úrad jadrového dozoru Slovenskej republiky,,http://www.iaea.org/programmes/a2/     (IAEA PRIS database)
Mochovce Nuclear Power Plant Slovakia,Slovakia,Operating Fully,48.2621,18.459,880,Pressurized Water Reactor (PWR),"Between the towns of Nitra and Levice, West Slovakia",National Grid,"Slovenske Elektrame, a.s.",,,SKODA CONCERN NUCLEAR POWER PLANT WORKS,"Slovenske Elektrame, a.s.",,,http://www.iaea.org/programmes/a2/    (IAEA PRIS database)
Krsko Nuclear Power Reactor Slovenia,Slovenia,Operating Fully,45.9389,15.516,730,Pressurized Water Reactor (PWR),"Krsko, Slovenia",National Grid,"Gen-Energija, a daughter company of the Slovenia state-owned Elektro-Slovenija (ELES)",50,Government,WESTINGHOUSE ELECTRIC CORPORATION AND SIEMENS),NUKLEARNA ELEKTRARNA KRSKO,,,http://www.iaea.org/programmes/a2/    (IAEA PRIS database)
Koeberg Nuclear Power Plant South Africa,South Africa,Operating Fully,-33.6766,18.4322,1888,Pressurized Water Reactor (PWR),"30 km north of Cape Town, near Melkbosstrand, South Africa",National Grid,Eskom,,,"Framatome, Spie-Batignolles",Eskom,,,http://www.iaea.org/programmes/a2/      (IAEA PRIS database)
SAFARI-1 Research Reactor South Africa,South Africa,Please Select,-25.801629857981,27.948060035706,20,Please Select,"Pelindaba, Guateng, South Africa",Please Select,The South African Nuclear Energy Corporation NECSA (on behalf of South African Department of Minerals and Energy),,,,The South African Nuclear Energy Corporation (NECSA),,,http://www.rertr.anl.gov/RERTR29/Abstracts/S2-6_Piani.html
Almaraz Nuclear Power Plant Spain,Spain,Operating Fully,39.80705,-5.6986,2090,Pressurized Water Reactor (PWR),"Caceres, Spain",National Grid,Iberdrola,53,Private,"WH (WESTINGHOUSE ELECTRIC CORPORATION AND SIEMENS), Empresarios Agrupados (Spain)",Centrales Nucleares Almaraz-Trillo (CNAT),,,(IAEA PRIS)http://www.iaea.org/programmes/a2/
Asco Nuclear Power Plant Spain,Spain,Operating Fully,41.2008,0.5679,2060,Pressurized Water Reactor (PWR),"Tarragone, Spain",National Grid,"ENDESA, S.A. (100% Unit 1 and 85% Unit 2)",,,"Bechtel, Initec, LyP",Asociacion Nuclear Asco-Vandellos (ANAV),,,(IAEA PRIS)http://www.iaea.org/programmes/a2/
Cofrentes Nuclear Power Plant Spain,Spain,Operating Fully,39.2134,-1.0509,1092,Boiling Water Reactor (BWR),"Valencia, Spain",National Grid,"IBERDROLA, S.A.",100,,GE (General Electric Company USA),"IBERDROLA, S.A.",,,(IAEA PRIS)http://www.iaea.org/programmes/a2/
Jose Cabrera ES-1 (Zorita) Nuclear Power Plant Spain (Shutdown),Spain,Decommissioned,40.3475,-2.88545,,Pressurized Water Reactor (PWR),"Almonacid de Zorita, Castile-La Mancha, Spain",Please Select,Union Fenosa SA,100,Government,WH (WESTINGHOUSE ELECTRIC CORPORATION AND SIEMENS),UFG (UNION FENOSA GENERATION S.A.),,,http://www.iaea.org/programmes/a2/      (IAEA PRIS database)
Santa Maria de Garona Nuclear Power Plant Spain (Shutdown),Spain,Decommissioned,42.775,-3.2072,466,Boiling Water Reactor (BWR),"Burgos, Spain",National Grid,Endesa,50,,GE (General Electric Company USA),Nucleares del Norte (NUCLENOR) S.A.,,,(IAEA PRIS)http://www.iaea.org/programmes/a2/
Trillo Nuclear Power Plant Spain,Spain,Operating Fully,40.7016,-2.62265,1066,Pressurized Water Reactor (PWR),"Trillo, Guadalajara, Castile-La Mancha, Spain",National Grid,Iberdrola,48,,,Centrales Nucleares Almaraz-Trillo (CNAT),,,http://www.iaea.org/programmes/a2/   (IAEA PRIS database)
Vandellos Nuclear Power Plant Spain,Spain,Operating Fully,40.9508,0.8656,1087,Pressurized Water Reactor (PWR),"L\'Hospitalet del Infant, Catalonia, Spain",National Grid,Endesa,72,,WH (WESTINGHOUSE ELECTRIC CORPORATION AND SIEMENS),ANAV (Asociacion Nuclear Asco-Vandellos),,,http://www.iaea.org/programmes/a2/  (IAEA PRIS database)
Forsmark Nuclear Power Plant Sweden,Sweden,Operating Fully,60.40283,18.17435,3275,Boiling Water Reactor (BWR),"Upsala, Sweden",National Grid,Vattenfall owns 66% and E.ON and Middle Swedish Power Group own 8.5 and 25.5%,,,"ABBATOM (formerly ASEA-ATOM), Vattenfall",FORSMARK KRAFTGRUPP AB,,,http://www.iaea.org/programmes/a2/ (IAEA PRIS)
Oskarshamn Nuclear Power Plant Sweden,Sweden,Operating Fully,57.41297,16.66832,1400,Boiling Water Reactor (BWR),"Kalmar Lan, Sweden",National Grid,OKG AKTIEBOLAG,,,ABBATOM (ABBATOM (formerly ASEA-ATOM)),OKG AKTIEBOLAG,,,(IAEA PRIS)http://www.iaea.org/programmes/a2/
Ringhals Nuclear Power Plant Sweden,Sweden,Operating Fully,57.25737,12.10874,3832,Pressurized Water Reactor (PWR),"Varberg, Halland, Sweden",National Grid,Vattenfall (70.4 percent) and E.ON Nuclear Power Sweden AB (29.6 percent),,,"ABB-ATOM (formerly ASEA-ATOM) for unit 1, WH (WESTINGHOUSE ELECTRIC CORPORATION AND SIEMENS) for units 2-4",Ringhals AB,,,http://www.iaea.org/programmes/a2/ (IAEA PRIS)
Beznau Nuclear Power Plant Switzerland,Switzerland,Operating Fully,47.552,8.2281,760,Pressurized Water Reactor (PWR),"Doettingen, Switzerland",National Grid,NORDOSTSCHWEIZERISCHE KRAFTWERKE,,,WH (WESTINGHOUSE ELECTRIC CORPORATION AND SIEMENS),NOK NORDOSTSCHWEIZERISCHE KRAFTWERKE,,,http://www.iaea.org/programmes/a2/  (IAEA PRIS database)
Goesgen Nuclear Power Plant Switzerland,Switzerland,Operating Fully,47.3656,7.9671,1020,Pressurized Water Reactor (PWR),"Soleure, Switzerland",National Grid,KERNKRAFTWERK GOESGEN-DAENIKEN AG,,,KWU (SIEMENS KRAFTWERK UNION AG),KERNKRAFTWERK GOESGEN-DAENIKEN AG,,,(IAEA PRIS)http://www.iaea.org/programmes/a2/
Leibstadt Nuclear Power Plant Switzerland,Switzerland,Operating Fully,47.601186071383,8.1844711303711,1220,Boiling Water Reactor (BWR),"Aargau, Switzerland",National Grid,KERNKRAFTWERK LEIBSTADT,,,GETSCO (GENERAL ELECTRIC TECHNICAL SERVICES CO.),KERNKRAFTWERK LEIBSTADT,,,http://www.iaea.org/programmes/a2/ (IAEA PRIS database)
Muehlberg Nuclear Power Plant Switzerland,Switzerland,Operating Fully,46.969,7.268,372,Boiling Water Reactor (BWR),"Bern, Switzerland",National Grid,BKW ENERGIE AG,,,GETSCO (GENERAL ELECTRIC TECHNICAL SERVICES CO.),BKW ENERGIE AG,,,)http://www.iaea.org/programmes/a2/ (IAEA PRIS database)
Khmelnitskiy Nuclear Power Plant Ukraine,Ukraine,Operating Fully,50.3023,26.6466,2000,Pressurized Water Reactor (PWR),"Netishin, Slavutsky district, Rivne, Ukraine",National Grid,National Nuclear Energy Generating Company Energoatom (NNEGC Energoatom),100,Government,"PAIP (PRODUCTION AMALGAMATION IZHORSKY PLANT  ATOMMASH,VOLGODONSK,RUSSIA)",National Nuclear Energy Generating Company Energoatom (NNEGC Energoatom),,,http://www.iaea.org/programmes/a2/   (IAEA PRIS)
Rovno (Rivne) Nuclear Power Plant Ukraine,Ukraine,Operating Fully,51.3245,25.89744,2835,Pressurized Water Reactor (PWR),"Kuznotsovsk, Rivne, West Ukraine",National Grid,National Nuclear Energy Generating Company Energoatom (NNEGC Energoatom),100,Government,"PAIP (PRODUCTION AMALGAMATION IZHORSKY PLANT  ATOMMASH,VOLGODONSK,RUSSIA) for unite 1-3, PAA (PRODUCTION AMALGAMATION \'ATOMMASH\', VOLGODONSK) for unit",National Nuclear Energy Generating Company Energoatom (NNEGC Energoatom),,,(IAEA PRIS)http://www.iaea.org/programmes/a2/
South Ukraine Nuclear Power Plant Ukraine,Ukraine,Operating Fully,47.812,31.22,3000,Pressurized Water Reactor (PWR),"Yuzhnoukransk, Mykolayiv, South Ukraine",National Grid,National Nuclear Energy Generating Company Energoatom (NNEGC Energoatom),100,Government,"PAA (PRODUCTION AMALGAMATION \'ATOMMASH\', VOLGODONSK)",National Nuclear Energy Generating Company Energoatom (NNEGC Energoatom),,,http://www.iaea.org/programmes/a2/   (IAEA PRIS)
Zaporozhye Nuclear Power Plant Ukraine,Ukraine,Operating Fully,47.5119,34.5863,6000,Pressurized Water Reactor (PWR),"Vodyane, Zaporizhia, Southeastern Ukraine",National Grid,National Nuclear Energy Generating Company Energoatom (NNEGC Energoatom),100,Government,"PAIP (PRODUCTION AMALGAMATION IZHORSKY PLANT  ATOMMASH,VOLGODONSK,RUSSIA)",National Nuclear Energy Generating Company Energoatom (NNEGC Energoatom),,,http://www.iaea.org/programmes/a2/  (IAEA PRIS)
Dungeness A and B Nuclear Power Plant United Kingdom,United Kingdom,Please Select,50.913340000484,0.96397440033,1230,Please Select,"Kent, UK",Please Select,Energy du France EDF (acquired Bristish Energy in Sept 2008),,,APC (ATOMIC POWER CONSTRUCTION LTD.),Energy du France EDF (acquired Bristish Energy in Sept 2008),,,http://www.iaea.org/programmes/a2/    (IAEA PRIS database)
Hartlepool Nuclear Power Plant United Kingdom,United Kingdom,Please Select,54.634077703984,-1.1801377144796,1310,Please Select,"Durham, UK",Please Select,BRITISH ENERGY,,,NPC (NUCLEAR POWER CO. LTD.),Energy du France EDF (acquired Bristish Energy in Sept 2008),,,(IAEA PRIS)http://www.iaea.org/programmes/a2/
Heysham Nuclear Power Plant United Kingdom,United Kingdom,Please Select,54.028501322307,-2.9159604878943,2610,Please Select,"Lancashire, UK",Please Select,Energy du France EDF (acquired Bristish Energy in Sept 2008),,,NPC (NUCLEAR POWER CO. LTD.),Energy du France EDF (acquired Bristish Energy in Sept 2008),,,(IAEA PRIS)http://www.iaea.org/programmes/a2/
Hinkley Point B Nuclear Power Plant United Kingdom,United Kingdom,Please Select,51.208523466562,-3.1334209442139,1310,Please Select,"Somerset, UK",Please Select,Energy du France EDF (acquired Bristish Energy in Sept 2008),,,TNPG (THE NUCLEAR POWER GROUP LTD.),Energy du France EDF (acquired Bristish Energy in Sept 2008),,,(IAEA PRIS)http://www.iaea.org/programmes/a2/
Hunterston-B Nuclear Power Plant United Kingdom,United Kingdom,Please Select,55.72041521419,-4.8963832855225,1288,Please Select,"Ayrshire, UK",Please Select,British Energy Group Plc,,,TNPG (THE NUCLEAR POWER GROUP LTD.),BRITISH ENERGY,,,(IAEA PRIS)http://www.iaea.org/programmes/a2/
Oldbury Nuclear Power Plant United Kingdom (Shutdown),United Kingdom,Decommissioned,51.6485,-2.57085,,Gas Cooled Reactor (GCR),"Gloucesteershire, UK",National Grid,NUCLEAR DECOMMISSIONING AUTHORITY,,,TNPG (THE NUCLEAR POWER GROUP LTD.),BRITISH NUCLEAR FUELS LIMITED,,,http://www.iaea.org/programmes/a2/ (IAEA PRIS)
Sizewell A Nuclear Power Plant UK (Shutdown),United Kingdom,Please Select,52.214434635392,1.6189281299449,,Please Select,"Lieston, Suffolk, UK",Please Select,NUCLEAR DECOMMISSIONING AUTHORITY,,,EE/B&W/T (THE ENGLISH ELECTRIC CO. LTD / BABCOCK & WILCOX CO. / TAYLOR WOODROW CONSTRUCTION,BRITISH NUCLEAR FUELS LIMITED,,,http://www.iaea.org/programmes/a2/    (IAEA PRIS database)
Sizewell B Nuclear Power Plant United Kingdom,United Kingdom,Please Select,52.214514567759,1.6206043554312,1250,Please Select,"Suffolk, UK",Please Select,Energy du France EDF (acquired Bristish Energy in Sept 2008),,,PPC (PWR POWER PROJECTS),Energy du France EDF (acquired Bristish Energy in Sept 2008),,,(IAEA PRIS)http://www.iaea.org/programmes/a2/
Torness Nuclear Power Plant United Kingdom,United Kingdom,Please Select,55.967898122483,-2.4085721618143,1364,Please Select,"East Lothian, UK",Please Select,Energy du France EDF (acquired Bristish Energy in Sept 2008),,,NNC (NATIONAL NUCLEAR CORPORATION),Energy du France EDF (acquired Bristish Energy in Sept 2008),,,(IAEA PRIS)http://www.iaea.org/programmes/a2/
Wylfa Nuclear Power Plant United Kingdom,United Kingdom,Please Select,53.41673987224,-4.4822274914078,1080,Please Select,"Wales, UK",Please Select,NUCLEAR DECOMMISSIONING AUTHORITY,,,,BRITISH NUCLEAR FUELS LIMITED,,,(IAEA PRIS)http://www.iaea.org/programmes/a2/
Arkansas Nuclear Power Plant United States of America,United States of America,Please Select,35.310371846484,-93.231446951402,1920,Please Select,"6 MI WNW of Russellville,  Arkansas, USA",Please Select,Alabama Power Co ,100,,"B&W (BABCOCK & WILCOX CO.) for unit 1, CE (COMBUSTION ENGINEERING CO.) for unit 2","Entergy Arkansas, Inc. for unit 1, ENTERGY (ENTERGY NUCLEAR) for unit 2",,,http://www.nrc.gov/info-finder/reactor/
Beaver Valley Nuclear Power Plant United States of America,United States of America,Please Select,40.622966263099,-80.431996922388,1856,Please Select,"17 MI W of McCandless,  Pennsylvania, USA",Please Select,Tennessee Valley Authority ,100,,WH (WESTINGHOUSE ELECTRIC CORPORATION AND SIEMENS),FIRST ENERGY NUCLEAR OPERATING CO.,,,http://www.nrc.gov/info-finder/reactor/
Braidwood Nuclear Power Plant United States of America,United States of America,Please Select,41.243442477718,-88.229688098981,2453,Please Select,"24 MI SSW of Joilet,  Illinois, USA",Please Select,Alabama Power Co ,100,,WH (WESTINGHOUSE ELECTRIC CORPORATION AND SIEMENS),Exelon Generation,,,http://www.nrc.gov/info-finder/reactor/
Browns Ferry Nuclear Power Plant United States of America,United States of America,Please Select,34.704870805944,-87.118589833445,3702,Please Select,"Alabama, USA",Please Select,TENNESSEE VALLEY AUTHORITY,,Private,GE (GENERAL ELECTRIC CO.),TENNESSEE VALLEY AUTHORITY,,,http://www.iaea.org/programmes/a2/ (IAEA PRIS database)
Brunswick Nuclear Power Plant United States of America,United States of America,Please Select,33.958457841968,-78.01024027297,1979,Please Select,"2 MI N of Southport,  North Carolina, USA",Please Select,"Progress Energy Carolinas, Inc.",,,GE,"Progress Energy Carolinas, Inc.",,,http://www.nrc.gov/info-finder/reactor/
Byron Nuclear Power Plant United States of America,United States of America,Please Select,42.074360397583,-89.282392438084,2421,Please Select,"17 MI SW of Rockford,  Illinois, USA",Please Select,Alabama Power Co ,100,,WH (WESTINGHOUSE ELECTRIC CORPORATION AND SIEMENS),Exelon Generation,,,http://www.nrc.gov/info-finder/reactor/
Callaway Nuclear Power Plant United States of America,United States of America,Please Select,38.761646438889,-91.778154373169,1236,Please Select,"10 MI SE of Fulton,  Missouri, USA",Please Select,Union Electric Co.,,,WH (WESTINGHOUSE ELECTRIC CORPORATION AND SIEMENS),AMERGEN ENERGY GENERATING CO.,,,http://www.nrc.gov/info-finder/reactor/
Calvert Cliffs Nuclear Power Plant United States of America,United States of America,Please Select,38.434809268383,-76.441446215849,1827,Please Select,"40 MI S of Annapolis,  Maryland, USA",Please Select,CONSTELLATION Energy Group,,,CE (COMBUSTION ENGINEERING CO.),Calvert Cliffs Nuclear Power Plant Inc.,,,http://www.nrc.gov/info-finder</reactor/
Catawba Nuclear Power Plant United States of America,United States of America,Please Select,35.051617671176,-81.070000863067,2376,Please Select,"6 MI NNW of Rock Hill,  South Carolina, USA",Please Select,CLECO Power LLC ,50,,WH (WESTINGHOUSE ELECTRIC CORPORATION AND SIEMENS),DUKE POWER CO.,,,http://www.nrc.gov/info-finder/reactor/
Clinton Nuclear Power Plant United States of America,United States of America,Please Select,40.172233261304,-88.835084438324,1098,Please Select,"6 MI E of Clinton,  Illinois, USA",Please Select,Alabama Power Co ,100,,GE (GENERAL ELECTRIC CO.),Amergen Energy Generating Co.,,,http://www.nrc.gov/info-finder/reactor/
Columbia Nuclear Power Plant United States of America,United States of America,Please Select,46.470982846744,-119.3341797695,1200,Please Select,"12 MI NW of Richland,  Washington, USA",Please Select,Alaska Electric Light&Power Co ,100,,GE (GENERAL ELECTRIC CO.),Energy Northwest,,,http://www.nrc.gov/info-finder/reactor/
Comanche Peak Nuclear Power Plant United States of America,United States of America,Operating Fully,32.29835,-97.78586,2378,Pressurized Water Reactor (PWR),"4 MI N of Glen Rose,  Texas, USA",Regional Grid,Luminant Generation Company LLC,100,,WH (WESTINGHOUSE ELECTRIC CORPORATION AND SIEMENS),"Luminant Generation, a subsidiary of Energy Future Holdings Corporation",,,http://www.nrc.gov/info-finder/reactor/
Cooper Nuclear Power Plant United States of America,United States of America,Please Select,40.361352556289,-95.642946290774,801,Please Select,"23 MI S of Nebraska City,  Nebraska, USA",Please Select,Nevada Irrigation District ,100,,GE (GENERAL ELECTRIC CO.),NPPD (NEBRASKA PUBLIC POWER DISTRICT),,,http://www.nrc.gov/info-finder/reactor/
Davis-Besse Nuclear Power Plant United States of America,United States of America,Please Select,41.596531052188,-83.086947506438,925,Please Select,"21 MI ESE of Toledo,  Ohio, USA",Please Select,Nuclear GenCorp,,,B&W (BABCOCK & WILCOX CO.),FIRST ENERGY NUCLEAR OPERATING CO.,,,http://www.nrc.gov/info-finder/reactor/
Diablo Canyon Nuclear Power Plant United States of America,United States of America,Please Select,35.211574758236,-120.85554322965,2300,Please Select,"12 MI WSW of San Luis Obispo,  California, USA",Please Select,Pacific Gas & Electric Co.,,,WH (WESTINGHOUSE ELECTRIC CORPORATION AND SIEMENS),Pacific Gas & Electric Co.,,,http://www.nrc.gov/info-finder/reactor/
Duane Arnold Nuclear Power Plant United States of America,United States of America,Please Select,42.100958052385,-91.778226767041,614,Please Select,"8 MI NW of Cedar Rapids,  Iowa, USA",Please Select,Alabama Power Co ,100,,GE (GENERAL ELECTRIC CO.),FPL ENERGY DUANE ARNOLD,,,http://www.nrc.gov/info-finder/reactor/
Edwin I. Hatch Nuclear Power Plant United States of America,United States of America,Please Select,31.934580933868,-82.34419781057,1819,Please Select,"11 MI N of Baxley,  Georgia, USA",Please Select,Alabama Power Co ,100,,GE (GENERAL ELECTRIC CO.),Southern Nuclear Operating Co.,,,http://www.nrc.gov/info-finder/reactor/
Enrico Fermi Nuclear Power Plant United States of America,United States of America,Please Select,41.963621249174,-83.25808298189,1154,Please Select,"25 MI NE of Toledo, Ohio, USA",Please Select,DETROIT EDISON CO.,,Private,,DETROIT EDISON CO.,,,http://www.nrc.gov/info-finder/reactor/
Fitzpatrick Nuclear Power Plant USA,United States of America,Please Select,43.492,-76.452,882,Please Select,,Please Select,"Entergy Nuclear Operations, Inc.",,Private,,"Entergy Nuclear Operations, Inc.",,,http://www.iaea.org/programmes/a2/   (IAEA PRIS Database)
Fort Calhoun Nuclear Power Plant United States of America,United States of America,Please Select,41.519949813994,-96.078749453989,512,Please Select,"19 MI N of Omaha,  Nebraska, USA",Please Select,Omaha Public Power District,,,,Omaha Public Power District,,,http://www.nrc.gov/info-finder/reactor/
Grand Gulf Nuclear Power Plant United States of America,United States of America,Please Select,32.008343216367,-91.049237381635,1333,Please Select,"25 MI S of Vicksburg,  Mississippi, USA",Please Select,"Systems Energy Resources, Inc",,,GE (GENERAL ELECTRIC CO.),ENTERGY NUCLEAR,,,http://www.nrc.gov/info-finder/reactor/
H. B. Robinson Nuclear Power Plant United States of America,United States of America,Please Select,34.402572173645,-80.158159732819,745,Please Select,"26 MI from Florence,  South Carolina, USA",Please Select,"Progress Energy Carolinas, Inc.",,,WH (WESTINGHOUSE ELECTRIC CORPORATION AND SIEMENS),Progress Energy Corporation,,,http://www.nrc.gov/info-finder/reactor/
Hope Creek Nuclear Power Plant United States of America,United States of America,Please Select,39.466651759503,-75.536896667789,1139,Please Select,"18 MI SE of Wilmington,  Delaware, USA",Please Select,Alabama Power Co ,100,,GE (GENERAL ELECTRIC CO.),PUBLIC SERVICE ELECTRIC & GAS CO.,,,http://www.nrc.gov/info-finder/reactor/
Indian Point Nuclear Power Plant United States of America,United States of America,Please Select,41.269073663719,-73.952662047035,2127,Please Select,"24 MI N of New York City, New York, USA",Please Select,ENTERGY NUCLEAR GENERATION CO.,,,WH (WESTINGHOUSE ELECTRIC CORPORATION AND SIEMENS),ENTERGY NUCLEAR,,,http://www.nrc.gov/info-finder/reactor/
Joseph M. Farley Nuclear Power Plant United States of America,United States of America,Please Select,31.223255900437,-85.111737871195,1800,Please Select,"Alabama, USA",Please Select,Alabama Power Co ,100,,"WH (WESTINGHOUSE ELECTRIC CORPORATION AND SIEMENS) for units 1 and 2, DHICKAEC (DOOSAN HEAVY INDUSTRIES & CONSTRUCTION CO.LTD./KOREA ATOMICENERGY RESE",ALP (ALABAMA POWER CO.),,,http://www.iaea.org/programmes/a2/ (IAEA PRIS database)
Kewaunee Nuclear Power Plant United States of America,United States of America,Please Select,44.342419673668,-87.536959648132,581,Please Select,"27 MI E of Green Bay,  Wisconsin, USA",Please Select,Alaska Electric Light&Power Co ,100,,WH (WESTINGHOUSE ELECTRIC CORPORATION AND SIEMENS),DOMINION ENERGY KEWAUNEE,,,http://www.nrc.gov/info-finder/reactor/
LaSalle Nuclear Power Plant United States of America,United States of America,Please Select,41.245519138109,-88.668795290435,2356,Please Select,"11 MI SE of Ottawa,  Illinois, USA",Please Select,Alabama Power Co ,100,,,Exelon Generation,,,http://www.nrc.gov/info-finder/reactor/
Limerick Nuclear Power Plant United States of America,United States of America,Please Select,40.226889860367,-75.587633402707,2388,Please Select,"21 MI NW of Philadelphia,  Pennsylvania, USA",Please Select,Tennessee Valley Authority ,100,,GE (GENERAL ELECTRIC CO.),Exelon Generation,,,http://www.nrc.gov/info-finder/reactor/
McGuire Nuclear Power Plant United States of America,United States of America,Please Select,35.432546180702,-80.947777898856,2316,Please Select,"17 MI NW of Charlotte,  North Carolina, USA",Please Select,DUKE ENERGY CORP.,,,WH (WESTINGHOUSE ELECTRIC CORPORATION AND SIEMENS),DUKE POWER CO.,,,http://www.nrc.gov/info-finder/reactor/
Millstone Nuclear Power Plant United States of America,United States of America,Please Select,41.310903718333,-72.168238387967,2163,Please Select,"3.2 MI WSW of New London, Connecticut, USA",Please Select,Alabama Power Co ,100,,"CE (COMBUSTION ENGINEERING CO.) for unit 2, WH (WESTINGHOUSE ELECTRIC CORPORATION AND SIEMENS) for unit 3",Dominion Virginia Power,,,http://www.nrc.gov/info-finder/reactor/
Monticello Nuclear Power Plant United States of America,United States of America,Please Select,45.333433531707,-93.846781404692,600,Please Select,"30 MI NW of Minneapolis,  Minnesota, USA",Please Select,Madelia City of ,100,,GE (GENERAL ELECTRIC CO.),Northern States Power Co.,,,http://www.nrc.gov/info-finder/reactor/
North Anna Nuclear Power Plant United States of America,United States of America,Please Select,38.059565338317,-77.793217666195,1931,Please Select,"40 MI NW of Richmond,  Virginia, USA",Please Select,Hastings City of ,100,,WH (WESTINGHOUSE ELECTRIC CORPORATION AND SIEMENS),VIRGINIA ELECTRIC POWER CO.,,,http://www.nrc.gov/info-finder/reactor/
Oconee Nuclear Power Plant United States of America,United States of America,Please Select,34.793828854076,-82.895417120105,2673,Please Select,"30 MI W of Greenville,  South Carolina, USA",Please Select,Alabama Electric Coop Inc ,100,,B&W (BABCOCK & WILCOX CO.),DUKE POWER CO.,,,http://www.nrc.gov/info-finder/reactor/
Oyster Creek Nuclear Power Plant United States of America,United States of America,Operating Fully,39.81398,-74.20614,652,Boiling Water Reactor (BWR),"9 MI S of Toms River,  New Jersey, USA",Regional Grid,Exelon Corporation,100,,GE (GENERAL ELECTRIC CO.),Exelon Corporation,,,http://www.nrc.gov/info-finder/reactor/
Palo Verde Nuclear Power Plant United States of America,United States of America,Please Select,33.387960762491,-112.86403105734,4174,Please Select,"Palo Verde, Arizona, USA",Please Select,Alabama Power Co ,100,,CE (COMBUSTION ENGINEERING CO.),ARIZONA PUBLIC SERVICE CO.,,,http://www.nrc.gov/info-finder/reactor/
Peach Bottom Nuclear Power Plant United States of America,United States of America,Please Select,39.762498624388,-76.26992225647,2342,Please Select,"17.9 MI S of Lancaster,  Pennsylvania, USA",Please Select,Tennessee Valley Authority ,100,,GE (GENERAL ELECTRIC CO.),Exelon Generation,,,http://www.nrc.gov/info-finder/reactor/
Perry Nuclear Power Plant United States of America,United States of America,Please Select,41.80054869598,-81.143594603759,1303,Please Select,"7 MI NE of Painesville,  Ohio, USA",Please Select,Nuclear GenCorp,,,GE (GENERAL ELECTRIC CO.),FIRST ENERGY NUCLEAR OPERATING CO.,,,http://www.nrc.gov/info-finder/reactor/
Pilgrim Nuclear Power Plant United States of America,United States of America,Please Select,41.944011567337,-70.577815373907,711,Please Select,"4 MI SE of Plymouth,  Massachusetts, USA",Please Select,Alabama Power Co ,73.4022,,GE (GENERAL ELECTRIC CO.),ENTERGY NUCLEAR GENERATION CO.,,,http://www.nrc.gov/info-finder/reactor/
Point Beach Nuclear Power Plant United States of America,United States of America,Please Select,44.281388729759,-87.537557593194,1086,Please Select,"13 MI NNW of Manitowoc,  Wisconsin, USA",Please Select,WISCONSIN ELECTRIC POWER CO,,,WH (WESTINGHOUSE ELECTRIC CORPORATION AND SIEMENS),WISCONSIN ELECTRIC POWER CO,,,http://www.nrc.gov/info-finder/reactor/
Prairie Island Nuclear Power Plant United States of America,United States of America,Please Select,44.621954532837,-92.633096661387,1110,Please Select,"28 MI SE of Minneapolis,  Minnesota, USA",Please Select,Northern States Power Co.,,,WH (WESTINGHOUSE ELECTRIC CORPORATION AND SIEMENS),Northern States Power Co.,,,http://www.nrc.gov/info-finder/reactor/
R.E. Ginna Nuclear Power Plant United States of America,United States of America,Please Select,43.277515456184,-77.309571381757,608,Please Select,"20 MI NE of Rochester, New York, USA",Please Select,USCE-Mobile District ,100,,WH (WESTINGHOUSE ELECTRIC CORPORATION AND SIEMENS),CCNPP (Calvert Cliffs Nuclear Power Plant Inc.),,,http://www.nrc.gov/info-finder/reactor/
River Bend Nuclear Power Plant United States of America,United States of America,Please Select,30.727201018551,-91.369143932063,1036,Please Select,"24 MI NNW of Baton Rouge,  Louisiana, USA",Please Select,ENTERGY GULF States INC.,,,GE (GENERAL ELECTRIC CO.),ENTERGY GULF States INC.,,,http://www.nrc.gov/info-finder/reactor/
Saint Lucie Nuclear Power Plant United States of America,United States of America,Please Select,27.348591324513,-80.246413988763,1766,Please Select,"12 MI SE of Ft. Pierce,  Florida, USA",Please Select,Alabama Power Co ,100,,,Florida Power and Light Co.,,,http://www.nrc.gov/info-finder/reactor/
Salem Nuclear Power Plant United States of America,United States of America,Please Select,39.462406554803,-75.53500065318,2398,Please Select,"18 MI S of Wilmington,  Delaware, USA",Please Select,El Paso Electric Co ,100,,WH (WESTINGHOUSE ELECTRIC CORPORATION AND SIEMENS),"PSEGPOWR (PSEG Power, Inc.)",,,http://www.nrc.gov/info-finder/reactor/
San Onofre Nuclear Power Plant United States of America,United States of America,Please Select,33.368810956577,-117.55508165633,2254,Please Select,"4 MI SE of San Clemente,  California, USA",Please Select,Southern California Edison Co.,,,CE (COMBUSTION ENGINEERING CO.),Southern California Edison Co.,,,http://www.nrc.gov/info-finder/reactor/
Seabrook Nuclear Power Plant United States of America,United States of America,Please Select,42.898488237163,-70.850961463596,1296,Please Select,"13 MI S of Portsmouth,  New Hampshire, USA",Please Select,,,,WH (WESTINGHOUSE ELECTRIC CORPORATION AND SIEMENS),FPL (FLORIDA POWER & LIGHT CO.)/Li>,,,http://www.nrc.gov/info-finder/reactor/
Sequoyah Nuclear Power Plant United States of America,United States of America,Please Select,35.226205272162,-85.090570049196,2442,Please Select,"9.5 MI NE of Chattanooga,  Tennessee, USA",Please Select,Alabama Electric Coop Inc ,100,,WH (WESTINGHOUSE ELECTRIC CORPORATION AND SIEMENS),TENNESSEE VALLEY AUTHORITY,,,http://www.nrc.gov/info-finder/reactor/
Surry Nuclear Power Plant United States of America,United States of America,Please Select,37.165942382305,-76.697036932821,1696,Please Select,"17 MI NW of Newport News,  Virginia, USA",Please Select,Virginia Electric and Power Co.,,,WH (WESTINGHOUSE ELECTRIC CORPORATION AND SIEMENS),Virginia Electric and Power Co.,,,http://www.nrc.gov/info-finder/reactor/
Susquehanna Nuclear Power Plant United States of America,United States of America,Please Select,41.091414040773,-76.147193723925,2403,Please Select,"7 MI NE of Berwick,  Pennsylvania, USA",Please Select,Tennessee Valley Authority ,100,,GE (GENERAL ELECTRIC CO.),PENNSYLVANIA POWER & LIGHT CO.,,,http://www.nrc.gov/info-finder/reactor/
Three Mile Island I Nuclear Power Plant United States of America,United States of America,Operating Fully,40.154,-76.7249,837,Pressurized Water Reactor (PWR),"10 MI SE of Harrisburg,  PA,  Pennsylvania, USA",Regional Grid,Tennessee Valley Authority,100,,B&W (BABCOCK & WILCOX CO.),"AmerGen Energy Co., LLC",,,http://www.nrc.gov/info-finder/reactor/
Turkey Point Nuclear Power Plant United States of America,United States of America,Please Select,25.434833801624,-80.331005288927,1458,Please Select,"25 MI S of Miami,  Florida, USA",Please Select,Alabama Power Co ,100,,WH (WESTINGHOUSE ELECTRIC CORPORATION AND SIEMENS),Florida Power and Light Co.,,,http://www.nrc.gov/info-finder/reactor/
Vermont Yankee Nuclear Power Plant United States of America,United States of America,Please Select,42.778772103021,-72.513101676843,650,Please Select,"5 MI S of Battleboro,  Vermont, USA",Please Select,Grand Island City of ,100,,GE (GENERAL ELECTRIC CO.),ENTERGY NUCLEAR,,,http://www.nrc.gov/info-finder/reactor/
Virgil C. Summer Nuclear Power Plant United States of America,United States of America,Please Select,34.298404662336,-81.315480264656,1003,Please Select,"26 MI NW of Columbia,  South Carolina, USA",Please Select,East Kentucky Power Coop Inc ,100,,WH (WESTINGHOUSE ELECTRIC CORPORATION AND SIEMENS),SOUTH CAROLINA ELECTRIC & GAS CO.,,,http://www.nrc.gov/info-finder/reactor/
Vogtle Nuclear Power Plant United States of America,United States of America,Please Select,33.141826042538,-81.762053345103,2405,Please Select,"26 MI SE of Augusta, Georgia, USA",Please Select,Alabama Power Co ,100,,WH (WESTINGHOUSE ELECTRIC CORPORATION AND SIEMENS),Southern Nuclear Operating Co.,,,http://www.nrc.gov/info-finder/reactor/
Waterford Nuclear Power Plant United States of America,United States of America,Please Select,29.986146748436,-90.447858977398,1200,Please Select,"20 MI W of New Orleans,  Louisiana, USA",Please Select,ENTERGY NUCLEAR GENERATION CO.,,,CE (COMBUSTION ENGINEERING CO.),ENTERGY NUCLEAR,,,http://www.nrc.gov/info-finder/reactor/
Watts Bar Nuclear Power Plant United States of America,United States of America,Please Select,35.602411087743,-84.787933101719,1202,Please Select,"10 MI S of Spring City,  Tennessee, USA",Please Select,Alabama Electric Coop Inc ,100,,WH (WESTINGHOUSE ELECTRIC CORPORATION AND SIEMENS),TENNESSEE VALLEY AUTHORITY,,,http://www.nrc.gov/info-finder/reactor/
Wolf Creek Nuclear Power Plant United States of America,United States of America,Please Select,38.239336829217,-95.688472911688,1213,Please Select,"3.5 MI NE of Burlington, Kansas, USA",Please Select,Kansas Gas and Electric Co.,,,WH (WESTINGHOUSE ELECTRIC CORPORATION AND SIEMENS),Kansas Gas and Electric Co.,,,http://www.nrc.gov/info-finder/reactor/
