Rune,Spaans,superrune,Oslo,,Norway,superrune,,"'Illustration', 'Digital Imaging', 'Digital Art'"
Lysandre,FOLLET,Minigorille,Portland,Oregon,United States,MiniGorille,Director of Generative Design / Nike Innovation,"'Industrial Design', 'Product Design', 'Digital Imaging'"
Tatiana,Plakhova,TatianaPlakhova,Moscow,,Russian Federation,Complexity Graphics,,"'Digital Art', 'Illustration', 'Digital Imaging'"
Tiago,Viegas,viegas,Belo Horizonte,,Brazil,,Arquiteto | Archvis,"'Architecture', 'Digital Imaging'"
Arthur,Tiutenko,tiutenko,Erlangen,,Germany,,Nature Science Illustrator and Photographer,"'Illustration', 'Digital Art', 'Digital Imaging'"
Sergiy,Rykin,serg_3D_artist,Forchheim,,Germany,,,"'Game Design', 'Digital Art', 'Digital Imaging'"
thorsten,schmidtkord,thorstenschmidtkord,Düsseldorf,,Germany,,Photographer,"'Photography', 'Digital Photography', 'Digital Imaging'"
Evan,Mandala,evanmandala,Surabaya,,Indonesia,2Gstudio,,"'Digital Imaging', 'Architecture', 'Digital Art'"
Digitaline,,digitaline_paris,Paris,,France,Digitaline,,"'Advertising', 'Animation', 'Digital Imaging'"
Shunji,Ueda,ushunji,Shizuoka,,Japan,,,"'Photography', 'Digital Photography', 'Digital Imaging'"
Federico,Bebber,bebber,Udine,,Italy,,,"'Digital Art', 'Digital Photography', 'Digital Imaging'"
Ricardo,'Cadinho' Bjerke,ricardomatta,Volda,,Norway,FireGrader*,3D Animator / Illustrator,"'Illustration', 'Advertising', 'Digital Imaging'"
Pandu,Kharisma,pandu_kharisma,Jakarta,,Indonesia,,,"'Retouching', 'Digital Imaging', 'Digital Photography'"
Felipe,Rangel,rangelfelipe,Rio de Janeiro,,Brazil,,3D Generalist / Creative Retoucher,"'Illustration', 'Digital Imaging', 'Digital Art'"
Sonya,Revell,sonyarevell,City,State / Province,United States,Sonya Revell Photography,,"'Digital Photography', 'Digital Imaging', 'Photography'"
julien,famchon,julienfamchon,Turin,,Italy,Changan center design europe,Chief interior design (Sedan platform),"'Industrial Design', 'Automotive Design', 'Digital Imaging'"
Kirill,Hohlov,justkirav1,Samara,,Russian Federation,,"Illustrator, designer","'Illustration', 'Digital Art', 'Digital Imaging'"
FINISHIZER,,finishizer,Warszawa,,Poland,FINISHIZER,,"'Digital Photography', 'Advertising', 'Digital Imaging'"
Diamante,Murru,diami,Cagliari,,Italy,,"Tattoo Artist, Digital Artist, Illustrator","'Digital Art', 'Photo Manipulation', 'Digital Imaging'"
Guillermo,Vega,guillev,New York,New York,United States,72andSunny,,"'Advertising', 'Art Direction', 'Digital Imaging'"
Jerome,Perhirin,jperhirin,Belœil,Quebec,Canada,Ludia,Lead VFX Artist / Motion Designer,"'Motion Graphics', 'Animation', 'Digital Imaging'"
Anders,Kjellberg,AndersKjellberg,Arboga,,Sweden,Dogday design,,"'Illustration', 'Digital Imaging', 'Computer Animation'"
Axl,.,AxlBox,Paris,,France,,AD & Photographer ,"'Digital Imaging', 'Digital Art', 'Print Design'"
Massimo,Mirtolini,mirtolini,Barcelona,,Spain,EAIM,Architect and Designer,"'Architecture', 'Digital Imaging', 'Computer Animation'"
Tomasz,Ochotny,tomaszochotny,Warsaw,,Poland,,3D designer,"'Digital Imaging', 'Design', 'Digital Art'"
Gene,Dubin,GeneDubin,City,New York,United States,,,"'Photography', 'Photojournalism', 'Digital Imaging'"
Yann,Moriaud,ymoriaud,Lyon,,France,,"Technical direction, character rigging and tools development","'Digital Art', 'Digital Imaging', 'Computer Animation'"
Jan Eric Bjørn,Friis,inkog92,Horsens,,Denmark,Inkog92,Creative Manager at LEGO system,"'Art Direction', 'Photo Manipulation', 'Digital Imaging'"
Brendan,Fitzpatrick,brendanfitzpatrick,Sydney,,Australia,Brendan Fitzpatrick Photography,Photographer,"'Photography', 'Digital Photography', 'Digital Imaging'"
Tre,,trestudio,Guadalajara,,Mexico,Tre Estudio,,"'Graphic Design', 'Advertising', 'Digital Imaging'"
Lewis,Rowe,lewisrowe,London,,United Kingdom,,CGI Artist,"'Advertising', 'Digital Imaging'"
Tim,Ott,theyneverknock,Cardiff-by-the-Sea,California,United States,Nixon & Freelance,Designer,"'Retouching', 'Advertising', 'Digital Imaging'"
Bogdan,Szot,bono35,Bydgoszcz,,Poland,www.deskostrefa.pl,"graphic designer, photograph, freelancer","'Digital Art', 'Digital Imaging', 'Photo Manipulation'"
Charlie,Bearman,Charlie_Bearman,Moscow,,Russian Federation,,illustrator,"'Illustration', 'Graphic Design', 'Digital Imaging'"
ED,LOPEZ,edlo1,City,,Mexico,edlo Studio,,"'Digital Art', 'Digital Imaging', 'Photo Manipulation'"
Giacomo,Lorenzon,lorenzon_giacomo,San Dona di Piave,,Italy,,Designer / Render smaker,"'Web Design', 'Architecture', 'Digital Imaging'"
Juan Manuel,Diaz,juandiaz,Buenos Aires,,Argentina,,,"'Digital Art', 'Illustration', 'Digital Imaging'"
ESTRADA Arquitectura,,ESTARQ,Mexico Distrito Federal,,Mexico,Sergio Estrada,Architect,"'Architecture', 'Drawing', 'Digital Imaging'"
Paulina,Marzec,PaulinaMarzec,Kielce,,Poland,,,"'Fine Arts', 'Illustration', 'Digital Imaging'"
Spectra Studios,,spectra,London,,United Kingdom,Spectra Studios,,"'Digital Imaging', 'Interior Design', 'Architecture'"
James,Stanton-Abbott,jamesstanton-abbott,Boston,Massachusetts,United States,Stanton-Abbott Associates,Founder,"'Architecture', 'Digital Imaging', 'Photography'"
rex,Tien,rextien,City,,Taiwan,,,"'Design', 'Digital Imaging', 'Visual Arts'"
Naya,Nurindra,NayaNurindra,Jakarta,,Indonesia,Mint Studio,Photographer,"'Photography', 'Digital Photography', 'Digital Imaging'"
Edgardo,Espinoza,edgardoespinoza,Santiago,,Chile,,Architect,"'Architecture', 'Landscape Design', 'Digital Imaging'"
Vladimir,Vidakovic,zlopas,Hobart,,Australia,,,"'Photography', 'Photo Manipulation', 'Digital Imaging'"
Ward,Yoshimoto,wardsome,Brooklyn,New York,United States,WardYoshimoto,,"'Sculpting', 'Illustration', 'Digital Imaging'"
jeff,phillips,jeffphillips,Seattle,Washington,United States,,,"'Architecture', 'Digital Imaging'"
diego,taborda,diegotabrda,Bogota,,Colombia,,,"'Digital Art', 'Fine Arts', 'Digital Imaging'"
Tommy,Hines,tommyhines,Charlotte,North Carolina,United States,,,"'Graphic Design', 'Digital Imaging', 'Illustration'"
Petro,Tarnovskiy,tarnovskiy,Kiev,,Ukraine,SHOZA,,"'Architecture', 'Graphic Design', 'Digital Imaging'"
Morten,Koldby,Koldby,Aarhus,,Denmark,Morten Koldby Photography,Photographer,"'Photography', 'Digital Photography', 'Digital Imaging'"
Simonas,Slucka,simonas,Kaunas,,Lithuania,DIZONAURAI,Designer,"'Architecture', 'Digital Art', 'Digital Imaging'"
Leonard,Miller,lenny,Cape Town,,South Africa,,,"'Photography', 'Architecture', 'Digital Imaging'"
Mihai D.,Chirea,mdcartwork,Maidstone,,United Kingdom,MDC Artwork,Designer & 3D Artist,"'Graphic Design', 'Digital Imaging', 'Digital Art'"
Daniel,Nogueira,dannog,Amsterdam,,Netherlands,danielnogueira.nl,Director / writer /,"'Film', 'Directing', 'Digital Imaging'"
roberto,valls,robertovalls,Barcelona,,Spain,,,"'Digital Imaging', 'Digital Art', 'Architecture'"
Perry,Wold,perrywold,Brooklyn,New York,United States,,,"'Architecture', 'Urbanism', 'Digital Imaging'"
Thomas,Deichsel,ThomasDeichsel,Halle an der Saale,,Germany,,,"'Cartooning', 'Character Design', 'Digital Imaging'"
Chris,New,seenew,Brooklyn,New York,United States,,Photographer,"'Digital Photography', 'Digital Imaging', 'Retouching'"
Lou,McGill,LouMcGill,Glasgow,,United Kingdom,,,"'Photography', 'Digital Photography', 'Digital Imaging'"
joel,grimes,grimes,Los Angeles,California,United States,,photographer,"'Photography', 'Fashion', 'Digital Imaging'"
Diogo,Sousa Lima,dslima,Açores,,Portugal,DSLIMA,Architect & 3D Artist,"'Architecture', 'Digital Imaging', 'Interior Design'"
Sanja,Losic,sanja_losic,Belgrade,,Serbia,Mad Head Games,,"'Digital Imaging', 'Digital Art'"
Peter,Ravnsborg,mumilab,Aarhus,,Denmark,MUMILAB,Photographer,"'Photography', 'Fashion', 'Digital Imaging'"
ali,gulec,aligulec,Istanbul,,Turkey,ikiiki,,"'Illustration', 'Digital Imaging', 'Photo Illustration'"
TK,,turnkey,Leeds,,United Kingdom,Turn Key,,"'Retouching', 'Photography', 'Digital Imaging'"
Matt,Henry,matthenry,Brighton,,United Kingdom,,,"'Photography', 'Digital Photography', 'Digital Imaging'"
Francisco,Morales,Feeank,Caracas,,Venezuela,Biota Studios,,"'Computer Animation', 'Character Design', 'Digital Imaging'"
Parrin,Whanipattarangkun,parrin,Bangkok,,Thailand,Geometry Inc,Designer,"'Digital Imaging', 'Digital Art', 'Art Direction'"
chiara,daniele,Kidan,Florence,,Italy,,,"'Drawing', 'Design', 'Digital Imaging'"
Gavin,Rea,gavinrea,New York,New York,United States,Gavin Rea Photography,Creative Director,"'Advertising', 'Photography', 'Digital Imaging'"
WILLIAM,FORBES,stro11on,City,,United Kingdom,stro11on,,"'Digital Art', 'Illustration', 'Digital Imaging'"
Rupert,Truman,rupert-truman,London,,United Kingdom,Rupert Truman,,"'Photography', 'Digital Imaging', 'Photo Manipulation'"
Adam,Paine,adampaine,San Luis Obispo,California,United States,Pro Photo,Founder of Pro Photo,"'Photography', 'Digital Imaging', 'Digital Photography'"
rudy,ferdianrus,rudyferdianrus,Jakarta,,Indonesia,digital imaging,design,"'Retouching', 'Digital Imaging', 'Graphic Design'"
Benjamin,Castle,benjamincastle,Habana,,Cuba,,Illustrator,"'Digital Art', 'Illustration', 'Digital Imaging'"
Steven,De Loenen,Stoav,Antwerp,,Belgium,Stoav,Free lance 2D + 3D designer,"'Digital Art', 'Digital Imaging', 'Graphic Design'"
Ruben,Ireland,rubenireland,London,,United Kingdom,Ruben Ireland Illustration,Freelance Illustrator/Graphic Artist,"'Illustration', 'Digital Art', 'Digital Imaging'"
Delcio,Gomes,delciogomes,Los Angeles,California,United States,,3D Artist,"'Advertising', 'Illustration', 'Digital Imaging'"
Lipe,Azevedo,lipeazevedo,Rio de Janeiro,,Brazil,,,"'Advertising', 'Illustration', 'Digital Imaging'"
Riou,Sylvain,3dsr,Lille,,France,3DSR,,"'Visual Effects', 'Digital Imaging', 'Packaging'"
Luca,Oleastri,innovari,Bologna,,Italy,Innovari,,"'Illustration', 'Digital Imaging', 'Digital Art'"
Jon,Baird,jonbaird,City,,Australia,,,"'Fine Arts', 'Digital Art', 'Digital Imaging'"
Donato,Maniello,donatomaniello,Napoli,,Italy,,,"'Digital Photography', 'Digital Imaging', 'Photo Manipulation'"
christine,jaschek,christinejaschek,City,,Germany,,,"'Digital Art', 'Digital Imaging', 'Fine Arts'"
Polina,Mukhina,PolinaMukhina,Saint Petersburg,,Russian Federation,Freelance,"Illustrator, concept artist","'Illustration', 'Digital Art', 'Digital Imaging'"
Amit,Vadher,amitvadher,London,,United Kingdom,,,"'Illustration', 'Animation', 'Digital Imaging'"
Eric,Dinardi,edinardi,Jakarta,,Indonesia,Imaginr Bacteria Photography,Photographer,"'Photography', 'Digital Photography', 'Digital Imaging'"
Matthew,McLaughlin,MMcLaughlinArt,Greenbelt,Maryland,United States,,MFA Candidate,"'Photo Manipulation', 'Fine Arts', 'Digital Imaging'"
Joel,Marsh,JMarsh,Stockholm,,Sweden,,Experience Architect,"'Digital Imaging', 'Interaction Design', 'Art Direction'"
Andrey,Narchuk,Narchuk,Moscow,,Russian Federation,,,"'Digital Photography', 'Magic', 'Digital Imaging'"
Guido,Mencari,guidomencari,London,,United Kingdom,,,"'Photography', 'Digital Photography', 'Digital Imaging'"
Dave,Jarosz,DaveJarosz,Buffalo,New York,United States,Collignon Jarosz Ltd.,,"'Photography', 'Advertising', 'Digital Imaging'"
Eva ,Ubani,evaubani,Madrid,,Spain,,,"'Digital Imaging', 'Retouching', 'Fashion'"
Erik,Söderberg,creativetouch,Stockholm,,Sweden,Erik Söderberg,Graphic artist,"'Design', 'Digital Imaging', 'Retouching'"
Cornelia , Neuner,connyneuner,Brussels,,Belgium,wishcommunity,,"'Digital Imaging', 'Digital Art', 'Illustration'"
Tancredi,Trugenberger,liquidimage,City,,United Kingdom,Liquidimage,,"'Digital Imaging', 'Graphic Design', 'Illustration'"
Bryan,Jude,Bryanjude,New York,New York,United States,Bryan Jude Creative,Photographer,"'Photography', 'Art Direction', 'Digital Imaging'"
Tom,Hahn,hahn-fotodesign,Karlsruhe,,Germany,Hahn Fotodesign,,"'Photography', 'Digital Imaging', 'Fashion Styling'"
Dan,Welldon,danwelldon,London,,United Kingdom,Dan Welldon Photography,Photographer,"'Photography', 'Digital Photography', 'Digital Imaging'"
Kris,krug,kriskrug,City,British Columbia,Canada,,,"'Digital Photography', 'Photojournalism', 'Digital Imaging'"
Néstor,Silvosa,nestorsilvosa,Betanzos,,Spain,,,"'Photography', 'Digital Imaging', 'Architecture'"
sensis,,sensis_art,Moscow,,Russian Federation,,,"'Digital Imaging', 'Digital Art', 'Graphic Design'"
Roland Jeffrey,Decena,jeffsimons,Singapore,,Singapore,Jeff Simons Design,,"'Photography', 'Digital Photography', 'Digital Imaging'"
Richard,R.,richardoril,Muenster,,Germany,RR,,"'Digital Imaging', 'Photo Manipulation', 'Digital Art'"
Rudi,Silbermann,RudiSilbermann,Cape Town,,South Africa,,,"'Photo Manipulation', 'Digital Imaging', 'Digital Art'"
Stefan,Buechner,stefanbuechner,Berlin,,Germany,Fotostudio,Fotograf,"'Digital Photography', 'Photography', 'Digital Imaging'"
Karen,Schlesinger,karen_schlesinger,City,Alabama,United States,Digital Artist's Space,,"'Digital Imaging', 'Photography', 'Fine Arts'"
Grigory,Belozerov,GrishaBel,Volgograd,,Russian Federation,,,"'Branding', 'Digital Imaging', 'Industrial Design'"
Senna,Coronet,Sennacoronet,Rockville,Maryland,United States,Senna Image Studio,,"'Digital Art', 'Virtual World Design', 'Digital Imaging'"
ano,xiao,ano9s,Taipei,,Taiwan,"Because Design marketing Integrated Co.,","Because Design marketing Integrated Co., Ltd.","'Graffiti', 'Digital Imaging', 'Graphic Design'"
John,Lupton,JohnnyLupton,Canberra,,Australia,,,"'Graphic Design', 'Packaging', 'Digital Imaging'"
Espen,Espelund,EspenEspelund,Lillehammer,,Norway,,,"'Photo Manipulation', 'Digital Imaging', 'Digital Art'"
Elena,Dolgova (Jelena Fiala),albicocca,Vienna,,Austria,,"illustrator, textile designer","'Illustration', 'Digital Art', 'Digital Imaging'"
Stefano,Lentini,mutabile,Los Angeles,California,United States,,Designer,"'Illustration', 'Editorial Design', 'Digital Imaging'"
James,Newman,jamesnewman,Melbourne,,Australia,James Newman Photography,,"'Photography', 'Digital Photography', 'Digital Imaging'"
Andy,Kämpf,refocus,Erfurt,,Germany,refocus,,"'Photography', 'Digital Photography', 'Digital Imaging'"
Adwork,Design,adworkdesign,Jakarta,,Indonesia,Adwork Design,,"'Digital Art', 'Photo Manipulation', 'Digital Imaging'"
Oleg,Andreyev,Puree,Odessa,,Ukraine,,Illustrator,"'Illustration', 'Character Design', 'Digital Imaging'"
Bluueye,CGI,bluueye,London,,United Kingdom,,3D Artist,"'Digital Art', 'Digital Imaging', 'Computer Animation'"
YOKO,WONG,LUXIAOKE,Tianjin Shi,,China,FOXIMAGE,Photographer,"'Photography', 'Fashion', 'Digital Imaging'"
Thamer,Al-Tassan,thamer,Riyadh,,Saudi Arabia,,Photographer,"'Digital Photography', 'Photography', 'Digital Imaging'"
Dirk,Wiedlein,DirkWiedlein,Frankfurt am Main,,Germany,Dirk Wiedlein Photography,,"'Digital Imaging', 'Photography', 'Architecture'"
Faridzwan,Siman,unitedjerks,Kuala Lumpur,,Malaysia,LightCase,,"'Photography', 'Digital Photography', 'Digital Imaging'"
Kassa,WasHere,Kassa,London,,United Kingdom,Kassa,Digital Designer / Illustrator,"'Digital Imaging', 'Illustration', 'Drawing'"
Dan,Klempa,klempaphoto,Boston,Massachusetts,United States,Dan Klempa: Photography,,"'Photography', 'Digital Art', 'Digital Imaging'"
Justin,Allen,sympa,San Francisco,California,United States,,,"'Photography', 'Digital Photography', 'Digital Imaging'"
Hélder,Costa,helder-costa,Porto,,Portugal,,"Design, Illustration, Photography","'Illustration', 'Digital Imaging', 'Design'"
Charles,Gibbons,CharlesGibbons,Northborough,Massachusetts,United States,,,"'Typography', 'Digital Imaging', 'Photography'"
bernard,blistin,bblistin,Namur,,Belgium,,,"'Automotive Design', 'Photography', 'Digital Imaging'"
Iikka,Koistinen,Iikka,Helsinki,,Finland,,,"'Photography', 'Digital Imaging', 'Art Direction'"
marcos,alberti,marcosalberti,Sao Paulo,,Brazil,marcos alberti studio,,"'Photography', 'Film', 'Digital Imaging'"
Trifon,Marchovski,TrifonMarchovski,Vancouver,British Columbia,Canada,trifomania,"blogger, kettlebell coach, photographer, image retoucher","'Digital Photography', 'Digital Imaging', 'Digital Art'"
Elena,Vallverdu Pages,elenavallverdu,Wellington,,New Zealand,Weta Digital,Layout TD,"'Illustration', 'Animation', 'Digital Imaging'"
Tanya,Minina,MininaTanya,Moscow,,Russian Federation,Minina Design,interior designer,"'Interior Design', 'Digital Imaging', 'Architecture'"
rodolphe,simeon,rod_from_paris,Vancouver,British Columbia,Canada,,,"'Photography', 'Digital Photography', 'Digital Imaging'"
Ming,Yap,CrashCourse,Melbourne,,Australia,,,"'Architecture', 'Sculpting', 'Digital Imaging'"
GEORGE,BONTIKOULIS,GEORBONX,Larisa,,Greece,Fasma,,"'Photography', 'Digital Imaging', 'Photojournalism'"
Sue,Yerou,sueyq3,San Francisco,California,United States,"Sue Yerou Imaging, Inc",,"'Digital Imaging', 'Fashion', 'Photography'"
Luke,Beard,IValor,Cheltenham,,United Kingdom,Luke's Beard,,"'Digital Art', 'Photo Manipulation', 'Digital Imaging'"
Zachary,Wasserman,zachwass2000,San Francisco,California,United States,,,"'Digital Photography', 'Photography', 'Digital Imaging'"
Ravi,Vasavan,dirtylipbalm,City,,Australia,,Design & Art Direction,"'Photography', 'Digital Art', 'Digital Imaging'"
dp,,dp001,,,United Kingdom,,,"'Music Production', 'Music Composition', 'Digital Imaging'"
