Anton,Shapovalov,antoniobanderazzz,Saint Petersburg,,Russian Federation,Playrix ,UX/UI Lead Designer,"'UI/UX', 'Graphic Design', 'Game Design'"
Jhonata,Alves,jhonata,São Paulo,,Brazil,,Freelance artist,"'Illustration', 'Game Design', 'Digital Art'"
Alexandra,Tokaryuk,atokaruk,Moscow,,Russian Federation,,Сoncept artist | Illustrator | Freelancer,"'Game Design', 'Digital Art', 'Illustration'"
klarke,  666,451055202d53b,Zhengzhou,,China,,,"'Graffiti', 'Character Design', 'Game Design'"
Woohyun,Kim,Woodorl,Montreal,Quebec,Canada,,Game Art Generalist,"'Game Design', 'Motion Graphics', 'Visual Effects'"
paul,chadeisson,paulchadei99e8,Nantes,,France,,Freelance concept artist & designer,"'Illustration', 'Art Direction', 'Game Design'"
Sergii,Golotovskiy,faustGOL29ab,Wrocław,,Poland,,2d-3d freelance concepartist,"'Digital Art', 'Game Design', 'Architecture'"
Juani,Garcia Forn,Juan_Martin,León,,Mexico,Freelance,3D Artist,"'Illustration', 'Game Design', 'Digital Art'"
JN,Crazy,crazyjn,Shanghai,,China,Freelance,Freelance artist,"'Illustration', 'Game Design', 'Painting'"
Ksenia,Fedorova,senjukki,Moscow,,Russian Federation,,"Concept Artist, Illustrator","'Illustration', 'Game Design', 'Character Design'"
DAYTONER, .,daytoner,Los Angeles,California,United States,"Conceptart, Characterdesign, Robots",Daniel Hahn,"'Character Design', 'Digital Art', 'Game Design'"
NestStrix,Studio,Nest_Strix,London,,United Kingdom,,Interfaces & illustration,"'Character Design', 'Illustration', 'Game Design'"
Pavel,Konstantinov,info7e54036a,Kiev,,Ukraine,RetroStyle Games,Founder,"'Game Design', 'Art Direction', 'Animation'"
Dustin,Nguyen,ducnguyenmai,Ramat Gan,,Israel,VIGuys Studio,"2d Artist, Spine Animator","'Character Design', 'Game Design', 'Motion Graphics'"
Rachel,Foo,speakyst,Penang Island,,Malaysia,Bad Goat Studios,Illustrator,"'Illustration', 'Character Design', 'Game Design'"
Anna,Ermoshina,kvachenoke7c6,Moscow,,Russian Federation,,2d artist,"'Game Design', 'Painting', 'Illustration'"
Grafit,Studio,grafitart,Voronezh,,Russian Federation,,студия цифрового искусства,"'Illustration', 'Digital Art', 'Game Design'"
Vladimir,Petkovic,vladimirpetkovic,San Francisco,California,United States,Adobe Systems,Art Director,"'Digital Art', 'Automotive Design', 'Game Design'"
Lucas,Ribeiro,lucasribeiro,Rio de Janeiro,,Brazil,Ace Studios,"Ilustrador Freelancer, Diretor de Arte na Ace Studios","'Digital Art', 'Illustration', 'Game Design'"
Arthur,Mattos,arthurmattos,São Paulo,,Brazil,,"Design de Jogos, Programador Junior, Level Designer","'Game Design', 'Illustration', 'Animation'"
Gabriella ,Chuffi ,gabichuffi,São Paulo,,Brazil,WeMind/HumanFactor,Game Developer,"'Game Design', 'Illustration', 'Digital Art'"
Alexandra,Erkaeva,erkaeva,Saint Petersburg,,Russian Federation,,,"'Illustration', 'Graphic Design', 'Game Design'"
Anna,Zanozina,zanozina,Herceg Novi,,Montenegro,,2d artist,"'Game Design', 'Digital Art', 'Illustration'"
Gabriel,Rubio,gabrielrubio,São Paulo,,Brazil,,Freelance Illustrator and Concept Artist,"'Illustration', 'Digital Art', 'Game Design'"
Nikita,Bulatov,BorisSurovsky,Moscow,,Russian Federation,Luscus,Artist,"'Illustration', 'Digital Art', 'Game Design'"
Trung,Trịnh,trungtb1412,Hanoi,,Vietnam,Freelancer,Artist,"'Game Design', 'Animation', 'Character Design'"
Ut,Nguyen,utquynh951ff49,Hanoi,,Vietnam,Mobile Plus,"Concept Artist, Illustrator.","'Game Design', 'Animation'"
DUONG,NGUYEN VAN,duongnvnvc4e8,Hanoi,,Vietnam,,2D Animator,"'Animation', 'Game Design', 'Character Design'"
Jack,-,Deviljack-99,Beijing,,China, V博 /信 deviljack-99,Netease game Artist Lead,"'Art Direction', 'UI/UX', 'Game Design'"
Yevgeniya,Morozova,yevgeniyal0561,Krasnodar,,Russian Federation,Druids Design,"Illustration, Animation, Game Design, 2D","'Motion Graphics', 'Interaction Design', 'Game Design'"
Burç,Pulathaneli,burcpulathaneli,Istanbul,,Turkey,,Freelance Illustrator & Game Designer,"'Illustration', 'Graphic Design', 'Game Design'"
Sarita,Kolhatkar,saritakolhatkar,Vancouver,British Columbia,Canada,,Concept Artist & Illustrator ,"'Illustration', 'Game Design', 'Digital Art'"
RocketBrush,Studio,rocketbrush,Krasnodar,,Russian Federation,,Game Art Outsourcing,"'Illustration', 'Game Design', 'Character Design'"
Yosin ,Studio,YosinStudio,Moscow,,Russian Federation,Available for offers,,"'Game Design', 'Art Direction', 'Animation'"
Dima,Sindyaev,Sindyaev,Moscow,,Russian Federation,,Art Producer/ Looking for new opportunity in China,"'Game Design', 'Art Direction', 'Animation'"
Manh Tien,Chu,tiencm19917d75,Hanoi,,Vietnam,Freelance Artist,2D Game Artist,"'Game Design', 'Character Design', 'UI/UX'"
Klbc,Thu Phan,klbc,Barcelona,,Spain,,2D Artist | Character Designer,"'Art Direction', 'Game Design', 'Illustration'"
Patrice,Dufresne,Patrice_Dufresne,Montreal,Quebec,Canada,Ubisoft,Art Director,"'Art Direction', 'Game Design', 'Digital Art'"
Aleksandra,Moro,AleksandraMoro,Moscow,,Russian Federation,,,"'Game Design', 'Digital Art', 'Animation'"
Gleb,Polikanin,skarmanami,Minsk,,Belarus,,Game Artist,"'Game Design', 'Character Design', 'Digital Art'"
Marcel,Hampel,marcelloofb55,Damme,,Germany,Freelancer,2D Artist,"'Illustration', 'Game Design', 'Character Design'"
Sans,Zhang,sanszhang,Guangzhou,,China,Netease Games,,"'Game Design', 'UI/UX', 'Interaction Design'"
Alexander,Karpazis,alex-k,Montreal,Quebec,Canada,Ubisoft Montreal,Art Director Presentation,"'Graphic Design', 'UI/UX', 'Game Design'"
Jim,Nelson,jimnelson,Chicago,Illinois,United States,,Illustrator/Designer,"'Illustration', 'Game Design', 'Painting'"
Rafael,Lima,rafael_lima,Helsinki,,Finland,Ubisoft Redlynx,UI Artist,"'Illustration', 'Game Design', 'UI/UX'"
Pedro,Bandeira,pedrohbandeira,Manaus,,Brazil,,Game Developer,"'Illustration', 'Game Design', 'UI/UX'"
artur,ataide,arturataid0aea,Amazônia,,Brazil,Ludic,"Graphic Designer, and illustrator. ","'Illustration', 'Game Design', 'Painting'"
Luigi,Lucarelli,HelloLuigi,豊田 (Toyota),,Japan,,"Character Designer, Visual Development Artist","'Character Design', 'Art Direction', 'Game Design'"
Artem,Hodas,hodas,Minsk,,Belarus,,,"'Game Design', 'Digital Art', 'Art Direction'"
Vadim,Mirgorodsky,mirumirg12d9,Moscow,,Russian Federation,Peremirie,Interactive designer,"'Typography', 'Game Design', 'Digital Art'"
lucca,piccinini,luccapicci5756,,,Brazil,,,"'Digital Art', 'Illustration', 'Game Design'"
Jesper,ish,jesperish,Nijmegen,,Netherlands,Jesperish,Student,"'Digital Art', 'Illustration', 'Game Design'"
Gianluca,Panniello,gianlucapanniello,Barcelona,,Spain,Socialpoint,"Senior Concept artist, 2D artist, character artist, illustrator, comic artist.","'Illustration', 'Character Design', 'Game Design'"
Naya,Ura,nayaurman,Saint Petersburg,,Russian Federation,,Illustrator/2D-Artist,"'Illustration', 'Game Design', 'Digital Art'"
Lucas,Bica,lucasgabri5ed9,San Justo,,Argentina,,Programador C# Unity,"'Game Design', 'Graphic Design', 'Interior Design'"
Sarah,Webb,SWebb,Fairbanks,Alaska,United States,,Illustration & Visual Development,"'Illustration', 'Game Design', 'Digital Art'"
小乱,RANN,jiangyingr58ea,Beijing,,China,funplus,,"'Illustration', 'Game Design', 'Painting'"
Inkration,Studio,inkration,Lviv,,Ukraine,Inkration studio,Illustration & Game design,"'Illustration', 'Character Design', 'Game Design'"
Alexey,Gribov,Imanillustration,Moscow,,Russian Federation,,Painter and illustrator,"'Illustration', 'Game Design', 'Art Direction'"
Two,Dots,TheTwoDots,Strasbourg,,France,Two Dots,Creative Studio,"'Illustration', 'Advertising', 'Game Design'"
Seed,Seven,seedseven,Bordeaux,,France,TwoDots / SeedSeven,CCO / coFounder,"'Illustration', 'Advertising', 'Game Design'"
Eric,Hibbeler,erichibbeler,Kansas City,Missouri,United States,,Freelance Illustrator and Animator,"'Illustration', 'Digital Art', 'Game Design'"
BIGO,,bigo89,Londrina,,Brazil,,Illustrator/Lowpoly artist,"'Character Design', 'Game Design', 'Digital Art'"
Darius,Kalinauskas,DariusK,London,,United Kingdom,DariusK Concepts,Concept Artist,"'Digital Art', 'Game Design', 'Illustration'"
Nina,Galkina,nin553384be,Saint Petersburg,,Russian Federation,,2d artist,"'Game Design', 'Digital Art'"
Collignon,Antoine,antoinecollignon,Liège,,Belgium,,Digital artist,"'Digital Art', 'Illustration', 'Game Design'"
Skeleton in Space,(JC),skeletoninspace,Warszawa,,Poland,,"Concept Artist, Cinematic Illustrator, Art Director","'Illustration', 'Game Design', 'Film'"
Csaba,Bernáth,csababernath,Budapest,,Hungary,VUU & Cold Castle Studios,Head of Design,"'Graphic Design', 'Illustration', 'Game Design'"
Cold Castle,Studios,coldcastle,Budapest,,Hungary,,Design studio,"'Illustration', 'Graphic Design', 'Game Design'"
Rodrigo,Bellão,rodrigobellao,Campinas,,Brazil,Playkids,Ux/Ui Manager at Playkids,"'UI/UX', 'Interaction Design', 'Game Design'"
Syrena,Li,xli0172d6,Providence,Rhode Island,United States,,"illustrator, character artist, concept artist","'Digital Art', 'Illustration', 'Game Design'"
Joel,Savage,joelsavage,London,,United Kingdom,Framestore,3d modeler / texture artist,"'Digital Art', 'Game Design', 'Animation'"
Youssef,Zamani,usef123use0669,Vancouver,British Columbia,Canada,,character Designer and Concept artist ,"'Character Design', 'Game Design', 'Animation'"
Chris,Maurice,Chris_graphic,Victorville,California,United States,designoffice,2D and 3D graphic designer,"'Graphic Design', 'Game Design', 'UI/UX'"
Vanessa,Palmer,veapalm,Provo,Utah,United States,,Art Lead at BYU Games 2017,"'Illustration', 'Game Design', 'Character Design'"
Julio,Lopez,halfsteak,Barcelona,,Spain,King,Art Director ,"'Character Design', 'Illustration', 'Game Design'"
Max,Liu,CycleLiu,Beijing,,China,,,"'Illustration', 'Animation', 'Game Design'"
Sylvain,Couillet,slipouze,Paris,,France,Pretty Simple,Senior Artist 2D / Senior Animateur 2D,"'Illustration', 'Animation', 'Game Design'"
Inky,O,inky_o,Helsinki,,Finland,Freelance, Game Artist / Graphic Designer,"'Game Design', 'UI/UX', 'Art Direction'"
Playrix,Games  ,playrix,Vologda,,Russian Federation,Playrix,,"'Game Design', 'Illustration', 'Digital Art'"
Yulizavetta,Den Adel,Yulizavetta,Petrozavodsk,,Russian Federation,,2D Artist ,"'Game Design', 'Character Design', 'Illustration'"
Olga,Petrukhina,petrukhina,Kharkiv,,Ukraine,,Illustrator,"'Illustration', 'Character Design', 'Game Design'"
Hernán,Ares,hernan_ares,Vancouver,British Columbia,Canada,,Senior 3D Artist,"'Character Design', 'Illustration', 'Game Design'"
Daniel,Balzer,Balzerini,Hamburg,,Germany,,,"'Motion Graphics', 'Game Design', 'Automotive Design'"
Katarzyna,Stasiowska,dranka,Wrocław,,Poland,,"2d artist, comic artist","'Game Design', 'Cartooning', 'Character Design'"
Grant,Griffin,ggriffinart,Austin,Texas,United States,Freelance Illustratation,Illustrator ,"'Illustration', 'Digital Art', 'Game Design'"
speed,hu,speed_designer,Guangzhou,,China,Netease,,"'Web Design', 'Illustration', 'Game Design'"
Anna,Mur,Anna_Mur,Krasnodar,,Russian Federation,Plarium,2D Artist,"'Illustration', 'Game Design', 'Graphic Design'"
Alex,Twin,Alex_Twin,Kiev,,Ukraine,Available for freelance,"Concept Artist, illustrator","'Digital Art', 'Illustration', 'Game Design'"
Goggle,lin,penc,Fuzhou,,China,Goggle,Art Director&Indie Game Developer,"'Illustration', 'Game Design', 'Art Direction'"
Pavel,Pro,pashkadex,Petrozavodsk,,Russian Federation,,,"'Game Design', 'Illustration', 'Character Design'"
Ljubomir,Babić,ljubomir_babic,Novi Sad,,Serbia,,"Illustrator, comics artist, graphic designer","'Illustration', 'Character Design', 'Game Design'"
Andriy,Moroz,Feanorhate,Kyiv,,Ukraine,Junta Game Art Studio,CG Artist,"'Game Design', 'Illustration', 'UI/UX'"
KOSHIOSHI,                                        ,koshioshi,Munich,,Germany,Studio for Digital Adventures,,"'Game Design', 'UI/UX', 'Character Design'"
Fan,Chen,fanchen,Shanghai,,China,Wechat: 405209775,Industrial Designer/ Concept Design Freelancer,"'Illustration', 'Game Design', 'Character Design'"
Pascal,Beeckmans,paqwak,Montreal,Quebec,Canada,Gameloft Montréal,3D Artist,"'Digital Art', 'Illustration', 'Game Design'"
Evgeny,Viitman,EugeneViitman,Barcelona,,Spain,freelance,"2D/3D game artist, illustrator","'Character Design', 'Game Design', 'Art Direction'"
Juan,Casini,juanCasini,Buenos Aires,,Argentina,,Illustrator - Game Artist,"'Illustration', 'Character Design', 'Game Design'"
Valerio,Bellia,ValerioBellia,Rome,,Italy,,3D Artist,"'Digital Art', 'Game Design', 'Character Design'"
Hennie ,Blaauw,blablablastudios,Tas-Sliema,,Malta,Yggdrasil Gaming,Creative Director,"'Art Direction', 'Game Design', 'Digital Art'"
Dante,htj,dante-htj,Guangzhou,,China,NetEase Games,Senior UI designer,"'Game Design', 'UI/UX', 'Interaction Design'"
Kiju,Cho,soboru4860,Seoul,,"Korea, Republic of",,"graphic designer, concept designer, cartoon and illustration","'Graphic Design', 'Game Design', 'Digital Art'"
Andon,Nedev,andonnedev6a5e,Sofia,,Bulgaria,Ubisoft,Senior 3D environment artist,"'Digital Art', 'Game Design', 'Architecture'"
Whaleby,Games,whalebygames,Kharkiv,,Ukraine,WHALEBY games,,"'Illustration', 'Game Design', 'Character Design'"
Lee,Souder,lsouder,Southampton,Pennsylvania,United States,ImmersiveXR,Art Director,"'Industrial Design', 'Game Design', 'Digital Art'"
Nick,Slough,nickslough,Los Angeles,California,United States,BEHOLDER,Creative Director - Co-Owner ,"'UI/UX', 'Graphic Design', 'Game Design'"
Ian,Wall,Pixhell,Austin,Texas,United States,,"UI/UX Consultant - AAA, Mobile, VR, Game Design","'UI/UX', 'Game Design', 'Graphic Design'"
Bushra,Shaukat,bushrashaukat,Lahore,,Pakistan,Netsole,"Principle of Graphic design  , Character Designer ","'Digital Art', 'Illustration', 'Game Design'"
Juhani,Jokinen,juhanijoki4605,Helsinki,,Finland,Ubisoft,Associate Lead Concept Artist,"'Illustration', 'Digital Art', 'Game Design'"
Dashikka,•,Dashikka,Kiev,,Ukraine,,Open for your commissions,"'Character Design', 'Illustration', 'Game Design'"
Paul,Lamy de La Chapelle,paullamydelachapelle,Stockholm,,Sweden,King,Game Artist #candycrushfriends,"'Game Design', 'Character Design', 'Set Design'"
Aleksey,Bazik,Aleksey_Bazik,Novorossiysk,,Russian Federation,,,"'Illustration', 'Character Design', 'Game Design'"
Anton,Buzinenko,Buzinenko,Kiev,,Ukraine,,,"'Game Design', 'UI/UX', 'Icon Design'"
Aleksandr,Kapustiak ,Kapusto,New York,New York,United States,,"2D Artist/Animator, UI designer, Freelancer","'Game Design', 'Character Design', 'Digital Art'"
WOW-HOW,Studio,wow-how,Kharkiv,,Ukraine,WOW-HOW Studio,Digital studio,"'Illustration', 'Character Design', 'Game Design'"
Anton,Lubich,antonlubich,Amur,,Russian Federation,,Freelance illustrator,"'Character Design', 'Illustration', 'Game Design'"
julian,You,julianyou,Paris,,France,,"Concept artist, Layout, storyboard, visual development","'Illustration', 'Art Direction', 'Game Design'"
Jan,Sanejko,jansanejko,Warsaw,,Poland,,"Composer, Arranger, Pianist","'Music', 'Film', 'Game Design'"
Wojciech,C,wojciechcala1335,,,Poland,,,"'Graphic Design', 'Game Design', 'Engineering'"
Joana,Correia,joanacorreiatype,Porto,,Portugal,Nova Type Foundry,Type Designer,"'Typography', 'Graphic Design', 'Game Design'"
Vince,Ruz,vinceruz,Singapore,,Singapore,,Graphic Designer,"'Illustration', 'Digital Art', 'Game Design'"
风华,钟,zhongfenghua,Xiamen,,China,中国厦门艺数绘CG原画,艺术插画设计师,"'Game Design', 'Illustration', 'Painting'"
Adrian,Marin,AdrianMarin,Slatina,,Romania,,Freelancer,"'Graphic Design', 'Game Design', 'Branding'"
Cameron ,Smith ,cameronksm83f8,Gilbert,Arizona,United States,,3D design and CAD,"'Sculpting', 'Game Design', 'Character Design'"
Minji,Choi,chlalswl92d80e,Seoul,,"Korea, Republic of",,"캐릭터디자이너, 그래픽디자이너","'Graphic Design', 'Character Design', 'Game Design'"
Dmitryi,Molchanoff,PhilWayne,Minsk,,Belarus,,Art Lead,"'Game Design', 'Digital Art', 'Art Direction'"
Ilya,Baydakov,Mist_des,Minsk,,Belarus,,2D artist,"'Game Design', 'Illustration', 'Character Design'"
Aleksandr,Buzanovskiu,pikslx7af0f,Minsk,,Belarus,BPmobile,Artist 2D_3D,"'Game Design', 'Art Direction', 'Digital Art'"
Marina,Gulikova,marinagulikova,Kharkiv,,Ukraine,WHALEBYGAMES,Illustrator,"'Game Design', 'Character Design', 'Cartooning'"
Cherrypick,Games,cherrypickgames,Warsaw,,Poland,,,"'Illustration', 'Game Design', 'UI/UX'"
Alexey,Testov,biuzer234a,Vilnius,,Lithuania,Hidden Layer Games,,"'Motion Graphics', 'Graphic Design', 'Game Design'"
David,Voltner,DavidVoltner,Zlín,,Czech Republic,AFAD - Bratislava,Student,"'Automotive Design', 'Industrial Design', 'Game Design'"
Nir,Koshet Levi,Nio3d,Haifa,,Israel,,Cg Generalist,"'Digital Art', 'Visual Effects', 'Game Design'"
Michael,Katz,michaelkva0a67,Kiev,,Ukraine,Method Education,Founder and CEO,"'Game Design', 'Character Design', 'Animation'"
Bruno,de Araujo,brunodearaujo,Vancouver,British Columbia,Canada,,Technical Artist & Game Developer,"'Game Design', 'Architecture', 'Product Design'"
Marina,Roos Guthmann,ninaroos,Porto Alegre,,Brazil,,Visual Designer and Illustrator Freelancer,"'Graphic Design', 'Illustration', 'Game Design'"
Monsieur,Dupont,monsieurdupont,Paris,,France,,Illustrator,"'Illustration', 'Digital Art', 'Game Design'"
George,K.,e117art,Minsk,,Belarus,Glu Mobile,Art Lead,"'Game Design', 'UI/UX', 'Art Direction'"
Muhammad,Arifin,MUHAMMADARIFIN,Batu Pahat,,Malaysia,"Sultan Idris Education University, MY",Student Of Bach. Design (Advertising) Hons.,"'Advertising', 'Game Design', 'Art Direction'"
Patrycja,Bączek,patrycjabaczek,Wrocław,,Poland,,Freelancer,"'Digital Art', 'Game Design', 'Graphic Design'"
Milica,Anđelković,milicaandjelkovic,Pancevo,,Serbia,,Game artist,"'Illustration', 'Game Design', 'Character Design'"
Ndoll,Tran,ndolltran,Ho Chi Minh City,,Vietnam,freelancer,"illustrator,designer","'Illustration', 'Digital Art', 'Game Design'"
Marta,Klachuk,MartiNNi,Lutsk,,Ukraine,,2D Artist • Game Artist • Character Designer  •Concept artist • Illustrator • FreeLancer,"'Illustration', 'Game Design', 'Character Design'"
Gonzalo,Vazquez,gonvazquez,Barcelona,,Spain,Bee Square games,Senior UX / UI Artist,"'UI/UX', 'Graphic Design', 'Game Design'"
Lena,Guberman,lenaguberman,Kiryat Ono,,Israel,,Illustrator & Game Artist ,"'Illustration', 'Character Design', 'Game Design'"
Jose,Vega,artofjosevega,Bayamón,,Puerto Rico,Art of Jose Vega,Freelance illustrator Concept Designer,"'Illustration', 'Game Design', 'Digital Art'"
Sergey,Kolesov,pelengart,Lyon,,France,Arkane Studios,Senior concept artist,"'Digital Art', 'Illustration', 'Game Design'"
Sir,Carma,sircarma,Vancouver,British Columbia,Canada,Brace Yourself Games,Voxel art designer,"'Graphic Design', 'Game Design', 'Illustration'"
Vsevolod,Slavutych,Sewa,Kiev,,Ukraine,,,"'Game Design', 'Illustration', 'Character Design'"
Ludvik,Koutny,rawalanche1e5e,Prague,,Czech Republic,Freelancer,3D Generalist,"'Digital Art', 'Visual Effects', 'Game Design'"
沛初,柯,wayin1987113,Taipei,,Taiwan,簡訊設計行銷有限公司,,"'Motion Graphics', 'Illustration', 'Game Design'"
yao,yao,yao-yao,Shenzhen,,China,,Designer,"'Game Design', 'Character Design', 'Art Direction'"
Social,Quantum,socialquantum,Moscow,,Russian Federation,,,"'Illustration', 'Game Design', 'Digital Art'"
Viktor,Apanasovič,iijjiijjii3d8e,Minsk,,Belarus,,CG Artist,"'Illustration', 'Game Design', 'Character Design'"
Julia,Boyko,Jubooo,Luhansk,,Ukraine,,"graphic designer, 2d artist","'Illustration', 'Graphic Design', 'Game Design'"
Aleksandr,Novoselov,AleksandrNovoselov,Minsk,,Belarus,Fortunatum,Art Director,"'Game Design', 'Graphic Design', 'Icon Design'"
Petr,Kollarcik,PeterKoll,Prague,,Czech Republic,,Graphic Designer / Illustrator / 3D artist,"'Illustration', 'Graphic Design', 'Game Design'"
Mike,Stafleu,mstafleuf0bb,Eindhoven,,Netherlands,Me myself and I,Game Artist & Illustrator,"'Game Design', 'Illustration', 'Animation'"
Yuan,Liu,liuyuan,Shenzhen,,China,,illustrator  ' designer,"'Illustration', 'Painting', 'Game Design'"
Martina Ginevra,Albano,martinaginevralbano,Lucca,,Italy,,Industrial Designer,"'Graphic Design', 'Typography', 'Game Design'"
Tsar,spb,Tsar_spb,Saint Petersburg,,Russian Federation,,,"'Illustration', 'Game Design', 'Character Design'"
Romain,Flamand,romainflamand,Paris,,France,freelancer,Concept artist illustrator,"'Illustration', 'Digital Art', 'Game Design'"
Eve,Kostorz,deaddaisy,Katowice,,Poland,,Freelance Graphic Artist,"'Illustration', 'Game Design', 'Cartooning'"
Mary,Sitnikova,s-m-art,Odessa,,Ukraine,Eipix,"2D Art Lead, freelancer","'Game Design', 'Digital Art', 'Art Direction'"
Guilherme,Rabello,rabellogp,São Carlos,,Brazil,Sureale,Researcher,"'Architecture', 'Game Design', 'Digital Art'"
Felix,Vorbeck,felixvorbe51d3,,,Germany,HalloBasis GbR,,"'Interaction Design', 'Game Design', 'Exhibition Design'"
Max,Dmytriv,MaxDmytriv,Lviv,,Ukraine,,"UI Design, 2D Art","'Illustration', 'Character Design', 'Game Design'"
Evgeny,Khe,EvgeniyKhe,Saint Petersburg,,Russian Federation,,2D artist,"'Game Design', 'Digital Art', 'Drawing'"
Nikita,Pilyukshin,nikitap,Saint Petersburg,,Russian Federation,,,"'Digital Art', 'Retouching', 'Game Design'"
Bex,Green,3ex,Helsinki,,United Kingdom,Freelance,Game Artist / illustrator,"'Illustration', 'Game Design', 'Digital Art'"
Rafał,Urbański,rafalurbanski,Sandomierz,,Poland,,,"'Graphic Design', 'Game Design', 'Digital Art'"
CT,31,CT31,Flying Fish Cove,,Christmas Island,,,"'Industrial Design', 'Game Design', 'Automotive Design'"
Rogie,Custodio,RogieCustodio,London,,United Kingdom,Gram Games,Senior Game Artist,"'Illustration', 'Digital Art', 'Game Design'"
Lucas,Velek,lucasvelekcf02,,,Argentina,,,"'Game Design', 'Illustration', 'Animation'"
Fede,Puopolo,fedepuopolo,Rosario,,Argentina,Self-employed,VFX Artist - Animator - Motion Designer,"'Animation', 'Motion Graphics', 'Game Design'"
Oleksandr,Dotsenko,LastPhoeniX,Kiev,,Ukraine,,3D Artist,"'Game Design', 'Illustration', 'Graphic Design'"
Jason,de Villiers,applejamjuice,Cape Town,,South Africa,jasondevilliers.co.za,Illustrator & Designer,"'Illustration', 'Graphic Design', 'Game Design'"
-,OWO -,Avdeeva_DD,Kharkiv,,Ukraine,,"Illustrator, designer, freelancer.","'Illustration', 'Character Design', 'Game Design'"
Roman ,Gonzo ,Blastbit,Kharkiv,,Ukraine,Roman Gonzo,"Pixel art, Low poly, animation","'Illustration', 'Game Design', 'Character Design'"
Kim,Smith,KimDraws,Calgary,Alberta,Canada,,Illustrator,"'Illustration', 'Digital Art', 'Game Design'"
Marnix,Rekkers,marnixrekkers,Den Bosch,,Netherlands,Impeller studios,Concept artist,"'Art Direction', 'Industrial Design', 'Game Design'"
 ᵐ ᶦ ᶜ ʰ ᵅ ᵉ ᶫ  ,★ ᵐ ᵉ ᶰ ᶻ ᵉ ᶫ ᶦ ᶰ ᶜ ᵉ ᶠ   ,Menzelincef,Moscow,,Russian Federation,,"Art director, concept designer","'Illustration', 'Character Design', 'Game Design'"
Oliver,Popp,OliverPopp,Berlin,,Germany,,Illustrator,"'Illustration', 'Game Design', 'Digital Art'"
Алексей,Крапивин,alek-travk78cf,Краснодар,,Russian Federation,,"Дизайнер, иллюстратор","'Game Design', 'Illustration', 'Graphic Design'"
Kyle,Bromley,kylebromley,Denver,Colorado,United States,Illfonic,Environment Artist,"'Game Design', 'Digital Art'"
Emerson,Tung,emersontung,Richardson,Texas,United States,id Software,,"'Illustration', 'Character Design', 'Game Design'"
PLAY,IGO,09percent,Tokyo,,Japan,,,"'Product Design', 'Jewelry Design', 'Game Design'"
Josh 'Badger',Atack,badgerillub8eb,London,,United Kingdom,Self Employed,Concept Design and Art Direction,"'Art Direction', 'Game Design', 'Illustration'"
Toma,Naguliak,Tomato_Jones,Warsaw,,Poland,ilogos,2D artist,"'Illustration', 'Game Design', 'Character Design'"
Gerald,Guerlais,geraldguerlais,Paris,,France,Freelance,Illustrator,"'Illustration', 'Animation', 'Game Design'"
Isaac,Jadraque,IsaacJadraque,Madrid,,Spain,, Character Designer/ Illustrator,"'Illustration', 'Sculpting', 'Game Design'"
Vladimir,Lis,Lisik13f8db,Vitebsk,,Belarus,,2D artist / 3d artist,"'Illustration', 'Graphic Design', 'Game Design'"
Ryo,Agarie,mukoke9da1,Okinawa,,Japan,Nyamyam,Game Creator + Art Director ,"'Art Direction', 'Game Design', 'Digital Art'"
Margarita,Ryugina,linvorm,Petrozavodsk,,Russian Federation,,2D artist,"'Game Design', 'Digital Art', 'Illustration'"
Yomna,Ezz,yomnaezz,Alexandria,,Egypt,,"Graphic design, 2D and 3D artist","'Graphic Design', 'Advertising', 'Game Design'"
Majaz,Studio,majaz,Alexandria,,Egypt,Majaz,Art Studio,"'Digital Art', 'Cartooning', 'Game Design'"
Esraa,Magdy,esraamagdy90,Alexandria,,Egypt,,"3d modelling , illustrator , photoshop","'Game Design', 'Digital Art', 'Cartooning'"
suzan,alaa,suzanalaa,Alexandria,,Egypt,,,"'Digital Art', 'Cartooning', 'Game Design'"
Jet,Alcaraz,jackelberri,Barcelona,,Spain,,Illustrator & Graphic designer,"'Illustration', 'Game Design', 'Character Design'"
Sasha,Vishnevsky,vishnevsk,Kharkiv,,Ukraine,I admire indie games,2D/3D Designer,"'Illustration', 'Game Design', 'Graphic Design'"
Andrey,Mits,andrey_mits,Kharkiv,,Ukraine,,"Game Artist, Illustrator, UI designer","'Illustration', 'Digital Art', 'Game Design'"
Nara,Silva,naraosga,Helsinki,,Finland,Redlynx / Ubisoft,UI Artist,"'UI/UX', 'Game Design', 'Illustration'"
Salasius,Nguyen Dan,salasius,Ho Chi Minh City,,Vietnam,,,"'Illustration', 'Cartooning', 'Game Design'"
Evgeniy,Yudin,mazokpixels,Moscow,,Russian Federation,,Pixel Artist,"'Art Direction', 'Illustration', 'Game Design'"
Nicolas,Mazuis,NicolasMazuis,Namur,,Belgium,,Junior Modeling-Texturing Artist,"'Set Design', 'Information Architecture', 'Game Design'"
Karol,Miklas,kmiklas,Warsaw,,Poland,Freelancer,3D Vehicle Artist,"'Automotive Design', 'Game Design', 'Digital Art'"
Alexey,Kuzmichev,Kuzmichev,Kyiv,,Ukraine,,"Concept artist, 2d Artist, Illustrator","'Character Design', 'Game Design', 'Illustration'"
Fabrizio,Cristo,fabriziocristo,Lisbon,,Portugal,,Art Director,"'Art Direction', 'Advertising', 'Game Design'"
Marina,Oman,omanmarina02a5,Kiev,,Ukraine,,"artist, 2d artist","'Digital Art', 'Game Design', 'Illustration'"
Haby ∞,Studio,haby_studio,New York,New York,United States,,Illustration & Graphic Design,"'Illustration', 'Game Design', 'Character Design'"
Eni,Simonyi,simonyieni,Budapest,,Hungary,,freelance illustrator,"'Illustration', 'Digital Art', 'Game Design'"
Vincent,Tsui,vincenttsui,Paris,,France,,Drawer (not the furniture kind),"'Illustration', 'Animation', 'Game Design'"
Christian,Lindemann,Lindedesign,Burgdorf,,Germany,Lindedesign,Illustrator/Graphic designer,"'Illustration', 'Game Design', 'Fashion'"
Эдуард,Шляхтин,eduard-shlfee7,,,Ukraine,,,"'Illustration', 'Game Design', 'Fine Arts'"
Marianne,Vincent,mariannevincent,Montreal,Quebec,Canada,MinoGames,2D / UI Artist ,"'Illustration', 'Digital Art', 'Game Design'"
Roman,Makarenko,romale,Kiev,,Ukraine,,Digital artist,"'Digital Art', 'Illustration', 'Game Design'"
Ryan,Teo,ryanteoillustrates,Singapore,,Singapore,,Freelancer,"'Painting', 'Character Design', 'Game Design'"
Max,Varetsa,Max_Varetsa,Kharkiv,,Ukraine,Freelance 2d artist,,"'Illustration', 'Digital Art', 'Game Design'"
Vicktor,Zakharchenko,zakharchenka6d99,Mykolaiv,,Ukraine,Self employed,Freelance Illustrator & Concept Artist,"'Illustration', 'Digital Art', 'Game Design'"
Grace,Cheung,gracecheungart,Basking Ridge,New Jersey,United States,,,"'Illustration', 'Game Design', 'Drawing'"
Maicol,Vera,maicolvera,Bogotá,,Colombia,VML,Art Director,"'Web Design', 'Digital Art', 'Game Design'"
Thomas,Guillon,thomasguillon,Taipei,,Taiwan,Available for freelance work,Senior 3D/2D artist,"'Game Design', 'Art Direction', 'Graphic Design'"
takbeom,Heogh,takbeom,Seoul,,"Korea, Republic of",Adacio,Freelance Concept designer,"'Industrial Design', 'Automotive Design', 'Game Design'"
Melanie,Desgagne,MelDesgagne,Santa Monica,California,United States,@Riot Games,Art Lead ,"'Graphic Design', 'UI/UX', 'Game Design'"
Yaroslav,Druzhinin,ya_dr,Saint Petersburg,,Russian Federation,,Freelance CG Artist,"'Digital Art', 'Illustration', 'Game Design'"
Javier,Rodríguez,javidaguez3116,Las Vegas,Nevada,United States,Hire me!,,"'Graphic Design', 'Game Design', 'UI/UX'"
Gareth,Christmann-Brown,garethcbrown,London,,United Kingdom,King,Game Artist,"'Game Design', 'Character Design', 'Digital Art'"
J Supason,Napasawangwong,jsuposon,Bangkok,,Thailand,,Motion Graphic Designer,"'Illustration', 'Game Design', 'Character Design'"
Pavel,Pavaks,pavaks,Minsk,,Belarus,Freelance,3D modeller|VFX,"'Art Direction', 'Game Design', 'Automotive Design'"
Olga,Andreyeva,olgaandreyeva,New York,New York,United States,,Illustrator,"'Illustration', 'Digital Art', 'Game Design'"
DrawCoin,Creative,drawcoincr66d2,Minsk,,Belarus,DrawCoin Creative Studio,Game Art | Illustration,"'Game Design', 'Digital Art', 'Illustration'"
Dorzhgotov,Bum-Erdenehiyn,dorzhgotov,Minsk,,Belarus,DrawCoin Creative,Concept Artist ,"'Game Design', 'Illustration', 'Digital Art'"
Anna,Turkova,enyelka,Moscow,,Russian Federation,,Game Artist ,"'Digital Art', 'Game Design', 'Character Design'"
El,Pasca,pasca,Bogotá,,Colombia,Freelance,Illustrator / UI Designer at,"'Illustration', 'Game Design', 'Character Design'"
Oleg,Beresnev,oleg-beresnev,Prague,,Czech Republic,Beresnev.design,Founder / CEO,"'Illustration', 'Graphic Design', 'Game Design'"
Iva,Butkovic,IvaButkovic,Zagreb,,Croatia,Nanobit,Art Director,"'Illustration', 'Game Design', 'Character Design'"
Harvey,Newman,harveynewman,Horsham,,United Kingdom,,Senior Character Animator,"'Animation', 'Computer Animation', 'Game Design'"
Kuba,Jamiol,jakubjamiol891b,Warsaw,,Poland,,"illustrator 2d, animator 2d","'Illustration', 'Game Design', 'Character Design'"
Nastasia,Krayniuk,nastasiakrayniuk,Kiev,,Ukraine,4FGames,2D lead-artist,"'Game Design', 'Illustration', 'Character Design'"
Pablo,Kujman,pablokujman,Mar del Plata,,Argentina,Cuádrica ,3d artist,"'Digital Art', 'Architecture', 'Game Design'"
Matt,Sanz,MattSanz,Cardiff,,United Kingdom,,Game Artist/ Illustrator,"'Illustration', 'Game Design', 'Art Direction'"
Vyacheslav,Borovik,borovikmotion,Saint Petersburg,,Russian Federation,,Spine 2D / 3D Animator,"'Computer Animation', 'Game Design', 'Motion Graphics'"
theart,group,the-art-group,Melbourne,,Australia,,,"'Game Design', 'Graphic Design', 'Fine Arts'"
Sergei,Usatov,usatovs,Krasnodar,,Russian Federation,,,"'Illustration', 'Game Design', 'Digital Art'"
Thong,Le,weaponix,Christiansburg,Virginia,United States,,Illustrator / Graphic Designer,"'Art Direction', 'Graphic Design', 'Game Design'"
Michael,Hammond,michael_hammond,Madison,Wisconsin,United States,Trek Bicycles,Product Design Manager at Trek Bicycles,"'Industrial Design', 'Product Design', 'Game Design'"
Nik,Zbyranyk,Nicolay_Z,Seattle,Washington,United States,"Supernova,Tatem games,Nika entertainment","2d artist,production artist,concept artist,lead artist","'Illustration', 'Digital Art', 'Game Design'"
Paul,Chambers,furiouschaw,Helsinki,,Finland,Supercell,Game Artist,"'Art Direction', 'Game Design', 'Illustration'"
bruno,,b-r-u-n-o,Venice,,Italy,,,"'Graphic Design', 'Illustration', 'Game Design'"
Rico,Kersten,digitalpassion,Berlin,,Germany,,Web Designer,"'Digital Art', 'Automotive Design', 'Game Design'"
CTDL,Games,hello5f73,Poznań,,Poland,CTDL Games,,"'Interaction Design', 'Graphic Design', 'Game Design'"
Alina,Yermachonak,alina_yer,Minsk,,Belarus,,2D artist,"'Game Design', 'Digital Art', 'Character Design'"
Przemyslaw,kry,regnar3712,Krakow,,Poland,,Graphic Designer,"'Digital Art', 'Illustration', 'Game Design'"
Serge,Samsonov,SamsonovS,Moscow,,Russian Federation,Mail group,concept artist,"'Character Design', 'Digital Art', 'Game Design'"
Lotos,Gaming,lotosgaming,Frankfurt am Main,,Germany,Lotosgaming,Game Development,"'Game Design', 'Illustration', 'Graphic Design'"
HY,JUN,florjun,Seoul,,"Korea, Republic of",unemployed,Senior Artist,"'Game Design', 'Digital Art', 'UI/UX'"
Javi,Sanz,javisanz,Barcelona,,Spain,RAVALMATIC,Art director and illustrator,"'Game Design', 'Illustration', 'Character Design'"
Andrew,Krasnopolsky,krasnopolsky,Odessa,,Ukraine,Geeky Raccoons,"Artist, game designer","'Character Design', 'Illustration', 'Game Design'"
Tiago,Tex Pine,texpine,Montreal,Quebec,Canada,Tex Pine,Data Analyst & Game Designer,"'Game Design', 'UI/UX', 'Product Design'"
Bernard,Graham,BernardGraham,Rio de Janeiro,,Brazil,,,'Game Design'
Alexander,Kostevski,Agnose,Krakow,,Poland,,Graphic UI/UX Artist,"'UI/UX', 'Illustration', 'Game Design'"
Noe,Rivera,NoeRivera,Barcelona,,Spain,,UI/UX Artist,"'Game Design', 'Illustration', 'UI/UX'"
Ufuk,CAN,ufukcan,Bodrum,,Turkey,,,"'Illustration', 'Character Design', 'Game Design'"
Sylvain,sotot,Arhone,Paris,,France,Novaquark,Senior UX - UI designer / Lead artist,"'Art Direction', 'UI/UX', 'Game Design'"
Brian,Ferrara,brianferrara,Novato,California,United States,Terminal Press,Founder,"'Creative Direction', 'Game Design', 'Writing'"
Wes,Parker,DrySocket,Plano,Texas,United States,,Character Artist,"'Digital Art', 'Sculpting', 'Game Design'"
Kevin,Wind,KevinWind,Minneapolis,Minnesota,United States,FRWD Co.,Design + Illustration,"'Illustration', 'Animation', 'Game Design'"
Brett,Stebbins,brettstebbins,Palm Bay,Florida,United States,,Professional Illustrator,"'Digital Art', 'Illustration', 'Game Design'"
Vinh,Tuấn,leowalker,Hanoi,,Vietnam,Sixth Gear Studios,Senior 2d Artist,"'Character Design', 'Game Design', 'Cartooning'"
ChangYuan,Jou,ChangYuanJou,Taipei,,Taiwan,,Illustration / Concept Design,"'Game Design', 'Digital Art', 'Illustration'"
Sergio,Fornasieri,sergio_fornasieri,London,,United Kingdom,,3D Generalist TD | Motion Graphics,"'Computer Animation', 'Game Design', 'Cinematography'"
flee,wortep,fleewortep,Helsinki,,Finland,fleewortep,animation artist,"'Animation', 'Illustration', 'Game Design'"
aditya,bayu,adityabayu,Bandung,,Indonesia,,"UI/UX designer, Illustrator","'Illustration', 'Pattern Design', 'Game Design'"
Alex,Gurinenko,alex_gurinenko,Kiev,,Ukraine,StreamTech Ltd.,CPO & Co-Founder,"'Game Design', 'Character Design', 'Animation'"
Vladimir,Terentyev,vladimirT,Moscow,,Russian Federation,,Разработчик,"'Programming', 'Animation', 'Game Design'"
Kato,Choogoonkina,choogoonkina,Moscow,,Russian Federation,Rambler&Co,illustrator,"'Illustration', 'Digital Art', 'Game Design'"
Mateusz,Mazurek,mateuszmazurek,Aalborg,,Denmark,founder of dsgnrt.net & mana studio,,"'Architecture', 'Painting', 'Game Design'"
Taras,Kobliuk,kobliuk,Kiev,,Ukraine,,Senior 2D artist,"'Game Design', 'Character Design', 'Digital Art'"
Rodrigo,Sant'Ana,rodrigosantana3d,São Paulo,,Brazil,,Graphic Designer,"'Digital Art', 'Graphic Design', 'Game Design'"
Radek,Stepan,batsi22,Plzeň,,Czech Republic,,Designer,"'Industrial Design', 'Game Design', 'Automotive Design'"
Olga ,Kraljevic,olgakraljevic,Belgrade,,Serbia,Qube studio,Illustrator/Graphic Designer,"'Digital Art', 'Game Design', 'Web Design'"
Gurmukh,Bhasin,gurmukh,Los Angeles,California,United States,Gurmukh Concept Design,Concept Artist,"'Digital Art', 'Game Design', 'Architecture'"
Francesca,De Vivo,FrancescaDeVivo,Rome,,Italy,,"Illustrator, Game Artist, Designer","'Illustration', 'Game Design', 'Digital Art'"
Hayk,Gharibyan,hayk_gh,Gyumri,,Armenia,Gyumri Technology Center,"VFX & CG Artist, Motion & Graphic Designer, Matte Painter, Photographer","'Motion Graphics', 'Visual Effects', 'Game Design'"
Evgeniy,Ognarev,ognarev,Dnipropetrovsk,,Ukraine,,2D Artist,"'Game Design', 'Illustration', 'Character Design'"
FROM PARIS,entertainment,bekko,Paris,,France,Bekko,"Art Director, Illustrator & Character Designer, game...","'Game Design', 'Character Design'"
Alex,小狼,acrossthestars,Fuzhou,,China,IGG,Senior Level Artist,"'Digital Art', 'Game Design', 'Industrial Design'"
YeonHee,Jang,YeonheeJang,Ulsan,,"Korea, Republic of",x,"Student, hongik uinver, ","'Industrial Design', 'Product Design', 'Game Design'"
Maurício,Juliano dos Santos,mauricioj,Feira de Santana,,Brazil,,"Interaction Designer, Graphic Designer, Game Designer","'Game Design', 'Graphic Design', 'Animation'"
prussian,choi,cheeeun7,Seoul,,"Korea, Republic of",,,"'Game Design', 'Digital Art', 'Graphic Design'"
Paulina,Polakova,paulina_polakova,Bratislava,,Slovakia,,"Environment Artist, 2D/3D Artist","'Game Design', 'Digital Art', 'Landscape Design'"
chau,kk,Chaukk,Hanoi,,Vietnam,,,"'Game Design', 'UI/UX', 'Illustration'"
Mike,Schley,mikeschley,Philadelphia,Pennsylvania,United States,Mike Schley Illustration & Design,Artist,"'Illustration', 'Digital Art', 'Game Design'"
Igor,Glushchenko,555igor170586,Krasnodar,,Russian Federation,555igor170586,"Game Art, 2d Flash animator, illustrator, игровой арт, 2d аниматор, иллюстратор","'Illustration', 'Character Design', 'Game Design'"
Thomas,Parrott,tparrott,Chichester,,United Kingdom,,"Art, Graphic Design & Games Design","'Digital Art', 'Game Design', 'Illustration'"
Ezra Lee,Arellano,ezralee,Toronto,Ontario,Canada,,"Digital Artist, Graphic Designer","'Digital Art', 'Game Design', 'Character Design'"
Eric,Mallais,EricMallais,Moncton,New Brunswick,Canada,,,"'Game Design', 'Graphic Design', 'Digital Art'"
ZEEN,GIN,Ginzeen,Wuhu,,China,,,'Game Design'
Qing,Wang,2649400363519c,Nanjing,,China,,,'Game Design'
Luoqiong,Shi,609566704ce04,,,China,,,'Game Design'
Takeshi,Oyama,tkoyama,São Paulo,,Brazil,,Game developer and freelance graphic designer,"'Graphic Design', 'Character Design', 'Game Design'"
the DIOTOYS, - a piece of childhood,diotoys,Budapest,,Hungary,,,"'Toy Design', 'Product Design', 'Game Design'"
Spellworks (Slot Artist) ,Sean,spellworks,Penang Island,,Malaysia,"Game design , ，slot design","Animator , Illustrator , slot Artist","'Character Design', 'Illustration', 'Game Design'"
Diana,Anghel,dianaanghel,Bucharest,,Romania,,UI/UX Designer,"'UI/UX', 'Icon Design', 'Game Design'"
Rosie,Cole,rosieposieolie,Detroit,Michigan,United States,,Student,"'Computer Animation', 'Sculpting', 'Game Design'"
Alexandre,Imbert,alexandreimbert,Paris,,France,Pinpin Team,Art Director,"'Illustration', 'Character Design', 'Game Design'"
Douglas,Kalberg,Stude,Gothenburg,,Sweden,,Artist 2D/3D,"'Digital Art', 'Game Design', 'Character Design'"
Tales,Macedo silva,talez01,Carapicuíba,,Brazil,,freelance illustrator,"'Illustration', 'Character Design', 'Game Design'"
Ovidiu,Tomoiag,tomoiagovidiu,Cluj-Napoca,,Romania,,,"'Art Direction', 'Illustration', 'Game Design'"
Hannah,McGill,HannahMcGillVectors,Berkeley,California,United States,,Illustrator,"'Illustration', 'Game Design', 'Character Design'"
Tatyana,Adzhaliyska,tatianaAdz,Plovdiv,,Bulgaria,,graphic designer,"'Digital Art', 'Graphic Design', 'Game Design'"
Silvio,Valinhos,silviovalinhos,São Paulo,,Brazil,TFG,Lead Technical Artist,"'Digital Art', 'Illustration', 'Game Design'"
Sasha,Vladyko,SashaVladyko,Homel,,Belarus,,"Graphic designer, UI/UX, 2d","'Graphic Design', 'Game Design', 'Illustration'"
Pavel,Aksionau,PavelSaval,Minsk,,Belarus,,Animator / Illustrator Motion Designer,"'Animation', 'Computer Animation', 'Game Design'"
alex,,alexpixel,Moscow,,Russian Federation,,illustrator,"'Illustration', 'Digital Art', 'Game Design'"
Noir Noir,SHIH,sallysaken,Taipei,,Taiwan,Freelance,illustrator,"'Illustration', 'Game Design', 'Digital Art'"
Mikhail,Pigichka,MikhailPigichka,Berlin,,Germany,Wooga GmbH,Senior UI Artist,"'Game Design', 'UI/UX', 'Art Direction'"
Sergiy,Rykin,serg_3D_artist,Forchheim,,Germany,,,"'Game Design', 'Digital Art', 'Digital Imaging'"
Anthony,Maitz,anthonymaitz,San Francisco,California,United States,,,"'Interaction Design', 'Game Design', 'Programming'"
Bronwyn,Burns,bronwyn,San Francisco,California,United States,the playsets team,Lead Artist,"'Digital Art', 'Art Direction', 'Game Design'"
Igor,Kambarov,wearerock,Moscow,,Russian Federation,,,"'Motion Graphics', 'Game Design', 'Film'"
Ivan,Anufriev,ivananufriev3dc0,Saint Petersburg,,Russian Federation,,,"'Character Design', 'Illustration', 'Game Design'"
Slotopaint,- Game Design,slotopaint,Montreal,Quebec,Canada,Slotopaint,"Art director, Illustrator at","'Graphic Design', 'Game Design', 'Digital Art'"
Lionel,Zajdweber,lionelza,Buenos Aires,,Argentina,,,'Game Design'
Caroline,Hirbec,carohirbec,Paris,,France,,Graphiste Illustrator,"'Illustration', 'Game Design', 'Digital Art'"
Robert,Berrier,robertberrier,Utrecht,,Netherlands,High Priority - Game Art (Owner),Sr. Freelance 3D Artist,"'Game Design', 'Digital Art', 'Interior Design'"
Andrew,Perkins,andrew_perkins,San Francisco,California,United States,Fire Road,Industrial Designer,"'Industrial Design', 'Product Design', 'Game Design'"
Ruben,Balasanyan,balrubo,Mexico Distrito Federal,,Mexico,chundos studio,Creative Director,"'Art Direction', 'Game Design', 'Character Design'"
Елена,Семенко,elensemenko,Kiev,,Ukraine,,,"'Game Design', 'Graphic Design', 'Character Design'"
Stan,Loiseaux,StanLoiseaux,Ghent,,Belgium,Pajama Llama Games,2D/3D Artist,"'Digital Art', 'Game Design', 'Art Direction'"
Artiom,Vladimir,artiom-vladimir,Chișinău,,"Moldova, Republic of",,Web-designer,"'Graphic Design', 'Art Direction', 'Game Design'"
MOHAMED,HANAFY,HANAFY,Alexandria,,Egypt,,,"'Cartooning', 'Game Design', 'Character Design'"
Sarah,Marei,sarahmarei,Alexandria,,Egypt,,,"'Cartooning', 'Game Design', 'Digital Art'"
Bruno,Malta de La Plata,brunomdlp,Helsinki,,Finland,EA (Electronic Arts) Helsinki,3D Artist ,"'Digital Art', 'Character Design', 'Game Design'"
Zuzana,Bubenová,deardrake,Espoo,,Finland,https://sketchfab.com/deardrake,3D Artist,"'Digital Art', 'Character Design', 'Game Design'"
Fgfactory, ,fgfactory,Kharkiv,,Ukraine,Fgfactory,,"'Game Design', 'Character Design', 'Illustration'"
Daniel,Garcia,danielg,Berlin,,Germany,,Producer,"'Production', 'Game Design', 'Writing'"
First Post Studios,,firstpost,San Diego,California,United States,First Post,,"'Game Design', 'Animation', 'Art Direction'"
Valeriia,Pechegina,Gouttelette,Rostov-on-Don,,Russian Federation,,2D artist,"'Game Design', 'Illustration', 'Character Design'"
Pavel,Novák,darkfejzr,Zlín,,Czech Republic,darkfejzr,Pavel Novák,"'Illustration', 'Game Design', 'UI/UX'"
FUEL ENTERTAINMENT - Ryan Valley,,ryanvalley,Ottawa,Ontario,Canada,Fuel Entertainment,,"'Animation', 'Game Design', 'Video Game Design'"
Sam,Gelua,lires,Marikina,,Philippines,,"Freelance Illustrator, Digital Artist","'Illustration', 'Digital Art', 'Game Design'"
Noobware,,noobware,Madrid,,Spain,Noobware SL,,"'Game Design', 'Illustration', 'Performing Arts'"
Alevtina,Shavlach,alevtinashavlach,Kiev,,Ukraine,,Illustrator,"'Illustration', 'Character Design', 'Game Design'"
Max,Ivlev,EvilMax,Nizhny Novgorod,,Russian Federation,,,"'Animation', 'Motion Graphics', 'Game Design'"
Jan,Ditlev,JANDITLEV,Copenhagen,,Denmark,,Concept artist & Art Director ,"'Digital Art', 'Art Direction', 'Game Design'"
Zhiyong,Li,L_Z_Y,Shenzhen,,China,,Tramp,"'Illustration', 'Game Design', 'Digital Art'"
Purple Tree,Studio,purpletreestudio,Buenos Aires,,Argentina,Purple Tree,,"'Graphic Design', 'Game Design', 'Animation'"
Meredith,Moriarty,kidfantastic,Philadelphia,Pennsylvania,United States,,,"'Illustration', 'Cartooning', 'Game Design'"
Nando,Guimaraes,nandoguimaraes,Florianópolis,,Brazil,Cat Nigiri,"UI, UX & Game Designer","'UI/UX', 'Interaction Design', 'Game Design'"
Drawkman,Drawk,drawkman,Bangkok,,Thailand,-      D R A W K M A N      -,Cartoon character designer,"'Illustration', 'Game Design', 'Character Design'"
Karen,Teixeira,bitmOO,London,,United Kingdom,bitmOO,Game Artist,"'Digital Art', 'Game Design', 'Character Design'"
Francis,Denoncourt,fdenoncourt,Montreal,Quebec,Canada,,Concept Artist,"'Game Design', 'Illustration'"
Sean,Arriola,bonearmor,Montreal,Quebec,Canada,,,"'Game Design', 'Digital Art', 'Graphic Design'"
Juan Carlos,Alcoser,carlos_alcoser,Toronto,Ontario,Canada,Uken Games,Leaf Artist,"'Game Design', 'Illustration', 'Cartooning'"
Jasmin,Widmer,pierettelapique,Brugg,,Switzerland,Koboldgames,"Game Designer, Graphic Designer | Co-Owner & Business Manager at Koboldgames","'Game Design', 'Graphic Design', 'Digital Art'"
Kobolds,@ Koboldgames,koboldgames,Brugg,,Switzerland,Koboldgames GmbH,Game Developer,"'Game Design', 'Graphic Design', 'Interaction Design'"
Danielle,Morales,daniellemorales,Albany,New York,United States,Vicarious Visions,User Interface Artist,"'Graphic Design', 'Game Design', 'UI/UX'"
Hana,Fanda,hanafanda,Taipei City,,Taiwan,,Game UI Designer,"'Game Design', 'UI/UX'"
Rory,Björkman,romoart,Dublin,,Ireland,,3D Artist,"'Digital Art', 'Industrial Design', 'Game Design'"
Floriane,Grivillers a.k.a Foya,Foyaland,Barcelona,,Spain,Social Point,Senior Artist (videogame / illustration / Flash Animation),"'Game Design', 'Art Direction', 'Illustration'"
Roberto,Gatto,Robertogatto,Rimini,,Italy,,Freelance concept artist/illustrator,"'Digital Art', 'Illustration', 'Game Design'"
Duckie,Deck,DuckieDeck,Krakow,,Poland,Smile Creators,Duckie Deck,"'Game Design', 'Illustration', 'Graphic Design'"
Vadim,Anim86,anim86,Uray,,Russian Federation,,Illustrator,"'Art Direction', 'Game Design', 'Digital Art'"
Teresa,Wojcicka,TeresaWo,Gdańsk,,Poland,Teresa Wójcicka Studio,"illustrator, UI designer","'Illustration', 'UI/UX', 'Game Design'"
Erin,Winn,erinwinn,Austin,Texas,United States,Rooster Teeth Productions,Production artist,"'Digital Art', 'Illustration', 'Game Design'"
Javier,Bahamonde,Bahamonde,Santiago,,Chile,,"Illustrator, Game & Comic Artist","'Illustration', 'Digital Art', 'Game Design'"
Zaheer,Mukhtar,zaheer_mukhtar,Peshawar,,Pakistan,,Freelance 3D and motions graphics artist,"'Art Direction', 'Game Design', 'Graphic Design'"
Liushui,Mao,liushui,Shanghai,,China,Interactive creative,Senior designer,"'Illustration', 'Game Design', 'Art Direction'"
Nikoletta,Molnár,nikolettamolnar,Mosonmagyaróvár,,Hungary,JumaPlay,Graphic Artist ,"'Game Design', 'Graphic Design', 'Digital Art'"
ML,Azar,ml_azar,San Francisco,California,United States,LootShake - Deadmage,Director/Game Designer,'Game Design'
Jonny,Shaw,jonnyshaw,Halifax,,United Kingdom,Digilocker Design,Freelance Designer,"'Game Design', 'UI/UX', 'Icon Design'"
Ironbelly,Studios,ironbelly,Montreal,Quebec,Canada,Ironbelly Studios,,"'UI/UX', 'Icon Design', 'Game Design'"
Nikita,Oleinik,asstronaught,Minsk,,Belarus,,3D Artist,"'Digital Art', 'Visual Effects', 'Game Design'"
Vera,Chipola,chipopi,Tel Aviv,,Israel,Vera Vakrat,"Freelance illustrator, paper designer, game artist","'Illustration', 'Digital Art', 'Game Design'"
Anna,Protsenko,nilanea,Kyiv,,Ukraine,DataArt,2d artist,"'Digital Art', 'Game Design', 'Illustration'"
flavia,ceccarelli,flaviart,London,,United Kingdom,King,Art Director,"'Art Direction', 'Illustration', 'Game Design'"
Slava,Zhuravlev,slava_zhuravlev,Saint Petersburg,,Russian Federation,,,"'Game Design', 'Automotive Design', 'Character Design'"
Leonardo,Méndez Silva,lemenus,Bogotá,,Colombia,lemenus,Senior Digital Designer,"'Art Direction', 'Game Design', 'UI/UX'"
Simon,Hudson,simonjameshudson,London,,United Kingdom,Munstar Studios ,"senior designer, art director, concept artist,animation","'Game Design', 'Character Design', 'Cartooning'"
Sasha,Bond,frutello,Minsk,,Belarus,,3D artist,"'Game Design', 'Architecture', 'Digital Art'"
Marie Ella,Pinsonneault,mepinsonneault,Quebec,Quebec,Canada,,,"'Game Design', 'Digital Art'"
Roman,Nabokin,romanabokib35d,Vologda,,Russian Federation,Playrix,Lead artist,"'Game Design', 'Illustration', 'Computer Animation'"
Render,Bunny,renderbunny,Kiev,,Ukraine,Render Bunny,,"'Game Design', 'Character Design', 'Motion Graphics'"
Gunes ☼,Ozcan,gunesburcu,Sangamon,Illinois,United States,ACE Sign Co.,Game Artist/ Graphic Designer/ Production Specialist/,"'Illustration', 'Graphic Design', 'Game Design'"
Maksim,Vitkin,MaksimVitkin,Minsk,,Belarus,,2D Animator \ Motion Designer \ Clip Maker,"'Game Design', 'Animation', 'Character Design'"
Tanya,Mau (Suhodolska),lazymau,Riga,,Latvia,Logopony,,"'Game Design', 'Icon Design', 'Graphic Design'"
Tomasz,Stefański,tstefanski,Krakow,,Poland,Yggdrasil Polska,"Level Designer, 2d/3d Graphic Designer, Technical Artist","'Graphic Design', 'Game Design', 'Landscape Design'"
Eric,Pfeiffer,EricPfeiffer,Seattle,Washington,United States,Microsoft,Concept Artist at Microsoft [HoloLens/Mixed Reality],"'Illustration', 'Digital Art', 'Game Design'"
Giordano,Caldas,giordano,São Paulo,,Brazil,MOXO,Co- Founder and Animator,"'Animation', 'Game Design', 'Computer Animation'"
Michael,Cosner,michaelcosner,Dallas,Texas,United States,,"Senior Cinematic, MoGraph, and VFX Designer","'Computer Animation', 'Motion Graphics', 'Game Design'"
Andreas,Beer,AndreasBeer,Berlin,,Germany,,Game Artist,"'Game Design', 'UI/UX', 'Motion Graphics'"
Sergey,Musin,samfx,Vologda,,Russian Federation,,concept artist,"'Illustration', 'Painting', 'Game Design'"
Donald,Calabro,DonaldCalabro,Savannah,Georgia,United States,,"3D Artist, Animator, Programmer","'Interaction Design', 'Game Design', 'Animation'"
Andra,Perju,andraperju,Brasov,,Romania,,3D Artist,"'Game Design', 'Character Design', 'Illustration'"
James,Paick,jamespaick,Los Angeles,California,United States,,,"'Art Direction', 'Digital Art', 'Game Design'"
Elia,Golovchak,Eliag,Kazan,,Russian Federation,,,"'Illustration', 'Game Design', 'Digital Art'"
Makar,Solovyev,makar26555,Krasnodar,,Russian Federation,,,"'Illustration', 'Character Design', 'Game Design'"
Lillian,Lai,lillianlai,Vancouver,British Columbia,Canada,,Illustrator,"'Illustration', 'Game Design', 'Painting'"
Alexei,Popovici,Alexei_Popovici,Ungheni,,"Moldova, Republic of",Freelance,3D Character Artist,"'Character Design', 'Game Design', 'Digital Art'"
Everaldo,Neto,everneto,Recife,,Brazil,Diorama External Development,Art Director / Co-Founder,"'Digital Art', 'Game Design', 'Animation'"
Bonnie,O'Clair,bonnieoclair,Portland,Oregon,United States,,Senior Character Artist,"'Character Design', 'Computer Animation', 'Game Design'"
Stefan,Kolev,AntiKoZzz,Sofia,,Bulgaria,,,"'Game Design', 'Digital Art', 'Animation'"
Volker,Zerbe,volkerzerbe,Cologne,,Germany,Room 247 Studio,Art Director,"'Game Design', 'Animation', 'Character Design'"
Yusuf,Artun,YusufArtun,Warsaw,,Poland,,,"'Illustration', 'Game Design', 'Digital Art'"
Rohit,Davans,AniBir,Bangalore,,India,Ellucian,User Experience Designer,"'Graphic Design', 'Game Design', 'Digital Art'"
Mohamad,Abd Alkarem,ArtistMohamad,Istanbul,,Turkey,mohamad abd all karem,The art director lead artist of Tamatem ,"'Illustration', 'Game Design', 'UI/UX'"
Maarten,Boot,MaartenBoot,Utrecht,,Netherlands,@MaartnBoot,Animator info@maartenboot.com,"'Animation', 'Digital Art', 'Game Design'"
Orange,Box,orangebox,Riga,,Latvia,,Online presence coaching and web development,"'Graphic Design', 'Game Design', 'Illustration'"
Andrey,Subbotko,AndreyS-1952b8,Minsk,,Belarus,,3d artist,"'Digital Art', 'Sculpting', 'Game Design'"
Simon,Wood,SimonWood,City,,United Kingdom,,,"'Sound Design', 'Game Design', 'Video Game Design'"
Frontmen,Studio,FrontmenStudio,Belgrade,,Serbia,,,"'Illustration', 'Game Design', 'Animation'"
Jude,Buffum,judebuffum,Philadelphia,Pennsylvania,United States,Jude Buffum Illustration + Design,,"'Illustration', 'Game Design', 'Editorial Design'"
The,Icehouse,Theicehouse,Dijon,,France,The icehouse,Indie creators collective,"'Game Design', 'Illustration', 'Computer Animation'"
Toonia, Apps,tooniaapps,Kranj,,Slovenia,Toonia,,"'Game Design', 'UI/UX', 'Illustration'"
yuanzi,0410,yuanzi0410,Beijing,,China,UNEED,UI designer,"'Illustration', 'Game Design', 'Cartooning'"
Vadim,Makarevich,VadimM,Minsk,,Belarus,,"3D Animator, 3D Designer","'Motion Graphics', 'Game Design', 'Animation'"
Sir Rag,Designs,Sir-Rag-Designs,Rialto,California,United States,SIR RAG DESIGNS,"Artist, Illustrator, designer","'Illustration', 'Graphic Design', 'Game Design'"
vitaliy,vill,vitaliyvill,Fulham,,United Kingdom,,illustrator,"'Illustration', 'Game Design', 'Painting'"
OhNoo,Studio,OhNoo,Gdynia,,Poland,OhNoo Studio,,"'Illustration', 'Game Design', 'Character Design'"
Oleksii,Konstantynov,RaCarnival,Kiev,,Ukraine,Art4Game,"Game Design, Art direction","'Game Design', 'Digital Art', 'Art Direction'"
Sebastien,Samson,sebsamson,Quebec,Quebec,Canada,,Game Designer,"'Game Design', 'Video Game Design'"
Sergio,Palacios,silverbackcgstudio,Barcelona,,Spain,Silverback CG Studio,,"'Animation', 'Motion Graphics', 'Game Design'"
Radomir,Markovic,radomarkovic,Prague,,Czech Republic,,Matte painter and concept artist in movie and game industry,"'Illustration', 'Digital Art', 'Game Design'"
Miracle ,Valentine,alien3287,Hanoi,,Vietnam,,"Game Design, UI/UX, Character Design ","'Game Design', 'UI/UX', 'Character Design'"
grace,chen,softpill,Oakland,California,United States,softpill,"Illustrator, designer","'Illustration', 'Character Design', 'Game Design'"
Nana,Homovec,nananananana,Ljubljana,,Slovenia,,illustrator,"'Illustration', 'Painting', 'Game Design'"
Yulei,Zhang,mozyl,Cambridge,,United Kingdom,,UI Designer/Illustrator,"'Illustration', 'Game Design', 'Drawing'"
GUS,MENDONCA STUDIO,gusmendonca104a,Seattle,Washington,United States,,Sr. Freelance Concept Designer,"'Illustration', 'Digital Art', 'Game Design'"
Brendan,McCaffrey,bmcaff,Las Palmas de Gran Canaria,,Spain,,Digital illustrator,"'Digital Art', 'Illustration', 'Game Design'"
Xiang,Yinying,xiangyinying,Guangzhou,,China,,Conceptual Design / Illustration,"'Illustration', 'Game Design', 'Character Design'"
Ariel,Belinco,Belinco,Yoqneam HaMoshava,,Israel,Moonactive ,CCO,"'Art Direction', 'Game Design', 'Character Design'"
Platonic,Games,PlatonicGames,Madrid,,Spain,Platonic Games SL,Game Makers,"'Game Design', 'Animation', 'Character Design'"
Ann,Goler,goler,Minsk,,Belarus,,2D artist,"'Game Design', 'Illustration', 'Digital Art'"
Konstantin,Potapov,kompot67,Berlin,,Germany,,designer / illustrator / comics artist,"'Illustration', 'Game Design'"
Alexander,Dyagilev,sasha2d,Izhevsk,,Russian Federation,sasha2d,illustrator,"'Illustration', 'Game Design', 'Character Design'"
Irina,Voronovich,joba4fa,Saint Petersburg,,Russian Federation,TRACE studio,HR Manager,"'Graphic Design', 'Game Design', 'Character Design'"
Yana,Elert,LilianaVampir,Novorossiysk,,Russian Federation,,Illustrator,"'Illustration', 'Digital Art', 'Game Design'"
Krzysztof,Moszczynski,krzysztofmoszczynski,Warsaw,,Poland,,concept artist currently open for freelance job offers.,"'Game Design', 'Digital Art', 'Character Design'"
Thomas,Ryder,thomasryder,Copenhagen,,Denmark,Italic ApS,Game Designer/Illustrator,"'Graphic Design', 'Game Design', 'Illustration'"
성현,김,brm0821f19b,Seoul,,"Korea, Republic of",,,"'Game Design', 'Drawing'"
khar man,lee,kharman_lee,Puchong,,Malaysia,Topgate Corporate Services sdn. bhd.,Creative Director,"'Character Design', 'Game Design', 'Toy Design'"
Steve,Marshall,marshmellop,Llanelli,,United Kingdom,MarshMellop ,Freelance Designer,"'Illustration', 'Graphic Design', 'Game Design'"
Michael,Suwandi,michaelsuwandi,Jakarta,,Indonesia,MIA Studio Jakarta Division,Character Artist,"'Character Design', 'Game Design', 'Motion Graphics'"
Boy™,Original,gameboy,Santiago,,Chile,Golden Coin Studio™,,"'Illustration', 'Character Design', 'Game Design'"
Dmitry,Smirnov,9ds,Saransk,,Russian Federation,,,"'Game Design', 'Illustration', 'Digital Art'"
Askar,Sergaziev,Ozzya,Almaty,,Kazakhstan,,"Senior designer, Art director, illustrator","'Illustration', 'Painting', 'Game Design'"
Marc,Mons,MarcMons,Barcelona,,Spain,Freelance. Looking for projects,3d Generalist,"'Game Design', 'Architecture', 'Motion Graphics'"
hyung sik,jeon,lolisystem,Seoul,,"Korea, Republic of",,freelancer,"'Character Design', 'Digital Art', 'Game Design'"
cain,ulgen,cainulgen,London,,United Kingdom,Gram Games,Lead Artist,"'Illustration', 'Digital Art', 'Game Design'"
Yuriy,Romanyk,IsadistI,Samara,,Russian Federation,,3D concept art ,"'Graphic Design', 'Game Design', 'Character Design'"
Nacho,Yagüe,nachoyague,Barcelona,,Spain,Gameloft Barcelona,Studio Art Director,"'Digital Art', 'Illustration', 'Game Design'"
Chaotic Atmospheres,,chaotic_atmospheres,Geneva,,Switzerland,,"illustrator, cg artist","'Digital Art', 'Illustration', 'Game Design'"
Daria,Pelekhay,vectordart4eb5,Basel,,Switzerland,,Graphic designer & Illustrator,"'Illustration', 'Digital Art', 'Game Design'"
changha,lee,gongsang81,Seoul,,"Korea, Republic of",KingHeadStudio,Freelance,"'Digital Art', 'Game Design', 'Character Design'"
Gary,Chan,chancarfree,Oakville,Ontario,Canada,,Concept Designer,"'Digital Art', 'Painting', 'Game Design'"
POKO,WORKS,treenod,Busan,,"Korea, Republic of",Treenod,,"'Character Design', 'Illustration', 'Game Design'"
Yifah,Mittleman,yifah,Jerusalem,,Israel,,"Illustrator, graphic designer","'Illustration', 'Animation', 'Game Design'"
Leandro,Soares,lesoaress,São Paulo,,Brazil,,3d Artist,"'Character Design', 'Game Design', 'Illustration'"
Jakub,Kuźma,Jaq64,Poznań,,Poland,,Digital freelance artist/ Art director,"'Illustration', 'Digital Art', 'Game Design'"
Seruk,Polobiuk,rtr,Riga,,Latvia,,,"'Game Design', 'Painting', 'Illustration'"
Ryan,Do,Quy-dx,Singapore,,Singapore,Ryan Do,Senior Designer,"'Graphic Design', 'Game Design', 'UI/UX'"
Wylie,Beckert,wylieelisebeckert,Seattle,Washington,United States,Wylie Beckert Illustration,Freelance Illustrator,"'Illustration', 'Game Design', 'Painting'"
Konstantin,Maystrenko,Zoonoid,Moscow,,Russian Federation,,Concept artist,"'Character Design', 'Game Design', 'Digital Art'"
Flaq ,Digital,flaqdigital,Paris,,France,Flaq Digital,Digital  & Advergame Agency,"'Game Design', 'Motion Graphics', 'UI/UX'"
Hưng,Lê Thái,huybecan,Ho Chi Minh City,,Vietnam,HuyBe,Freelancer,"'Digital Art', 'Game Design', 'Character Design'"
Mukuch,Chanchanyan,MukuchChanchanyan,Yerevan,,Armenia,,,"'Illustration', 'Character Design', 'Game Design'"
Ryan,Hawkins,superhawkins,Chicago,Illinois,United States,,,"'Illustration', 'Digital Art', 'Game Design'"
CY,Lin,CYLStudio81,Taipei,,Taiwan,XPEC Entertinment,Senior Concept Artist,"'Illustration', 'Game Design', 'Character Design'"
Krystian,Kuciński,kucinskiare459,Gdańsk,,Poland,,Junior 3D Artis,"'Game Design', 'Digital Art', 'Set Design'"
Catharina,Baltar,catharinix,Brasília,,Brazil,,Illustrator and designer,"'Illustration', 'Character Design', 'Game Design'"
Anna Carla,Plicht,acplicht,Berlin,,Germany,,Junior 2D Artist,"'Character Design', 'Digital Art', 'Game Design'"
Woon Bing,Chang,woonbing,Kuala Lumpur,,Malaysia,,,"'Illustration', 'Character Design', 'Game Design'"
Jean-Baptiste,Reynaud,Djib,Lyon,,France,Djib,Illustrator and comicbook artist,"'Character Design', 'Illustration', 'Game Design'"
Xavier,Collette,coliandre,Rennes,,France,Coliandre,Illustrator,"'Illustration', 'Digital Art', 'Game Design'"
Thomas,Brissot,ThomasBrissot,Paris,,France,,Freelance Concept Artist & Illustrator,"'Illustration', 'Game Design', 'Character Design'"
Setian,Art,setianart,Bogotá,,Colombia,Gp Imports,Game Designer,"'Illustration', 'Game Design', 'Character Design'"
ㅍㅅㅇㄱ,.,kakikuku,Seongnam,,"Korea, Republic of",,,"'Illustration', 'Character Design', 'Game Design'"
Bryan,Lee,bryanlee,Melbourne,,Australia,Bleed Design,Freelance Designer,"'Industrial Design', 'Illustration', 'Game Design'"
Minhang,Moon,Minhang,Ho Chi Minh City,,Vietnam,Skype:minhangmoon,Senior Artist,"'Game Design', 'Digital Art', 'Illustration'"
Eugeny,Moroz,monkey-business,Odessa,,Ukraine,Monkey Business,,"'Illustration', 'Graphic Design', 'Game Design'"
Ji,GukHwan,jiguk,Seoul,,"Korea, Republic of",Unity,"Programmer,Evangelist,Character designer, Animator","'Motion Graphics', 'Animation', 'Game Design'"
Félix,Raymond,felix_raymond,Bordeaux,,France,Immersion,Interaction Designer,"'Interaction Design', 'UI/UX', 'Game Design'"
Beau,Brokop,beaubrokop,San Francisco,California,United States,,,"'Digital Art', 'Illustration', 'Game Design'"
Yohan,Schmitz,Mackaged,La Queue-en-Brie,,France,,Game Artist,"'Digital Art', 'Game Design', 'Illustration'"
john,rudnicki,_brave,Lublin,,Poland,freelancer, character modeler / ilustrator,"'Character Design', 'Game Design', 'Sculpting'"
Yoni,Alter,yonialter,London,,United Kingdom,,Designer and art director,"'Graphic Design', 'Illustration', 'Game Design'"
Per Micael,Nyberg,pmnyberg,Tokyo,,Japan,Sony,Interface designer,"'Art Direction', 'Game Design', 'UI/UX'"
Anna Ivanova,Nikita Oscolcov,pykodelbi,Saint Petersburg,,Russian Federation,Pykodelbi,"game artist, concept artist, illustrator, animator","'Game Design', 'Cartooning', 'Illustration'"
Daniel,Ferenčak,danielferencak,Beltinci,,Slovenia,Daniel Ferenčak,Character Artist,"'Character Design', 'Cartooning', 'Game Design'"
Ebae,Kim,ebaekim,Bellevue,Washington,United States,,Visual and Interactive Storyteller,"'Creative Direction', 'Art Direction', 'Game Design'"
Oksana,Kitsak,Kitsak,Kiev,,Ukraine,,Lead Artist,"'Game Design', 'Graphic Design', 'Animation'"
Grisha,This_is,etotgrisha,Saint Petersburg,,Russian Federation,Cuberto,UI/UX Designer,"'Motion Graphics', 'Game Design', 'UI/UX'"
Bayu,Hadiputra,failuretalent,Bogor,,Indonesia,,illustrator,"'Illustration', 'Character Design', 'Game Design'"
Humster3D,,humster3d,City,,Ukraine,Humster3D,,"'Automotive Design', 'Game Design', 'Computer Animation'"
Giedrius,Jurgelevičius,Giedrius_Jr,Vilnius,,Lithuania,,Freelance,"'Graphic Design', 'Editorial Design', 'Game Design'"
Claire,Paoletti,clairepao,Paris,,France,Bannerman,Product designer,"'Interaction Design', 'Game Design', 'UI/UX'"
RAFAEL,AMARANTE,rafael_amarante,São Paulo,,Brazil,,Concept Design / 3D artist - insta: @rafaelgamarante,"'Character Design', 'Game Design', 'Visual Effects'"
feng,coco,xiaoqiancoco,Chongqing,,China,Ins:cocofeng _art ,,"'Illustration', 'Game Design', 'Drawing'"
Greta,Giangrande,GretaGiangrande,Saronno,,Italy,Hape International Milano,Creative Director and Toy designer,"'Toy Design', 'Game Design', 'Art Direction'"
Debojyoti,Roy,djroy1990,Bangalore,,India,Spread Design and Innovation,interaction designer,"'Web Design', 'UI/UX', 'Game Design'"
Noir,Gaetan,Krousti,Lyon,,France,,Illustrator,"'Illustration', 'Drawing', 'Game Design'"
Somm,Rangsima,kwanjai,Bangkok,,Thailand,,"illustration, Junior Design","'Graphic Design', 'Game Design', 'Character Design'"
Ufuk,Cetincan,icedevice,Istanbul,,Turkey,4129Grey,Art Director Group Head,"'Advertising', 'Art Direction', 'Game Design'"
Mathieu,Thronion,MathieuT,Montreal,Quebec,Canada,,3D game artist ,"'Game Design', 'Computer Animation', 'Digital Art'"
Gary,Hanna,HannaStudios,Sequim,Washington,United States,Hanna Studios,Freelance Illustrator,"'Illustration', 'Digital Art', 'Game Design'"
Yana,Semyachko,semyachko,Kiev,,Ukraine,,,"'Character Design', 'Game Design', 'Drawing'"
Wallace,Kirkwood,wallace-kirkwood,Toronto,Ontario,Canada,,3D Artist,"'Digital Art', 'Game Design', 'Film'"
Alex,Malashko,Siosio,Minsk,,Belarus,,"Designer, Art Director, illustrator","'Illustration', 'Game Design', 'Drawing'"
Paul,Sagot-Duvauroux,paulsagot,Ho Chi Minh City,,Vietnam,,UI/UX Designer,"'Graphic Design', 'Interaction Design', 'Game Design'"
Joanne,Ju,joanneju,Malmö,,Sweden,Freelance Artist,2D Game Artist,"'Digital Art', 'Illustration', 'Game Design'"
Jonathan,Gorr,jonathangorr,Baltimore,Maryland,United States,,Game Developer,"'Digital Art', 'Game Design', 'Architecture'"
Gilles,Ketting,gillesketting,Brighton,,United Kingdom,The Creative Assembly,Concept Art and Illustrator,"'Illustration', 'Game Design', 'Art Direction'"
Ivan,Lesko,ivanlesko,City,Washington,United States,,,"'Photography', 'Computer Animation', 'Game Design'"
Slava,Volkov,slavavolkov,Helsinki,,Finland,,2D game artist ,"'Game Design', 'Illustration', 'Digital Art'"
Emilien,Rotival,theartysquid,Bordeaux,,France,The Arty Squid,Illustrator,"'Illustration', 'Cartooning', 'Game Design'"
Roberto,Gomes,kaztorama,São Bartolomeu de Messines,,Portugal,Cauldron.pt,Illustrator and Game Developer,"'Illustration', 'Graphic Design', 'Game Design'"
Grace May,Yang,gracemayang,Los Angeles,California,United States,,,"'Digital Art', 'Character Design', 'Game Design'"
Maaden,Ramos,maadenmade,Sydney,,Australia,,"Designer, Illustrator, Pokemon Master","'Illustration', 'Game Design', 'Digital Art'"
Jihyun,Bae,baejji,Singapore,,Singapore,Gumi Asia,UI Artist & Graphic Designer,"'Graphic Design', 'Game Design', 'UI/UX'"
AVC,Distributor,avcdistributor,Westminster,Colorado,United States,"AVC Distributor, LLC",Owner,"'Game Design', 'Cartooning', 'Advertising'"
Christian,Östman,christianostman,Stockholm,,Sweden,A Small Game,,'Game Design'
Richard,Åström,richardastrom,Stockholm,,Sweden,A Small Game,"Game Designer, Graphic Designer, Musician",'Game Design'
Amples Regiani,,ignitergames,Bogota,,Colombia,Ogilvy & Mather,Art Director,"'Game Design', 'Product Design', 'Art Direction'"
Francesco,Lorenzetti,francescolorenzetti,Montreal,Quebec,Canada,Freelance,Concept Artist/ Illustrator,"'Illustration', 'Digital Art', 'Game Design'"
Anna,Lazareva,bifidochka,Moscow,,Russian Federation,,,"'Illustration', 'Game Design', 'Fashion'"
Federico,Roberts,intrudergames,San Javier,,Argentina,Intruder Games,,"'Art Direction', 'Graphic Design', 'Game Design'"
Thao,Truong,cocoanna,Ho Chi Minh City,,Vietnam,"VNG Corporation,Freelancer","2D Artist, Graphic Design","'Character Design', 'Illustration', 'Game Design'"
Steph,Caskenette,stephcaskenette,Montreal,Quebec,Canada,,,"'Digital Art', 'Illustration', 'Game Design'"
Picklenauts,Game Studio,picklenauts,Novi Sad,,Serbia,Picklenauts,Game design,"'Illustration', 'Game Design', 'Motion Graphics'"
Roland,Vinh,Baokinh,Liège,,Belgium,Badbad,Digital artist,"'Illustration', 'Game Design', 'Digital Art'"
Fran,Yang,GaryYang,Beijing,,China,Hortor Games,2d game artist,"'Illustration', 'Game Design', 'Cartooning'"
Fanpoint,,fanpoint,Poznan,,Poland,,Social Media Engagement Platform,"'Art Direction', 'Graphic Design', 'Game Design'"
Damjan Cvetkov-Dimitrov,,damjancd,Skopje,,Macedonia,Damjan Cvetkov-Dimitrov,Exactly,"'Photography', 'Game Design', 'Animation'"
Terry Koppel,,TKoppeldesign,Brooklyn,New York,United States,"T. Koppel Design, Inc.",Creative Director / Principal,"'Graphic Design', 'Typography', 'Game Design'"
Emir,Anarat,emiranarat,Istanbul,,Turkey,41? 29!,Junior Art Director,"'Game Design', 'Art Direction', 'Advertising'"
Stephen,Chang,changdesign,San Francisco,California,United States,,Concept Artist,"'Art Direction', 'Game Design', 'Automotive Design'"
Ilya,Teploukhov,Peacemaker18,Yekaterinburg,,Russian Federation,,Senior designer,"'Web Design', 'UI/UX', 'Game Design'"
Hyungchul,Sung,Chulastica,Vancouver,British Columbia,Canada,VancouverFilmSchool,,"'Visual Effects', 'Animation', 'Game Design'"
Nata,Avramenko,NataliaSmirnova,Kiev,,Ukraine,,"Illustrator, Visual Designer, Graphic Designer","'UI/UX', 'Interaction Design', 'Game Design'"
Elena,Khoroshiltseva,khoroshiltseva,Moscow,,Russian Federation,,,"'Packaging', 'Graphic Design', 'Game Design'"
Jonathan Chuan Ju,Lee,jonathancjlee,City,California,United States,,,"'Digital Art', 'Game Design', 'Illustration'"
Super,man,mobilegamedesigner,Beijing,,China,cg star,game designer,"'Game Design', 'Illustration', 'Graphic Design'"
Aleksandr,Nikonov,Niconoff,Moscow,,Russian Federation,Allods Team,Lead Environment Artist,"'Illustration', 'Art Direction', 'Game Design'"
4DRAW,,4draw,Pavia,,Italy,Augmented Reality Solutions,3D Services,"'Character Design', 'Interior Design', 'Game Design'"
Christine,Isslander,charlieandchristine,Prague,,Czech Republic,Issland. Design Bureau,Designer,"'UI/UX', 'Graphic Design', 'Game Design'"
Hồ,Quốc Bảo,hoquocbao412,Ho Chi Minh City,,Vietnam,,,"'Packaging', 'Toy Design', 'Game Design'"
Teru,Nonedi,terunonedi,Mie,,Japan,,a freelance illustrator,"'Character Design', 'Illustration', 'Game Design'"
Mari,Kolkowsky,Kolkowm,Seattle,Washington,United States,,"Design thinking, art direction, graphic design","'Art Direction', 'Graphic Design', 'Game Design'"
Julie Have,Nordgard,JulieHaveNordgard,London,,United Kingdom,Qardio,Graphic design ,"'Packaging', 'Graphic Design', 'Game Design'"
Raff,Ribeiro,raffribeiro,City,,Brazil,,,"'Game Design', 'Computer Animation', 'Programming'"
Cassia,Estefani ,cassiaestefani,São Paulo,,Brazil,,Game Artist and 2d animator,"'Game Design', 'Animation', 'Character Design'"
Débora,Kamogawa,dkamo,São Paulo,,Brazil,Freelancer,Ilustradora,"'Illustration', 'Animation', 'Game Design'"
Travis,Pendlebury,travispendlebury,Eugene,Oregon,United States,,freelance illustrator,"'Illustration', 'Drawing', 'Game Design'"
Jon,McBain,jonmcbain,San José,California,United States,,Senior Environment Artist,"'Game Design', 'Digital Art', 'Architecture'"
Phuc,Nguyen Khac Nhat,nguyenkhacnhatphuc,Ho Chi Minh City,,Vietnam,,,"'Game Design', 'Digital Art', 'Character Design'"
Jeff,Brown,jbrown67,Saskatoon,Saskatchewan,Canada,Jeff Brown Graphics,Digital Artist,"'Illustration', 'Digital Art', 'Game Design'"
Julia,Bakhareva,Julia_Bakhareva,Moscow,,Russian Federation,,,"'Game Design', 'Computer Animation', 'Character Design'"
Remi,Marchand,remingt0n,San Francisco,California,United States,Supercombo Games,CEO & CO-Founder,"'Illustration', 'Game Design', 'UI/UX'"
Michael,Ponce,Ponce,Los Angeles,California,United States,,,"'Industrial Design', 'Product Design', 'Game Design'"
[Invalid User],,,,,,,,
Gehenna,Pham,Gehenna,Ho Chi Minh City,,Vietnam,VNG Coorporation,Design / 2D art Team leader,"'Illustration', 'Game Design', 'Character Design'"
Karolina,Cianciara,plutonka,Warsaw,,Poland,Jolly Pixel,Designer,"'Illustration', 'Graphic Design', 'Game Design'"
Kailash,Chand,kcsunnnny,New Delhi,,India,,Website Designer,"'Web Design', 'Game Design'"
PLAYSOFT,,playsoft,Paris,,France,PLAYSOFT,Apps and Games :),"'Game Design', 'Animation', 'Video Game Design'"
Patrycja,Jaszczak,PatrycjaJaszczak,Szczecin,,Poland,,,"'Game Design', 'Cartooning', 'Illustration'"
Juan,Herrerart,herrerart,City,,Colombia,,"Herrerart, Art Director","'Illustration', 'Digital Art', 'Game Design'"
MONSTERZ,.,monsterz,Seoul,,"Korea, Republic of",, Design Project Team,"'Illustration', 'Game Design', 'Character Design'"
Luiz Henrique,Gomes Monclar,LuizHGMonclar,Curitiba,,Brazil,,Game Designer,"'Interaction Design', 'Game Design', 'UI/UX'"
Monster Juice,,monsterjuice,Curitiba,,Brazil,Game studio,,"'Interaction Design', 'Game Design', 'UI/UX'"
Bruno,Mikoski,badawe,Florianópolis,,Brazil,Hoplon,Creative Director,"'Interaction Design', 'Game Design', 'UI/UX'"
Jerome,Builles,JeromeBuilles,Manchester,,United Kingdom,EON Reality Ltd,3D Artist & VR Developer,"'Digital Art', 'Visual Effects', 'Game Design'"
Frank,Diaz,realityengine,Providence,Rhode Island,United States,,Senior UI Artist,"'Game Design', 'UI/UX', 'Digital Art'"
Andres,Guerrero,nazaguerrero,Buenos Aires,,Argentina,,2D Artist,"'Illustration', 'Game Design', 'Character Design'"
Dennis,Japari,dennisjapari,Jakarta,,Indonesia,,,"'Illustration', 'Game Design', 'Character Design'"
Timon,Sager,timonsager,Zug,,Switzerland,Timon Sager,designer,"'Industrial Design', 'Product Design', 'Game Design'"
Nina,Ch.,ninaCh,Tbilisi,,Georgia,Freelancer,"Concept art, illustration, character design","'Illustration', 'Character Design', 'Game Design'"
Nikolay,Bastrakov,bastrakov,Moscow,,Russian Federation,inbase,Senior Art Director ,"'Interaction Design', 'Graphic Design', 'Game Design'"
Sergey,Sizkov,In-Finity,Rostov,,Russian Federation,,Designer,"'Character Design', 'Game Design', 'Animation'"
Guy,Cass,gogetawaykid,Frinton-on-Sea,,United Kingdom,,Illustrator and Designer,"'Cartooning', 'Game Design', 'Digital Art'"
Dennis,Chan,dennisc,Boras,,Sweden,Dennis Chan Illustrations,Concept Designer/Illustrator,"'Digital Art', 'Illustration', 'Game Design'"
Edo,Putra,hatefuel,Malang,,Indonesia,,UI/UX Designer,"'Illustration', 'Graphic Design', 'Game Design'"
Pavel,Eroshin,StPashik,Saint Petersburg,,Russian Federation,StDevelop,Senior Flash/Mobile Developer,"'Interaction Design', 'Game Design', 'Art Direction'"
Francesco,Micieli,cescofm,São Paulo,,Brazil,,Illustrator,"'Illustration', 'Character Design', 'Game Design'"
Daniel,Simon,daniel_simon,Copenhagen,,Denmark,danielSIMON,Creative / Digital & Mobile Art Director,"'Art Direction', 'UI/UX', 'Game Design'"
Levanccio,,levanccio,Tbilisi,,Georgia,,,"'Illustration', 'Drawing', 'Game Design'"
Creative,limes,creativelime,New York,New York,United States,,Graphic Designer,"'Graphic Design', 'Game Design', 'Illustration'"
Wendy,Yoon,wendyyoon,Pasadena,California,United States,,Entertainment Design student (5th term),"'Game Design', 'Character Design', 'Digital Art'"
scott,sirag,scottsirag,Rowland Heights,California,United States,INK'D WELL,artist,"'Graphic Design', 'Illustration', 'Game Design'"
Tomasz,Zagórski,tomasz_zagorski,Działdowo,,Poland,,Product Designer,"'Icon Design', 'Graphic Design', 'Game Design'"
Orit,Lisak,OritLisak,Qiryat Tivon,,Israel,Freelance,Graphic Designer & illustrator,"'Illustration', 'Graphic Design', 'Game Design'"
PURE NEW MEDIA,,pure-new-media,Istanbul,,Turkey,,,"'Art Direction', 'Web Design', 'Game Design'"
Ionut,Covaci,IonutCovaci,Cluj-Napoca,,Romania,,3D Artist,"'Digital Art', 'Game Design', 'Sculpting'"
Neil,Carter,NeilDavidCarter,Rancho Santa Margarita,California,United States,Now accepting offers,Narrative & Cinematic Designer,"'Interaction Design', 'Game Design', 'Cinematography'"
Ayhan,Aydogan,ayhankin,San Francisco,California,United States,Academy of Art University,Student ,"'Digital Art', 'Game Design', 'Painting'"
Yuen Sin,Ng,YuenSinNg,Birmingham,,United Kingdom,,Freelance Character Artist - Available for contract and remote work in November,"'Character Design', 'Digital Art', 'Game Design'"
Mateusz,Antczak,mateuszantczak,Wroclaw,,Poland,,Mateusz Antczak,"'Graphic Design', 'Game Design', 'Web Design'"
Vadim,K,bldr,Minsk,,Belarus,Halfbus,,"'Digital Art', 'Game Design', 'Art Direction'"
Team Lumo,,TeamLumo,Leamington Spa,,United Kingdom,Blitz Games Studios,Game Developers,"'Digital Art', 'Toy Design', 'Game Design'"
Huet,Jeremy,JeremyH,Paris,,France,,Illustrator,"'Illustration', 'Drawing', 'Game Design'"
J.D.,Humphreys,humphreysjd,Washington,District of Columbia,United States,Ogilvy Washington,Associate Creative Director,"'Advertising', 'Interaction Design', 'Game Design'"
Wouter,Vanhaeren,woutervanhaeren,Amsterdam,,Netherlands,KOKORO Amsterdam,Co-Founder & Creative Director,"'Advertising', 'Art Direction', 'Game Design'"
Valentin,Baguirov,VBaguirov,Geneva,,Switzerland,,Environment artist ,"'Game Design', 'Computer Animation', 'Cinematography'"
Daniel,Jutson,miruku,Plymouth,,United Kingdom,miruku ltd,Art Direction,"'Game Design', 'Character Design', 'Animation'"
Jimena,Seoane,yimiyim,London,,United Kingdom,adam&eve DDB,Integrated Producer,"'Advertising', 'Animation', 'Game Design'"
lopskull,,lopskull,Bruxelles,,Belgium,,Concept Artist,"'Illustration', 'Painting', 'Game Design'"
zone•k - Design Studio,,zone-k,Muenster,,Germany,Dipl.-Des.(FH) Zlatko Kraljevic,executive director,"'Advertising', 'Game Design', 'Character Design'"
Noélie,Martin,NoelieMartin,Zurich,,Switzerland,Wirz // BBDO Woldwide,Art Director,"'Art Direction', 'Advertising', 'Game Design'"
Eve,Ventrue,EveVentrue,Stuttgart,,Germany,,Digital Artist,"'Game Design', 'Character Design', 'Digital Art'"
Savka,Valeva,savangel,Sofia,,Bulgaria,,UI Designer,"'UI/UX', 'Game Design'"
William,Santacruz,williamsantacruz,Armenia,,Colombia,Goo Games,3D & Voxel Artist,"'Art Direction', 'Illustration', 'Game Design'"
Dale,Best,hellodalebest,Johannesburg,,South Africa,,Creative Director,"'Creative Direction', 'Digital Art', 'Game Design'"
Matthew,Amor,matthewamor,Atlanta,Georgia,United States,Squatch Matrix Illustration,Illustration,"'Illustration', 'Digital Art', 'Game Design'"
Christopher,Taylor,crgt,Minneapolis,Minnesota,United States,Playtend,"Co-Founder, Developer","'Programming', 'Game Design', 'Product Design'"
Annie,Zhao,sweetmouse,Palo Alto,California,United States,Veetle,Product Designer,"'Graphic Design', 'Product Design', 'Game Design'"
Enzo,Greco,enzogreco,Amsterdam,,Netherlands,,Interactive Motion Designer,"'Animation', 'Web Design', 'Game Design'"
Lucas,Zoutendijk,studio1op1,Eindhoven,,Netherlands,,"Owner, Studio 1:1","'Game Design', 'Architecture'"
Nils,Pedersen,NPedersen,Helsingborg,,Sweden,,3d-artist,"'Digital Art', 'Game Design', 'Illustration'"
Red,Flood,redflood,Alexandria,,Egypt,ibtikar technologies.,UI/UX Designer,"'UI/UX', 'Graphic Design', 'Game Design'"
Rizki,Katamsi,rakatamsi,Jakarta,,Indonesia,,Freelance Animation Art Director and Visual Development Artist,"'Illustration', 'Animation', 'Game Design'"
Limited,Visionaries 777,visionaries777,Hong Kong,,Hong Kong,Visionaries 777,Interaction Design Agency,"'Interaction Design', 'Programming', 'Game Design'"
Vitan,Boranov,atillaozcan,London,,United Kingdom,,UI Designer,"'UI/UX', 'Game Design'"
Renata,Ligabue,RenataLigabue,Porto Alegre,,Brazil,,,"'Graphic Design', 'Packaging', 'Game Design'"
Charles,Lee,cldesginstudio,Fullerton,California,United States,C.L.Design studio,Concept designer,"'Digital Art', 'Illustration', 'Game Design'"
Célio,Silva,celiosilva,Belo Horizonte,,Brazil,Studio Sol,Designer,"'Game Design', 'Animation', 'Icon Design'"
Flo,Minowa,flominowa,Budapest,,Hungary,,Freelance Illustrator and Graphic Designer,"'Illustration', 'Game Design', 'Character Design'"
LUIS,NORA,luisnora,Lisbon,,Portugal,freelancer,Senior Art Director,"'Art Direction', 'Advertising', 'Game Design'"
xMillion,,xmillion,Geneva,,Switzerland,xMillion Capital,,"'UI/UX', 'Interaction Design', 'Game Design'"
Titus,Lunter,U2644,Leamington Spa,,United Kingdom,,Concept Artist,"'Game Design', 'Digital Art'"
José,Rico,joserico,Alicante,,Spain,Code.es,Designer,"'Illustration', 'Character Design', 'Game Design'"
iulian,poia,IULIANPOIA,Chisinau,,"Moldova, Republic of",,,"'Industrial Design', 'Automotive Design', 'Game Design'"
YETI,BIZNIZ,yetibizniz,Hasselt,,Belgium,YETI BIZNIZ,Concept Artist / Illustrator,"'Illustration', 'Game Design', 'Digital Art'"
Brian,Mc Laughlin,BrianMclaughlin,New York,New York,United States,Freelance ,Design Director,"'Illustration', 'Game Design', 'Character Design'"
Ted,Closson,vinegartom,Bristol,Maine,United States,Cleopatra Graphics,"Illustrator, Author, World Builder","'Illustration', 'Game Design', 'Character Design'"
Chris,Roe,fatpebble,Brighton,,United Kingdom,Fat Pebble,Art Director,"'Character Design', 'Claymation', 'Game Design'"
Martin,Vanek,martinvanek,Prague,,Czech Republic,Creativelab,3D Designer,"'Industrial Design', 'Interior Design', 'Game Design'"
Chris,Matthews,plastyk,Redmond,Washington,United States,Microsoft Hololens,Art Director and Lead Artist,"'Art Direction', 'Digital Art', 'Game Design'"
Beichen,Nan,Beichen_Nan,Melbourne,,Australia,,Designer,"'Automotive Design', 'Industrial Design', 'Game Design'"
L R,Betts,LRBetts,Nottingham,,United Kingdom,,,"'Character Design', 'Video Game Design', 'Game Design'"
Lisa,Evans,firefluff,Brighton,,United Kingdom,Wabisabi,Illustrator and game developer,"'Illustration', 'Game Design', 'Art Direction'"
George,Tremarco,GTremarco,Liverpool,,United Kingdom,,Student,"'Digital Art', 'Game Design', 'Automotive Design'"
Sebastian,Clark,sebastianclark,Bristol,,United Kingdom,,,"'Illustration', 'Game Design', 'Character Design'"
Paulo,Daniel,paulofdaniel,Belo Horizonte,,Brazil,,,"'Interaction Design', 'Graphic Design', 'Game Design'"
Michelle,Vinall,MVinall,London,,United Kingdom,,2D Illustrator and Animator,"'Digital Art', 'Illustration', 'Game Design'"
Madalin,Craciun,madalin,Bucharest,,Romania,mReady,Mobile UX Designer,"'Graphic Design', 'Game Design', 'Character Design'"
Sergei,Pleshkov,serjio7777,Tula,,Russian Federation,,,"'Graphic Design', 'Design', 'Game Design'"
Marlianna,Liu,Mardenoir,Medan,,Indonesia,,Game Artist,"'Illustration', 'Digital Art', 'Game Design'"
Fabio,Taurisano,madtly,Milano,,Italy,Stupidi Pixel,Tech Artist,"'Illustration', 'Game Design', 'Motion Graphics'"
Michell,Morsø,michellmorso,Atlanta,Georgia,United States,,Senior Creative Technologist,"'Animation', 'Programming', 'Game Design'"
Brendan,Hill,EvilHairDay,Whitstable,,United Kingdom,EvilHairDay,Illustrator,"'Cartooning', 'Illustration', 'Game Design'"
Vladimirs (Yoon),Jeberza,yoon,Daugavpils,,Latvia,Yoon,Freelance Designer,"'Branding', 'Graphic Design', 'Game Design'"
Mark,Tarrisse,marktarrisse,City,,Turkey,,,"'Game Design', 'Video Game Design', 'Illustration'"
Ryan,Moeck,ryanmoeck,Seattle,Washington,United States,Artefact,UX Design,"'Illustration', 'Painting', 'Game Design'"
Chadi,EL ZIBAOUI,elchouch,Annecy,,France,Ubisoft,Lead Level Designer,'Game Design'
J. Edwin,Stevens,Level20Artist,Syracuse,New York,United States,,Illustrator,"'Game Design', 'Illustration', 'Storytelling'"
Ognian,Bonev,obonev,Austin,Texas,United States,Certain Affinity,Sr Environment Artist,"'Digital Art', 'Illustration', 'Game Design'"
Sorin,Sorasan,sorinsorasan,Bucharest,,Romania,,Illustrator,"'Illustration', 'Advertising', 'Game Design'"
Jon,Sideriadis,jsideriadis,Rocky Hill,Connecticut,United States,Jon Sideriadis,"Illustrator, Author, Educator","'Illustration', 'Game Design', 'Storytelling'"
Dima Derzhavin,Ultrafruit,ultrafruit,Thong Sala,,Thailand,Ultra Fruit Organisation (UFO),,"'Illustration', 'Game Design', 'Digital Art'"
Isabelle,Lemay,isabellelemay,Los Angeles,California,United States,Sony Computer Entertainment America,Senior Environment Artist,"'Video Arts', 'Graphic Design', 'Game Design'"
Finn Meinert,Matthiesen,madmaximusfmm,Frankfurt am Main,,Germany,Crytek,Principal 3D Artist / Principal Environment Artist,"'Game Design', 'Digital Art', 'Art Direction'"
Noah,Bradley,noahbradley,City,,United States,,Freelance concept artist & illustrator,"'Illustration', 'Digital Art', 'Game Design'"
Aykut,Tanay,aykuttanay,Ankara,,Turkey,,UI designer | 2D visual artist | Illustrator ,"'Illustration', 'Game Design', 'UI/UX'"
Florian,Zenz,florianzenz,Berlin,,Germany,Point Blank Games,Concept Artist,"'Game Design', 'Digital Art', 'Illustration'"
Kumhee,Bu,kumheebu,Bucheon,,"Korea, Republic of",,,"'Character Design', 'Toy Design', 'Game Design'"
Mike,Ponomarenko,ponomarenkomike,Moscow,,Russian Federation,,Senior Artist,"'Digital Art', 'Illustration', 'Game Design'"
Chems ,Drouich,shamesarts,London,,United Kingdom,,creature artist,"'Sculpting', 'Game Design', 'Character Design'"
Eric,Sabee,sabee,Napa,California,United States,,Illustrator,"'Illustration', 'Character Design', 'Game Design'"
Delme,Rosser,Delme,London,,United Kingdom,,Designer,"'Character Design', 'Graphic Design', 'Game Design'"
zoran,tadic,zorantadic,Stara Pazova,,Serbia,simpledot,,"'Industrial Design', 'Game Design', 'Furniture Design'"
Victor,Mercieca,vexar,San Francisco,California,United States,Vexar Games,Veteran Game Developer,"'Game Design', 'Digital Art', 'Architecture'"
Jeff,Voeltner,JeffVoeltner,Atlanta,Georgia,United States,,"Illustration, Environment Design, Visual Development","'Game Design', 'Graphic Design', 'Illustration'"
Lidya,Willy,lidyawilly,Singapore City,,Singapore,,Game Artist,"'Game Design', 'Art Direction', 'UI/UX'"
Diego,Sato de Castro,diegosato,Bauru,,Brazil,,,"'Animation', 'Game Design', 'Illustration'"
Benjamin,Borowski,typeoneerror,Vancouver,British Columbia,Canada,Oki Doki Digital Inc.,Interactive Designer,"'Game Design', 'Design', 'Programming'"
Jakub,Kucera ,Fenris,Prague,,Czech Republic,,,"'Illustration', 'Game Design', 'Drawing'"
Sasha,Dovksha,clibre,Minsk,,Belarus,,,"'Illustration', 'Game Design', 'Character Design'"
Gal,Weizman,galweizman,Jerusalem,,Israel,,Illustrator & Visual designer,"'Character Design', 'Illustration', 'Game Design'"
Ricardo,Toureiro,toureiro,Oeiras,,Portugal,,,"'Game Design', 'Industrial Design', 'Product Design'"
Helana,Jansen,Helana,Mering,,Germany,Art & Design,Designer,"'Illustration', 'Character Design', 'Game Design'"
Tomasz,Wagel,temwu,Wrocław,,Poland,,,"'Illustration', 'Game Design', 'Culinary Arts'"
Vinicius,Rezende,vininh,Sao Paulo,,Brazil,,,"'Programming', 'Animation', 'Game Design'"
mi,,wearemi,City,,United Kingdom,mi,,"'Computer Animation', 'Animation', 'Game Design'"
Michelle,Bersani,MichelleBersani,Syracuse,New York,United States,Syracuse University,"Designer, Educator","'Graphic Design', 'Photography', 'Game Design'"
Sarah,Calvillo,smcalvillo,San Francisco,California,United States,Sarah Calvillo,"Freelance Product Designer, Lead Designer","'Animation', 'Web Design', 'Game Design'"
Ian,Norris,icstatic,Leamington Spa,,United Kingdom,,,"'Computer Animation', 'Game Design', 'DJing'"
Marketing Eco Energy,,grupoecoenergy,Medellin,,Colombia,Grupo Eco Energy,,"'Blogging', 'Marketing', 'Game Design'"
Thijs,Aarts,studiofank,Utrecht,,Netherlands,Studio FAnK,Creative Director,"'Animation', 'Illustration', 'Game Design'"
John,Cloutte,cluto,Colorado Springs,Colorado,United States,,Digital Artist,"'Game Design', 'Computer Animation', 'Drawing'"
Boris,Ignjatovic,borisignjatovic,Lund,,Sweden,,Technical Artist,"'Animation', 'Game Design', 'Film'"
Taha,Shahda,TahaShahda,Bangalore,,India,CosiGames,Art Head (Co-Founder),"'Game Design', 'Animation', 'Digital Art'"
Jomario,Murta,jamp3d,Belo Horizonte,,Brazil,Freelancer,"Multimedia Producer, Animator","'Computer Animation', 'Animation', 'Game Design'"
Emre,Pehlevan,emrepehlevan,Istanbul,,Turkey,Gripati Digital Entertainment,Creative Director / Co-founder at,"'Game Design', 'UI/UX', 'Graphic Design'"
Sergei,Ryzhov,sneak_behind_me,Moscow,,Russian Federation,,environment artist / illustrator,"'Game Design', 'Digital Art', 'Painting'"
Yuchi,Chin,yuchichin,Taipei,,Taiwan,Neobards,3D Character Artist,"'Character Design', 'Sculpting', 'Game Design'"
Sebastian,Strzalkowski,crowempires,San Diego,California,United States,,Franchise Art Director,"'UI/UX', 'Graphic Design', 'Game Design'"
