EMAILS,SITE STATUS
[],200
['acec@acecwi.com'],200
"['billing@adamselectric.coop', 'tbrecht@adamselectric.coop', 'bstalder@adamselectric.coop', 'mdewitt@adamselectric.coop', 'sfanning@adamselectric.coop', 'ldotson@adamselectric.coop', 'jthompson@adamselectric.coop', 'crossiter@adamselectric.coop', 'sjennings@adamselectric.coop', 'tneisen@adamselectric.coop', 'drhea@adamselectric.coop', 'lbergman@adamselectric.coop']",200
"['program.intake@usda.gov', 'nr@context']",200
[],200
[],200
[],200
"['communications@aecc.com', 'communications@ashley-chicot.com']",200
[],200
"['ap@banderaelectric.com', 'mas@banderaelectric.com', 'publicrelations@banderaelectric.com', 'k.biermann@banderaelectric.com']",200
['co-op@barcelectric.com'],200
"['customerservice@bartlettec.coop', 'u003ecustomerservice@bartlettec.coop']",200
"['customerservice@bartlettec.coop', 'u003ecustomerservice@bartlettec.coop']",200
[],200
['nr@context'],200
[],200
"['sarah.newman-altamirano@bluebonnet.coop', 'leslie.barrios@bluebonnet.coop', 'eric.kocian@bluebonnet.coop', 'will.holford@bluebonnet.coop', 'webservices@bluebonnet.coop', 'elizabeth.kana@bluebonnet.coop', 'barbara.seilheimer@bluebonnet.coop', 'rachel.ellis@bluebonnet.coop', 'Wesley.brinkmeyer@bluebonnet.coop', 'melissa.segrest@bluebonnet.coop', 'memberservices@bluebonnet.coop', 'grant.gutierrez@bluebonnet.coop', 'johnny.sanders@bluebonnet.coop', 'bluebonnet-logo_172x38@2x.png', 'jennifer.foery@bluebonnet.coop', 'general.manager@bluebonnet.coop']",200
[],200
[],403
['nr@context'],200
[],200
['klanehart@clelectric.com'],200
['nr@context'],200
['nr@context'],200
['nr@context'],200
"['info@cecpower.coop', 'nr@context']",200
['nr@context'],200
[],200
[],200
['custserv@coop.caec.com'],200
['custserv@coop.caec.com'],200
[],200
[],200
['nr@context'],200
"['editor@cenergy.coop', 'nr@context']",200
['nr@context'],200
['info@cceca.net'],200
['nr@context'],200
['nr@context'],200
[],403
['nr@context'],200
"['memberservices@ccecc.coop', 'billing@ccecc.coop']",200
[],200
[],200
[],200
['nr@context'],200
[],200
['nr@context'],200
['ccecainfo@cceca.com'],200
['Contact@CoServ.com'],200
[],200
[],200
[],200
"['dvec@dakotavalley.com', 'nr@context']",200
"['tim@dsec.org', 'nr@context']",200
['nr@context'],200
['nr@context'],200
[],200
[],503
['nr@context'],200
['nr@context'],200
"['communications@aecc.com', 'communications@farmersecc.com']",200
[],200
['nr@context'],200
"['tonya.sexton@fecc.coop', 'helpdesk@firstelectric.coop']",200
['nr@context'],200
['nr@context'],200
['nr@context'],200
[],200
[],403
[],200
[],200
"['powerplant@grenergy.com', 'tours@grenergy.com', 'Webmaster@GREnergy.com', 'landrights@GREnergy.com', 'engineering@usgweb.com', 'projects@grenergy.com']",200
[],200
[],200
[],200
['webmaster@hrea.coop'],200
['nr@context'],200
[],200
['nr@context'],200
['joemc@joemc.com'],200
"['nr@context', 'info@kiuc.coop']",200
['nr@context'],200
['nr@context'],200
['nr@context'],200
[],200
['nr@context'],200
['nr@context'],200
[],200
['minnkota@minnkota.com'],200
['coopwebbuilder@nreca.org'],200
"['safety@morgransou.com', 'nr@context']",200
['nr@context'],200
['nr@context'],200
[],200
[],403
['info@naeci.com'],200
[],200
['nr@context'],200
['nr@context'],200
['nr@context'],200
"['justask@nplains.com', 'nr@context']",200
[],200
['nr@context'],200
[],200
['customer.service@oremc.com'],200
"['new-mobile-logo@2x.png', 'logo-small@2x.png', 'icon-phone@2x.png', 'new-logo@2x.png', 'mobile-trigger@2x.png', 'feedback@odec.com']",200
['user.tokens@1dqfd7l'],200
"['customerservice@otecc.com', 'nr@context']",200
[],200
[],200
"['Careers@PRECO', 'nr@context']",200
[],403
['nr@context'],200
[],200
[],403
['customercare@pgemc.com'],200
[],403
[],200
[],200
"['keyaccounts@myrec.coop', 'office@myrec.coop']",200
[],200
[],200
['nr@context'],200
['info@roanokeelectric.com'],200
[],200
['communications@seminole-electric.com'],200
[],200
[],200
['nr@context'],200
"['sremc@sremc.com', 'nr@context']",200
[],200
['nr@context'],200
[],200
"['nr@context', 'screc@epix.net']",200
"['contact@secoenergy.com', 'customerservice@secoenergy.com']",406
"['adammartin@syemc.com', 'nr@context']",200
"['info@sussexrec.com', 'nr@context']",200
"['info@svec-coop.com', 'nr@context', 'svec-single-logo@2x.png']",200
[],403
['mailroom@tidelandemc.com'],200
[],200
[],200
[],200
[],200
['nr@context'],200
[],200
"['billing@valleyrec.com', 'records@valleyrec.com', 'memberservices@valleyrec.com', 'webmaster@valleyrec.com', 'nr@context', 'capitalcredits@valleyrec.com']",200
[],200
"['support@vermontelectric.coop', 'acohen@vermontelectric.coop', 'ddurivage@vermontelectric.coop', 'sbernier@vermontelectric.coop', 'dmachia@vermontelectric.coop', 'dcoan@vermontelectric.coop', 'slumbra@vermontelectric.coop', 'spacker@vermontelectric.coop']",200
['info@wvpa.com'],200
['nr@context'],200
[],200
[],200
[],200
[],200
[],200
